Workbook

Sheet Claude vs tools
A1: # | B1: Claude's concept | C1: Gemini extracted | D1: RAKE extracted | E1: YAKE extracted | F1: Group | G1: Short description (from the PDF) | H1: Tools that found it | I1: Found by | K1: Accepted tool phrase 1 | L1: Accepted tool phrase 2 | M1: Accepted tool phrase 3 | O1: Legend
A2: 1 | B2: Dynamic programming | C2: =IF(LEN(IF(K2="","",IFERROR(INDEX('Raw lists'!$A$2:$A$32,MATCH(K2,'Raw lists'!$A$2:$A$32,0))&" / ",""))&IF(L2="","",IFERROR(INDEX('Raw lists'!$A$2:$A$32,MATCH(L2,'Raw lists'!$A$2:$A$32,0))&" / ",""))&IF(M2="","",IFERROR(INDEX('Raw lists'!$A$2:$A$32,MATCH(M2,'Raw lists'!$A$2:$A$32,0))&" / ","")))=0,"",LEFT(IF(K2="","",IFERROR(INDEX('Raw lists'!$A$2:$A$32,MATCH(K2,'Raw lists'!$A$2:$A$32,0))&" / ",""))&IF(L2="","",IFERROR(INDEX('Raw lists'!$A$2:$A$32,MATCH(L2,'Raw lists'!$A$2:$A$32,0))&" / ",""))&IF(M2="","",IFERROR(INDEX('Raw lists'!$A$2:$A$32,MATCH(M2,'Raw lists'!$A$2:$A$32,0))&" / ","")),LEN(IF(K2="","",IFERROR(INDEX('Raw lists'!$A$2:$A$32,MATCH(K2,'Raw lists'!$A$2:$A$32,0))&" / ",""))&IF(L2="","",IFERROR(INDEX('Raw lists'!$A$2:$A$32,MATCH(L2,'Raw lists'!$A$2:$A$32,0))&" / ",""))&IF(M2="","",IFERROR(INDEX('Raw lists'!$A$2:$A$32,MATCH(M2,'Raw lists'!$A$2:$A$32,0))&" / ","")))-3)) | D2: =IF(LEN(IF(K2="","",IFERROR(INDEX('Raw lists'!$B$2:$B$29,MATCH(K2,'Raw lists'!$B$2:$B$29,0))&" / ",""))&IF(L2="","",IFERROR(INDEX('Raw lists'!$B$2:$B$29,MATCH(L2,'Raw lists'!$B$2:$B$29,0))&" / ",""))&IF(M2="","",IFERROR(INDEX('Raw lists'!$B$2:$B$29,MATCH(M2,'Raw lists'!$B$2:$B$29,0))&" / ","")))=0,"",LEFT(IF(K2="","",IFERROR(INDEX('Raw lists'!$B$2:$B$29,MATCH(K2,'Raw lists'!$B$2:$B$29,0))&" / ",""))&IF(L2="","",IFERROR(INDEX('Raw lists'!$B$2:$B$29,MATCH(L2,'Raw lists'!$B$2:$B$29,0))&" / ",""))&IF(M2="","",IFERROR(INDEX('Raw lists'!$B$2:$B$29,MATCH(M2,'Raw lists'!$B$2:$B$29,0))&" / ","")),LEN(IF(K2="","",IFERROR(INDEX('Raw lists'!$B$2:$B$29,MATCH(K2,'Raw lists'!$B$2:$B$29,0))&" / ",""))&IF(L2="","",IFERROR(INDEX('Raw lists'!$B$2:$B$29,MATCH(L2,'Raw lists'!$B$2:$B$29,0))&" / ",""))&IF(M2="","",IFERROR(INDEX('Raw lists'!$B$2:$B$29,MATCH(M2,'Raw lists'!$B$2:$B$29,0))&" / ","")))-3)) | E2: =IF(LEN(IF(K2="","",IFERROR(INDEX('Raw lists'!$C$2:$C$23,MATCH(K2,'Raw lists'!$C$2:$C$23,0))&" / ",""))&IF(L2="","",IFERROR(INDEX('Raw lists'!$C$2:$C$23,MATCH(L2,'Raw lists'!$C$2:$C$23,0))&" / ",""))&IF(M2="","",IFERROR(INDEX('Raw lists'!$C$2:$C$23,MATCH(M2,'Raw lists'!$C$2:$C$23,0))&" / ","")))=0,"",LEFT(IF(K2="","",IFERROR(INDEX('Raw lists'!$C$2:$C$23,MATCH(K2,'Raw lists'!$C$2:$C$23,0))&" / ",""))&IF(L2="","",IFERROR(INDEX('Raw lists'!$C$2:$C$23,MATCH(L2,'Raw lists'!$C$2:$C$23,0))&" / ",""))&IF(M2="","",IFERROR(INDEX('Raw lists'!$C$2:$C$23,MATCH(M2,'Raw lists'!$C$2:$C$23,0))&" / ","")),LEN(IF(K2="","",IFERROR(INDEX('Raw lists'!$C$2:$C$23,MATCH(K2,'Raw lists'!$C$2:$C$23,0))&" / ",""))&IF(L2="","",IFERROR(INDEX('Raw lists'!$C$2:$C$23,MATCH(L2,'Raw lists'!$C$2:$C$23,0))&" / ",""))&IF(M2="","",IFERROR(INDEX('Raw lists'!$C$2:$C$23,MATCH(M2,'Raw lists'!$C$2:$C$23,0))&" / ","")))-3)) -> Dynamic Programming / Dynamic Programming Steps | F2: Core | G2: Solve a problem through smaller subproblems, using the six SRT BOT steps. | H2: =COUNTIF(C2:E2,"?*") -> 1 | I2: =IF(H2=0,"None",IF(H2=3,"All three",IF(H2=1,"Only "&TRIM(IF(C2<>"","Gemini ","")&IF(D2<>"","RAKE ","")&IF(E2<>"","YAKE","")),SUBSTITUTE(TRIM(IF(C2<>"","Gemini ","")&IF(D2<>"","RAKE ","")&IF(E2<>"","YAKE",""))," "," + ")))) -> Only YAKE | K2: Dynamic Programming | L2: Dynamic Programming Steps | O2: Found by all three tools
A3: 2 | B3: SRT BOT | C3: =IF(LEN(IF(K3="","",IFERROR(INDEX('Raw lists'!$A$2:$A$32,MATCH(K3,'Raw lists'!$A$2:$A$32,0))&" / ",""))&IF(L3="","",IFERROR(INDEX('Raw lists'!$A$2:$A$32,MATCH(L3,'Raw lists'!$A$2:$A$32,0))&" / ",""))&IF(M3="","",IFERROR(INDEX('Raw lists'!$A$2:$A$32,MATCH(M3,'Raw lists'!$A$2:$A$32,0))&" / ","")))=0,"",LEFT(IF(K3="","",IFERROR(INDEX('Raw lists'!$A$2:$A$32,MATCH(K3,'Raw lists'!$A$2:$A$32,0))&" / ",""))&IF(L3="","",IFERROR(INDEX('Raw lists'!$A$2:$A$32,MATCH(L3,'Raw lists'!$A$2:$A$32,0))&" / ",""))&IF(M3="","",IFERROR(INDEX('Raw lists'!$A$2:$A$32,MATCH(M3,'Raw lists'!$A$2:$A$32,0))&" / ","")),LEN(IF(K3="","",IFERROR(INDEX('Raw lists'!$A$2:$A$32,MATCH(K3,'Raw lists'!$A$2:$A$32,0))&" / ",""))&IF(L3="","",IFERROR(INDEX('Raw lists'!$A$2:$A$32,MATCH(L3,'Raw lists'!$A$2:$A$32,0))&" / ",""))&IF(M3="","",IFERROR(INDEX('Raw lists'!$A$2:$A$32,MATCH(M3,'Raw lists'!$A$2:$A$32,0))&" / ","")))-3)) | D3: =IF(LEN(IF(K3="","",IFERROR(INDEX('Raw lists'!$B$2:$B$29,MATCH(K3,'Raw lists'!$B$2:$B$29,0))&" / ",""))&IF(L3="","",IFERROR(INDEX('Raw lists'!$B$2:$B$29,MATCH(L3,'Raw lists'!$B$2:$B$29,0))&" / ",""))&IF(M3="","",IFERROR(INDEX('Raw lists'!$B$2:$B$29,MATCH(M3,'Raw lists'!$B$2:$B$29,0))&" / ","")))=0,"",LEFT(IF(K3="","",IFERROR(INDEX('Raw lists'!$B$2:$B$29,MATCH(K3,'Raw lists'!$B$2:$B$29,0))&" / ",""))&IF(L3="","",IFERROR(INDEX('Raw lists'!$B$2:$B$29,MATCH(L3,'Raw lists'!$B$2:$B$29,0))&" / ",""))&IF(M3="","",IFERROR(INDEX('Raw lists'!$B$2:$B$29,MATCH(M3,'Raw lists'!$B$2:$B$29,0))&" / ","")),LEN(IF(K3="","",IFERROR(INDEX('Raw lists'!$B$2:$B$29,MATCH(K3,'Raw lists'!$B$2:$B$29,0))&" / ",""))&IF(L3="","",IFERROR(INDEX('Raw lists'!$B$2:$B$29,MATCH(L3,'Raw lists'!$B$2:$B$29,0))&" / ",""))&IF(M3="","",IFERROR(INDEX('Raw lists'!$B$2:$B$29,MATCH(M3,'Raw lists'!$B$2:$B$29,0))&" / ","")))-3)) | E3: =IF(LEN(IF(K3="","",IFERROR(INDEX('Raw lists'!$C$2:$C$23,MATCH(K3,'Raw lists'!$C$2:$C$23,0))&" / ",""))&IF(L3="","",IFERROR(INDEX('Raw lists'!$C$2:$C$23,MATCH(L3,'Raw lists'!$C$2:$C$23,0))&" / ",""))&IF(M3="","",IFERROR(INDEX('Raw lists'!$C$2:$C$23,MATCH(M3,'Raw lists'!$C$2:$C$23,0))&" / ","")))=0,"",LEFT(IF(K3="","",IFERROR(INDEX('Raw lists'!$C$2:$C$23,MATCH(K3,'Raw lists'!$C$2:$C$23,0))&" / ",""))&IF(L3="","",IFERROR(INDEX('Raw lists'!$C$2:$C$23,MATCH(L3,'Raw lists'!$C$2:$C$23,0))&" / ",""))&IF(M3="","",IFERROR(INDEX('Raw lists'!$C$2:$C$23,MATCH(M3,'Raw lists'!$C$2:$C$23,0))&" / ","")),LEN(IF(K3="","",IFERROR(INDEX('Raw lists'!$C$2:$C$23,MATCH(K3,'Raw lists'!$C$2:$C$23,0))&" / ",""))&IF(L3="","",IFERROR(INDEX('Raw lists'!$C$2:$C$23,MATCH(L3,'Raw lists'!$C$2:$C$23,0))&" / ",""))&IF(M3="","",IFERROR(INDEX('Raw lists'!$C$2:$C$23,MATCH(M3,'Raw lists'!$C$2:$C$23,0))&" / ","")))-3)) -> Srt Bot | F3: Core | G3: The lecture's six-step recipe: Subproblem, Relate, Topological order, Base cases, Original problem, Time. | H3: =COUNTIF(C3:E3,"?*") -> 1 | I3: =IF(H3=0,"None",IF(H3=3,"All three",IF(H3=1,"Only "&TRIM(IF(C3<>"","Gemini ","")&IF(D3<>"","RAKE ","")&IF(E3<>"","YAKE","")),SUBSTITUTE(TRIM(IF(C3<>"","Gemini ","")&IF(D3<>"","RAKE ","")&IF(E3<>"","YAKE",""))," "," + ")))) -> Only YAKE | K3: Srt Bot | O3: Found by two tools
A4: 3 | B4: Subproblem definition | C4: =IF(LEN(IF(K4="","",IFERROR(INDEX('Raw lists'!$A$2:$A$32,MATCH(K4,'Raw lists'!$A$2:$A$32,0))&" / ",""))&IF(L4="","",IFERROR(INDEX('Raw lists'!$A$2:$A$32,MATCH(L4,'Raw lists'!$A$2:$A$32,0))&" / ",""))&IF(M4="","",IFERROR(INDEX('Raw lists'!$A$2:$A$32,MATCH(M4,'Raw lists'!$A$2:$A$32,0))&" / ","")))=0,"",LEFT(IF(K4="","",IFERROR(INDEX('Raw lists'!$A$2:$A$32,MATCH(K4,'Raw lists'!$A$2:$A$32,0))&" / ",""))&IF(L4="","",IFERROR(INDEX('Raw lists'!$A$2:$A$32,MATCH(L4,'Raw lists'!$A$2:$A$32,0))&" / ",""))&IF(M4="","",IFERROR(INDEX('Raw lists'!$A$2:$A$32,MATCH(M4,'Raw lists'!$A$2:$A$32,0))&" / ","")),LEN(IF(K4="","",IFERROR(INDEX('Raw lists'!$A$2:$A$32,MATCH(K4,'Raw lists'!$A$2:$A$32,0))&" / ",""))&IF(L4="","",IFERROR(INDEX('Raw lists'!$A$2:$A$32,MATCH(L4,'Raw lists'!$A$2:$A$32,0))&" / ",""))&IF(M4="","",IFERROR(INDEX('Raw lists'!$A$2:$A$32,MATCH(M4,'Raw lists'!$A$2:$A$32,0))&" / ","")))-3)) | D4: =IF(LEN(IF(K4="","",IFERROR(INDEX('Raw lists'!$B$2:$B$29,MATCH(K4,'Raw lists'!$B$2:$B$29,0))&" / ",""))&IF(L4="","",IFERROR(INDEX('Raw lists'!$B$2:$B$29,MATCH(L4,'Raw lists'!$B$2:$B$29,0))&" / ",""))&IF(M4="","",IFERROR(INDEX('Raw lists'!$B$2:$B$29,MATCH(M4,'Raw lists'!$B$2:$B$29,0))&" / ","")))=0,"",LEFT(IF(K4="","",IFERROR(INDEX('Raw lists'!$B$2:$B$29,MATCH(K4,'Raw lists'!$B$2:$B$29,0))&" / ",""))&IF(L4="","",IFERROR(INDEX('Raw lists'!$B$2:$B$29,MATCH(L4,'Raw lists'!$B$2:$B$29,0))&" / ",""))&IF(M4="","",IFERROR(INDEX('Raw lists'!$B$2:$B$29,MATCH(M4,'Raw lists'!$B$2:$B$29,0))&" / ","")),LEN(IF(K4="","",IFERROR(INDEX('Raw lists'!$B$2:$B$29,MATCH(K4,'Raw lists'!$B$2:$B$29,0))&" / ",""))&IF(L4="","",IFERROR(INDEX('Raw lists'!$B$2:$B$29,MATCH(L4,'Raw lists'!$B$2:$B$29,0))&" / ",""))&IF(M4="","",IFERROR(INDEX('Raw lists'!$B$2:$B$29,MATCH(M4,'Raw lists'!$B$2:$B$29,0))&" / ","")))-3)) -> Subproblem / Subproblems | E4: =IF(LEN(IF(K4="","",IFERROR(INDEX('Raw lists'!$C$2:$C$23,MATCH(K4,'Raw lists'!$C$2:$C$23,0))&" / ",""))&IF(L4="","",IFERROR(INDEX('Raw lists'!$C$2:$C$23,MATCH(L4,'Raw lists'!$C$2:$C$23,0))&" / ",""))&IF(M4="","",IFERROR(INDEX('Raw lists'!$C$2:$C$23,MATCH(M4,'Raw lists'!$C$2:$C$23,0))&" / ","")))=0,"",LEFT(IF(K4="","",IFERROR(INDEX('Raw lists'!$C$2:$C$23,MATCH(K4,'Raw lists'!$C$2:$C$23,0))&" / ",""))&IF(L4="","",IFERROR(INDEX('Raw lists'!$C$2:$C$23,MATCH(L4,'Raw lists'!$C$2:$C$23,0))&" / ",""))&IF(M4="","",IFERROR(INDEX('Raw lists'!$C$2:$C$23,MATCH(M4,'Raw lists'!$C$2:$C$23,0))&" / ","")),LEN(IF(K4="","",IFERROR(INDEX('Raw lists'!$C$2:$C$23,MATCH(K4,'Raw lists'!$C$2:$C$23,0))&" / ",""))&IF(L4="","",IFERROR(INDEX('Raw lists'!$C$2:$C$23,MATCH(L4,'Raw lists'!$C$2:$C$23,0))&" / ",""))&IF(M4="","",IFERROR(INDEX('Raw lists'!$C$2:$C$23,MATCH(M4,'Raw lists'!$C$2:$C$23,0))&" / ","")))-3)) -> Subproblem / Subproblems | F4: Core | G4: Describe in words what a subproblem means, in terms of its parameters. | H4: =COUNTIF(C4:E4,"?*") -> 2 | I4: =IF(H4=0,"None",IF(H4=3,"All three",IF(H4=1,"Only "&TRIM(IF(C4<>"","Gemini ","")&IF(D4<>"","RAKE ","")&IF(E4<>"","YAKE","")),SUBSTITUTE(TRIM(IF(C4<>"","Gemini ","")&IF(D4<>"","RAKE ","")&IF(E4<>"","YAKE",""))," "," + ")))) -> RAKE + YAKE | K4: Subproblem | L4: Subproblems | O4: Found by none of the tools
A5: 4 | B5: Relate (recurrence relation) | C5: =IF(LEN(IF(K5="","",IFERROR(INDEX('Raw lists'!$A$2:$A$32,MATCH(K5,'Raw lists'!$A$2:$A$32,0))&" / ",""))&IF(L5="","",IFERROR(INDEX('Raw lists'!$A$2:$A$32,MATCH(L5,'Raw lists'!$A$2:$A$32,0))&" / ",""))&IF(M5="","",IFERROR(INDEX('Raw lists'!$A$2:$A$32,MATCH(M5,'Raw lists'!$A$2:$A$32,0))&" / ","")))=0,"",LEFT(IF(K5="","",IFERROR(INDEX('Raw lists'!$A$2:$A$32,MATCH(K5,'Raw lists'!$A$2:$A$32,0))&" / ",""))&IF(L5="","",IFERROR(INDEX('Raw lists'!$A$2:$A$32,MATCH(L5,'Raw lists'!$A$2:$A$32,0))&" / ",""))&IF(M5="","",IFERROR(INDEX('Raw lists'!$A$2:$A$32,MATCH(M5,'Raw lists'!$A$2:$A$32,0))&" / ","")),LEN(IF(K5="","",IFERROR(INDEX('Raw lists'!$A$2:$A$32,MATCH(K5,'Raw lists'!$A$2:$A$32,0))&" / ",""))&IF(L5="","",IFERROR(INDEX('Raw lists'!$A$2:$A$32,MATCH(L5,'Raw lists'!$A$2:$A$32,0))&" / ",""))&IF(M5="","",IFERROR(INDEX('Raw lists'!$A$2:$A$32,MATCH(M5,'Raw lists'!$A$2:$A$32,0))&" / ","")))-3)) | D5: =IF(LEN(IF(K5="","",IFERROR(INDEX('Raw lists'!$B$2:$B$29,MATCH(K5,'Raw lists'!$B$2:$B$29,0))&" / ",""))&IF(L5="","",IFERROR(INDEX('Raw lists'!$B$2:$B$29,MATCH(L5,'Raw lists'!$B$2:$B$29,0))&" / ",""))&IF(M5="","",IFERROR(INDEX('Raw lists'!$B$2:$B$29,MATCH(M5,'Raw lists'!$B$2:$B$29,0))&" / ","")))=0,"",LEFT(IF(K5="","",IFERROR(INDEX('Raw lists'!$B$2:$B$29,MATCH(K5,'Raw lists'!$B$2:$B$29,0))&" / ",""))&IF(L5="","",IFERROR(INDEX('Raw lists'!$B$2:$B$29,MATCH(L5,'Raw lists'!$B$2:$B$29,0))&" / ",""))&IF(M5="","",IFERROR(INDEX('Raw lists'!$B$2:$B$29,MATCH(M5,'Raw lists'!$B$2:$B$29,0))&" / ","")),LEN(IF(K5="","",IFERROR(INDEX('Raw lists'!$B$2:$B$29,MATCH(K5,'Raw lists'!$B$2:$B$29,0))&" / ",""))&IF(L5="","",IFERROR(INDEX('Raw lists'!$B$2:$B$29,MATCH(L5,'Raw lists'!$B$2:$B$29,0))&" / ",""))&IF(M5="","",IFERROR(INDEX('Raw lists'!$B$2:$B$29,MATCH(M5,'Raw lists'!$B$2:$B$29,0))&" / ","")))-3)) -> Relate / Relation | E5: =IF(LEN(IF(K5="","",IFERROR(INDEX('Raw lists'!$C$2:$C$23,MATCH(K5,'Raw lists'!$C$2:$C$23,0))&" / ",""))&IF(L5="","",IFERROR(INDEX('Raw lists'!$C$2:$C$23,MATCH(L5,'Raw lists'!$C$2:$C$23,0))&" / ",""))&IF(M5="","",IFERROR(INDEX('Raw lists'!$C$2:$C$23,MATCH(M5,'Raw lists'!$C$2:$C$23,0))&" / ","")))=0,"",LEFT(IF(K5="","",IFERROR(INDEX('Raw lists'!$C$2:$C$23,MATCH(K5,'Raw lists'!$C$2:$C$23,0))&" / ",""))&IF(L5="","",IFERROR(INDEX('Raw lists'!$C$2:$C$23,MATCH(L5,'Raw lists'!$C$2:$C$23,0))&" / ",""))&IF(M5="","",IFERROR(INDEX('Raw lists'!$C$2:$C$23,MATCH(M5,'Raw lists'!$C$2:$C$23,0))&" / ","")),LEN(IF(K5="","",IFERROR(INDEX('Raw lists'!$C$2:$C$23,MATCH(K5,'Raw lists'!$C$2:$C$23,0))&" / ",""))&IF(L5="","",IFERROR(INDEX('Raw lists'!$C$2:$C$23,MATCH(L5,'Raw lists'!$C$2:$C$23,0))&" / ",""))&IF(M5="","",IFERROR(INDEX('Raw lists'!$C$2:$C$23,MATCH(M5,'Raw lists'!$C$2:$C$23,0))&" / ","")))-3)) | F5: Core | G5: Express a subproblem's solution using solutions of smaller subproblems. | H5: =COUNTIF(C5:E5,"?*") -> 1 | I5: =IF(H5=0,"None",IF(H5=3,"All three",IF(H5=1,"Only "&TRIM(IF(C5<>"","Gemini ","")&IF(D5<>"","RAKE ","")&IF(E5<>"","YAKE","")),SUBSTITUTE(TRIM(IF(C5<>"","Gemini ","")&IF(D5<>"","RAKE ","")&IF(E5<>"","YAKE",""))," "," + ")))) -> Only RAKE | K5: Relate | L5: Relation | O5: Extracted by tools, not in Claude's list
A6: 5 | B6: Guessing (locally brute-force) | C6: =IF(LEN(IF(K6="","",IFERROR(INDEX('Raw lists'!$A$2:$A$32,MATCH(K6,'Raw lists'!$A$2:$A$32,0))&" / ",""))&IF(L6="","",IFERROR(INDEX('Raw lists'!$A$2:$A$32,MATCH(L6,'Raw lists'!$A$2:$A$32,0))&" / ",""))&IF(M6="","",IFERROR(INDEX('Raw lists'!$A$2:$A$32,MATCH(M6,'Raw lists'!$A$2:$A$32,0))&" / ","")))=0,"",LEFT(IF(K6="","",IFERROR(INDEX('Raw lists'!$A$2:$A$32,MATCH(K6,'Raw lists'!$A$2:$A$32,0))&" / ",""))&IF(L6="","",IFERROR(INDEX('Raw lists'!$A$2:$A$32,MATCH(L6,'Raw lists'!$A$2:$A$32,0))&" / ",""))&IF(M6="","",IFERROR(INDEX('Raw lists'!$A$2:$A$32,MATCH(M6,'Raw lists'!$A$2:$A$32,0))&" / ","")),LEN(IF(K6="","",IFERROR(INDEX('Raw lists'!$A$2:$A$32,MATCH(K6,'Raw lists'!$A$2:$A$32,0))&" / ",""))&IF(L6="","",IFERROR(INDEX('Raw lists'!$A$2:$A$32,MATCH(L6,'Raw lists'!$A$2:$A$32,0))&" / ",""))&IF(M6="","",IFERROR(INDEX('Raw lists'!$A$2:$A$32,MATCH(M6,'Raw lists'!$A$2:$A$32,0))&" / ","")))-3)) | D6: =IF(LEN(IF(K6="","",IFERROR(INDEX('Raw lists'!$B$2:$B$29,MATCH(K6,'Raw lists'!$B$2:$B$29,0))&" / ",""))&IF(L6="","",IFERROR(INDEX('Raw lists'!$B$2:$B$29,MATCH(L6,'Raw lists'!$B$2:$B$29,0))&" / ",""))&IF(M6="","",IFERROR(INDEX('Raw lists'!$B$2:$B$29,MATCH(M6,'Raw lists'!$B$2:$B$29,0))&" / ","")))=0,"",LEFT(IF(K6="","",IFERROR(INDEX('Raw lists'!$B$2:$B$29,MATCH(K6,'Raw lists'!$B$2:$B$29,0))&" / ",""))&IF(L6="","",IFERROR(INDEX('Raw lists'!$B$2:$B$29,MATCH(L6,'Raw lists'!$B$2:$B$29,0))&" / ",""))&IF(M6="","",IFERROR(INDEX('Raw lists'!$B$2:$B$29,MATCH(M6,'Raw lists'!$B$2:$B$29,0))&" / ","")),LEN(IF(K6="","",IFERROR(INDEX('Raw lists'!$B$2:$B$29,MATCH(K6,'Raw lists'!$B$2:$B$29,0))&" / ",""))&IF(L6="","",IFERROR(INDEX('Raw lists'!$B$2:$B$29,MATCH(L6,'Raw lists'!$B$2:$B$29,0))&" / ",""))&IF(M6="","",IFERROR(INDEX('Raw lists'!$B$2:$B$29,MATCH(M6,'Raw lists'!$B$2:$B$29,0))&" / ","")))-3)) | E6: =IF(LEN(IF(K6="","",IFERROR(INDEX('Raw lists'!$C$2:$C$23,MATCH(K6,'Raw lists'!$C$2:$C$23,0))&" / ",""))&IF(L6="","",IFERROR(INDEX('Raw lists'!$C$2:$C$23,MATCH(L6,'Raw lists'!$C$2:$C$23,0))&" / ",""))&IF(M6="","",IFERROR(INDEX('Raw lists'!$C$2:$C$23,MATCH(M6,'Raw lists'!$C$2:$C$23,0))&" / ","")))=0,"",LEFT(IF(K6="","",IFERROR(INDEX('Raw lists'!$C$2:$C$23,MATCH(K6,'Raw lists'!$C$2:$C$23,0))&" / ",""))&IF(L6="","",IFERROR(INDEX('Raw lists'!$C$2:$C$23,MATCH(L6,'Raw lists'!$C$2:$C$23,0))&" / ",""))&IF(M6="","",IFERROR(INDEX('Raw lists'!$C$2:$C$23,MATCH(M6,'Raw lists'!$C$2:$C$23,0))&" / ","")),LEN(IF(K6="","",IFERROR(INDEX('Raw lists'!$C$2:$C$23,MATCH(K6,'Raw lists'!$C$2:$C$23,0))&" / ",""))&IF(L6="","",IFERROR(INDEX('Raw lists'!$C$2:$C$23,MATCH(L6,'Raw lists'!$C$2:$C$23,0))&" / ",""))&IF(M6="","",IFERROR(INDEX('Raw lists'!$C$2:$C$23,MATCH(M6,'Raw lists'!$C$2:$C$23,0))&" / ","")))-3)) | F6: Core | G6: Try all possible answers to a question that would reduce the subproblem. | H6: =COUNTIF(C6:E6,"?*") -> 0 | I6: =IF(H6=0,"None",IF(H6=3,"All three",IF(H6=1,"Only "&TRIM(IF(C6<>"","Gemini ","")&IF(D6<>"","RAKE ","")&IF(E6<>"","YAKE","")),SUBSTITUTE(TRIM(IF(C6<>"","Gemini ","")&IF(D6<>"","RAKE ","")&IF(E6<>"","YAKE",""))," "," + ")))) -> None | K6: Guess | L6: Guessing | O6: Dark green cells show the phrase each tool extracted for that concept.
A7: 6 | B7: Topological order | C7: =IF(LEN(IF(K7="","",IFERROR(INDEX('Raw lists'!$A$2:$A$32,MATCH(K7,'Raw lists'!$A$2:$A$32,0))&" / ",""))&IF(L7="","",IFERROR(INDEX('Raw lists'!$A$2:$A$32,MATCH(L7,'Raw lists'!$A$2:$A$32,0))&" / ",""))&IF(M7="","",IFERROR(INDEX('Raw lists'!$A$2:$A$32,MATCH(M7,'Raw lists'!$A$2:$A$32,0))&" / ","")))=0,"",LEFT(IF(K7="","",IFERROR(INDEX('Raw lists'!$A$2:$A$32,MATCH(K7,'Raw lists'!$A$2:$A$32,0))&" / ",""))&IF(L7="","",IFERROR(INDEX('Raw lists'!$A$2:$A$32,MATCH(L7,'Raw lists'!$A$2:$A$32,0))&" / ",""))&IF(M7="","",IFERROR(INDEX('Raw lists'!$A$2:$A$32,MATCH(M7,'Raw lists'!$A$2:$A$32,0))&" / ","")),LEN(IF(K7="","",IFERROR(INDEX('Raw lists'!$A$2:$A$32,MATCH(K7,'Raw lists'!$A$2:$A$32,0))&" / ",""))&IF(L7="","",IFERROR(INDEX('Raw lists'!$A$2:$A$32,MATCH(L7,'Raw lists'!$A$2:$A$32,0))&" / ",""))&IF(M7="","",IFERROR(INDEX('Raw lists'!$A$2:$A$32,MATCH(M7,'Raw lists'!$A$2:$A$32,0))&" / ","")))-3)) | D7: =IF(LEN(IF(K7="","",IFERROR(INDEX('Raw lists'!$B$2:$B$29,MATCH(K7,'Raw lists'!$B$2:$B$29,0))&" / ",""))&IF(L7="","",IFERROR(INDEX('Raw lists'!$B$2:$B$29,MATCH(L7,'Raw lists'!$B$2:$B$29,0))&" / ",""))&IF(M7="","",IFERROR(INDEX('Raw lists'!$B$2:$B$29,MATCH(M7,'Raw lists'!$B$2:$B$29,0))&" / ","")))=0,"",LEFT(IF(K7="","",IFERROR(INDEX('Raw lists'!$B$2:$B$29,MATCH(K7,'Raw lists'!$B$2:$B$29,0))&" / ",""))&IF(L7="","",IFERROR(INDEX('Raw lists'!$B$2:$B$29,MATCH(L7,'Raw lists'!$B$2:$B$29,0))&" / ",""))&IF(M7="","",IFERROR(INDEX('Raw lists'!$B$2:$B$29,MATCH(M7,'Raw lists'!$B$2:$B$29,0))&" / ","")),LEN(IF(K7="","",IFERROR(INDEX('Raw lists'!$B$2:$B$29,MATCH(K7,'Raw lists'!$B$2:$B$29,0))&" / ",""))&IF(L7="","",IFERROR(INDEX('Raw lists'!$B$2:$B$29,MATCH(L7,'Raw lists'!$B$2:$B$29,0))&" / ",""))&IF(M7="","",IFERROR(INDEX('Raw lists'!$B$2:$B$29,MATCH(M7,'Raw lists'!$B$2:$B$29,0))&" / ","")))-3)) | E7: =IF(LEN(IF(K7="","",IFERROR(INDEX('Raw lists'!$C$2:$C$23,MATCH(K7,'Raw lists'!$C$2:$C$23,0))&" / ",""))&IF(L7="","",IFERROR(INDEX('Raw lists'!$C$2:$C$23,MATCH(L7,'Raw lists'!$C$2:$C$23,0))&" / ",""))&IF(M7="","",IFERROR(INDEX('Raw lists'!$C$2:$C$23,MATCH(M7,'Raw lists'!$C$2:$C$23,0))&" / ","")))=0,"",LEFT(IF(K7="","",IFERROR(INDEX('Raw lists'!$C$2:$C$23,MATCH(K7,'Raw lists'!$C$2:$C$23,0))&" / ",""))&IF(L7="","",IFERROR(INDEX('Raw lists'!$C$2:$C$23,MATCH(L7,'Raw lists'!$C$2:$C$23,0))&" / ",""))&IF(M7="","",IFERROR(INDEX('Raw lists'!$C$2:$C$23,MATCH(M7,'Raw lists'!$C$2:$C$23,0))&" / ","")),LEN(IF(K7="","",IFERROR(INDEX('Raw lists'!$C$2:$C$23,MATCH(K7,'Raw lists'!$C$2:$C$23,0))&" / ",""))&IF(L7="","",IFERROR(INDEX('Raw lists'!$C$2:$C$23,MATCH(L7,'Raw lists'!$C$2:$C$23,0))&" / ",""))&IF(M7="","",IFERROR(INDEX('Raw lists'!$C$2:$C$23,MATCH(M7,'Raw lists'!$C$2:$C$23,0))&" / ","")))-3)) | F7: Core | G7: An order of the subproblems that shows the relation is acyclic. | H7: =COUNTIF(C7:E7,"?*") -> 0 | I7: =IF(H7=0,"None",IF(H7=3,"All three",IF(H7=1,"Only "&TRIM(IF(C7<>"","Gemini ","")&IF(D7<>"","RAKE ","")&IF(E7<>"","YAKE","")),SUBSTITUTE(TRIM(IF(C7<>"","Gemini ","")&IF(D7<>"","RAKE ","")&IF(E7<>"","YAKE",""))," "," + ")))) -> None | K7: Topological Order
A8: 7 | B8: Subproblem DAG (dependency graph) | C8: =IF(LEN(IF(K8="","",IFERROR(INDEX('Raw lists'!$A$2:$A$32,MATCH(K8,'Raw lists'!$A$2:$A$32,0))&" / ",""))&IF(L8="","",IFERROR(INDEX('Raw lists'!$A$2:$A$32,MATCH(L8,'Raw lists'!$A$2:$A$32,0))&" / ",""))&IF(M8="","",IFERROR(INDEX('Raw lists'!$A$2:$A$32,MATCH(M8,'Raw lists'!$A$2:$A$32,0))&" / ","")))=0,"",LEFT(IF(K8="","",IFERROR(INDEX('Raw lists'!$A$2:$A$32,MATCH(K8,'Raw lists'!$A$2:$A$32,0))&" / ",""))&IF(L8="","",IFERROR(INDEX('Raw lists'!$A$2:$A$32,MATCH(L8,'Raw lists'!$A$2:$A$32,0))&" / ",""))&IF(M8="","",IFERROR(INDEX('Raw lists'!$A$2:$A$32,MATCH(M8,'Raw lists'!$A$2:$A$32,0))&" / ","")),LEN(IF(K8="","",IFERROR(INDEX('Raw lists'!$A$2:$A$32,MATCH(K8,'Raw lists'!$A$2:$A$32,0))&" / ",""))&IF(L8="","",IFERROR(INDEX('Raw lists'!$A$2:$A$32,MATCH(L8,'Raw lists'!$A$2:$A$32,0))&" / ",""))&IF(M8="","",IFERROR(INDEX('Raw lists'!$A$2:$A$32,MATCH(M8,'Raw lists'!$A$2:$A$32,0))&" / ","")))-3)) | D8: =IF(LEN(IF(K8="","",IFERROR(INDEX('Raw lists'!$B$2:$B$29,MATCH(K8,'Raw lists'!$B$2:$B$29,0))&" / ",""))&IF(L8="","",IFERROR(INDEX('Raw lists'!$B$2:$B$29,MATCH(L8,'Raw lists'!$B$2:$B$29,0))&" / ",""))&IF(M8="","",IFERROR(INDEX('Raw lists'!$B$2:$B$29,MATCH(M8,'Raw lists'!$B$2:$B$29,0))&" / ","")))=0,"",LEFT(IF(K8="","",IFERROR(INDEX('Raw lists'!$B$2:$B$29,MATCH(K8,'Raw lists'!$B$2:$B$29,0))&" / ",""))&IF(L8="","",IFERROR(INDEX('Raw lists'!$B$2:$B$29,MATCH(L8,'Raw lists'!$B$2:$B$29,0))&" / ",""))&IF(M8="","",IFERROR(INDEX('Raw lists'!$B$2:$B$29,MATCH(M8,'Raw lists'!$B$2:$B$29,0))&" / ","")),LEN(IF(K8="","",IFERROR(INDEX('Raw lists'!$B$2:$B$29,MATCH(K8,'Raw lists'!$B$2:$B$29,0))&" / ",""))&IF(L8="","",IFERROR(INDEX('Raw lists'!$B$2:$B$29,MATCH(L8,'Raw lists'!$B$2:$B$29,0))&" / ",""))&IF(M8="","",IFERROR(INDEX('Raw lists'!$B$2:$B$29,MATCH(M8,'Raw lists'!$B$2:$B$29,0))&" / ","")))-3)) | E8: =IF(LEN(IF(K8="","",IFERROR(INDEX('Raw lists'!$C$2:$C$23,MATCH(K8,'Raw lists'!$C$2:$C$23,0))&" / ",""))&IF(L8="","",IFERROR(INDEX('Raw lists'!$C$2:$C$23,MATCH(L8,'Raw lists'!$C$2:$C$23,0))&" / ",""))&IF(M8="","",IFERROR(INDEX('Raw lists'!$C$2:$C$23,MATCH(M8,'Raw lists'!$C$2:$C$23,0))&" / ","")))=0,"",LEFT(IF(K8="","",IFERROR(INDEX('Raw lists'!$C$2:$C$23,MATCH(K8,'Raw lists'!$C$2:$C$23,0))&" / ",""))&IF(L8="","",IFERROR(INDEX('Raw lists'!$C$2:$C$23,MATCH(L8,'Raw lists'!$C$2:$C$23,0))&" / ",""))&IF(M8="","",IFERROR(INDEX('Raw lists'!$C$2:$C$23,MATCH(M8,'Raw lists'!$C$2:$C$23,0))&" / ","")),LEN(IF(K8="","",IFERROR(INDEX('Raw lists'!$C$2:$C$23,MATCH(K8,'Raw lists'!$C$2:$C$23,0))&" / ",""))&IF(L8="","",IFERROR(INDEX('Raw lists'!$C$2:$C$23,MATCH(L8,'Raw lists'!$C$2:$C$23,0))&" / ",""))&IF(M8="","",IFERROR(INDEX('Raw lists'!$C$2:$C$23,MATCH(M8,'Raw lists'!$C$2:$C$23,0))&" / ","")))-3)) | F8: Core | G8: Subproblems as nodes and dependencies as edges; it must have no cycles. | H8: =COUNTIF(C8:E8,"?*") -> 0 | I8: =IF(H8=0,"None",IF(H8=3,"All three",IF(H8=1,"Only "&TRIM(IF(C8<>"","Gemini ","")&IF(D8<>"","RAKE ","")&IF(E8<>"","YAKE","")),SUBSTITUTE(TRIM(IF(C8<>"","Gemini ","")&IF(D8<>"","RAKE ","")&IF(E8<>"","YAKE",""))," "," + ")))) -> None | K8: Dependency Graph | L8: Subproblem DAG | O8: Rows 2 to 48 are Claude's concepts. The grey rows below them list every other item from the three text files. Columns K to M (grey headers) hold the tool phrases that count as a match; edit them and the green cells update.
A9: 8 | B9: Base cases | C9: =IF(LEN(IF(K9="","",IFERROR(INDEX('Raw lists'!$A$2:$A$32,MATCH(K9,'Raw lists'!$A$2:$A$32,0))&" / ",""))&IF(L9="","",IFERROR(INDEX('Raw lists'!$A$2:$A$32,MATCH(L9,'Raw lists'!$A$2:$A$32,0))&" / ",""))&IF(M9="","",IFERROR(INDEX('Raw lists'!$A$2:$A$32,MATCH(M9,'Raw lists'!$A$2:$A$32,0))&" / ","")))=0,"",LEFT(IF(K9="","",IFERROR(INDEX('Raw lists'!$A$2:$A$32,MATCH(K9,'Raw lists'!$A$2:$A$32,0))&" / ",""))&IF(L9="","",IFERROR(INDEX('Raw lists'!$A$2:$A$32,MATCH(L9,'Raw lists'!$A$2:$A$32,0))&" / ",""))&IF(M9="","",IFERROR(INDEX('Raw lists'!$A$2:$A$32,MATCH(M9,'Raw lists'!$A$2:$A$32,0))&" / ","")),LEN(IF(K9="","",IFERROR(INDEX('Raw lists'!$A$2:$A$32,MATCH(K9,'Raw lists'!$A$2:$A$32,0))&" / ",""))&IF(L9="","",IFERROR(INDEX('Raw lists'!$A$2:$A$32,MATCH(L9,'Raw lists'!$A$2:$A$32,0))&" / ",""))&IF(M9="","",IFERROR(INDEX('Raw lists'!$A$2:$A$32,MATCH(M9,'Raw lists'!$A$2:$A$32,0))&" / ","")))-3)) -> Base Case | D9: =IF(LEN(IF(K9="","",IFERROR(INDEX('Raw lists'!$B$2:$B$29,MATCH(K9,'Raw lists'!$B$2:$B$29,0))&" / ",""))&IF(L9="","",IFERROR(INDEX('Raw lists'!$B$2:$B$29,MATCH(L9,'Raw lists'!$B$2:$B$29,0))&" / ",""))&IF(M9="","",IFERROR(INDEX('Raw lists'!$B$2:$B$29,MATCH(M9,'Raw lists'!$B$2:$B$29,0))&" / ","")))=0,"",LEFT(IF(K9="","",IFERROR(INDEX('Raw lists'!$B$2:$B$29,MATCH(K9,'Raw lists'!$B$2:$B$29,0))&" / ",""))&IF(L9="","",IFERROR(INDEX('Raw lists'!$B$2:$B$29,MATCH(L9,'Raw lists'!$B$2:$B$29,0))&" / ",""))&IF(M9="","",IFERROR(INDEX('Raw lists'!$B$2:$B$29,MATCH(M9,'Raw lists'!$B$2:$B$29,0))&" / ","")),LEN(IF(K9="","",IFERROR(INDEX('Raw lists'!$B$2:$B$29,MATCH(K9,'Raw lists'!$B$2:$B$29,0))&" / ",""))&IF(L9="","",IFERROR(INDEX('Raw lists'!$B$2:$B$29,MATCH(L9,'Raw lists'!$B$2:$B$29,0))&" / ",""))&IF(M9="","",IFERROR(INDEX('Raw lists'!$B$2:$B$29,MATCH(M9,'Raw lists'!$B$2:$B$29,0))&" / ","")))-3)) | E9: =IF(LEN(IF(K9="","",IFERROR(INDEX('Raw lists'!$C$2:$C$23,MATCH(K9,'Raw lists'!$C$2:$C$23,0))&" / ",""))&IF(L9="","",IFERROR(INDEX('Raw lists'!$C$2:$C$23,MATCH(L9,'Raw lists'!$C$2:$C$23,0))&" / ",""))&IF(M9="","",IFERROR(INDEX('Raw lists'!$C$2:$C$23,MATCH(M9,'Raw lists'!$C$2:$C$23,0))&" / ","")))=0,"",LEFT(IF(K9="","",IFERROR(INDEX('Raw lists'!$C$2:$C$23,MATCH(K9,'Raw lists'!$C$2:$C$23,0))&" / ",""))&IF(L9="","",IFERROR(INDEX('Raw lists'!$C$2:$C$23,MATCH(L9,'Raw lists'!$C$2:$C$23,0))&" / ",""))&IF(M9="","",IFERROR(INDEX('Raw lists'!$C$2:$C$23,MATCH(M9,'Raw lists'!$C$2:$C$23,0))&" / ","")),LEN(IF(K9="","",IFERROR(INDEX('Raw lists'!$C$2:$C$23,MATCH(K9,'Raw lists'!$C$2:$C$23,0))&" / ",""))&IF(L9="","",IFERROR(INDEX('Raw lists'!$C$2:$C$23,MATCH(L9,'Raw lists'!$C$2:$C$23,0))&" / ",""))&IF(M9="","",IFERROR(INDEX('Raw lists'!$C$2:$C$23,MATCH(M9,'Raw lists'!$C$2:$C$23,0))&" / ","")))-3)) | F9: Core | G9: Solutions to independent subproblems where the relation breaks down. | H9: =COUNTIF(C9:E9,"?*") -> 1 | I9: =IF(H9=0,"None",IF(H9=3,"All three",IF(H9=1,"Only "&TRIM(IF(C9<>"","Gemini ","")&IF(D9<>"","RAKE ","")&IF(E9<>"","YAKE","")),SUBSTITUTE(TRIM(IF(C9<>"","Gemini ","")&IF(D9<>"","RAKE ","")&IF(E9<>"","YAKE",""))," "," + ")))) -> Only Gemini | K9: Base Case | L9: Base Cases
A10: 9 | B10: Original problem | C10: =IF(LEN(IF(K10="","",IFERROR(INDEX('Raw lists'!$A$2:$A$32,MATCH(K10,'Raw lists'!$A$2:$A$32,0))&" / ",""))&IF(L10="","",IFERROR(INDEX('Raw lists'!$A$2:$A$32,MATCH(L10,'Raw lists'!$A$2:$A$32,0))&" / ",""))&IF(M10="","",IFERROR(INDEX('Raw lists'!$A$2:$A$32,MATCH(M10,'Raw lists'!$A$2:$A$32,0))&" / ","")))=0,"",LEFT(IF(K10="","",IFERROR(INDEX('Raw lists'!$A$2:$A$32,MATCH(K10,'Raw lists'!$A$2:$A$32,0))&" / ",""))&IF(L10="","",IFERROR(INDEX('Raw lists'!$A$2:$A$32,MATCH(L10,'Raw lists'!$A$2:$A$32,0))&" / ",""))&IF(M10="","",IFERROR(INDEX('Raw lists'!$A$2:$A$32,MATCH(M10,'Raw lists'!$A$2:$A$32,0))&" / ","")),LEN(IF(K10="","",IFERROR(INDEX('Raw lists'!$A$2:$A$32,MATCH(K10,'Raw lists'!$A$2:$A$32,0))&" / ",""))&IF(L10="","",IFERROR(INDEX('Raw lists'!$A$2:$A$32,MATCH(L10,'Raw lists'!$A$2:$A$32,0))&" / ",""))&IF(M10="","",IFERROR(INDEX('Raw lists'!$A$2:$A$32,MATCH(M10,'Raw lists'!$A$2:$A$32,0))&" / ","")))-3)) | D10: =IF(LEN(IF(K10="","",IFERROR(INDEX('Raw lists'!$B$2:$B$29,MATCH(K10,'Raw lists'!$B$2:$B$29,0))&" / ",""))&IF(L10="","",IFERROR(INDEX('Raw lists'!$B$2:$B$29,MATCH(L10,'Raw lists'!$B$2:$B$29,0))&" / ",""))&IF(M10="","",IFERROR(INDEX('Raw lists'!$B$2:$B$29,MATCH(M10,'Raw lists'!$B$2:$B$29,0))&" / ","")))=0,"",LEFT(IF(K10="","",IFERROR(INDEX('Raw lists'!$B$2:$B$29,MATCH(K10,'Raw lists'!$B$2:$B$29,0))&" / ",""))&IF(L10="","",IFERROR(INDEX('Raw lists'!$B$2:$B$29,MATCH(L10,'Raw lists'!$B$2:$B$29,0))&" / ",""))&IF(M10="","",IFERROR(INDEX('Raw lists'!$B$2:$B$29,MATCH(M10,'Raw lists'!$B$2:$B$29,0))&" / ","")),LEN(IF(K10="","",IFERROR(INDEX('Raw lists'!$B$2:$B$29,MATCH(K10,'Raw lists'!$B$2:$B$29,0))&" / ",""))&IF(L10="","",IFERROR(INDEX('Raw lists'!$B$2:$B$29,MATCH(L10,'Raw lists'!$B$2:$B$29,0))&" / ",""))&IF(M10="","",IFERROR(INDEX('Raw lists'!$B$2:$B$29,MATCH(M10,'Raw lists'!$B$2:$B$29,0))&" / ","")))-3)) | E10: =IF(LEN(IF(K10="","",IFERROR(INDEX('Raw lists'!$C$2:$C$23,MATCH(K10,'Raw lists'!$C$2:$C$23,0))&" / ",""))&IF(L10="","",IFERROR(INDEX('Raw lists'!$C$2:$C$23,MATCH(L10,'Raw lists'!$C$2:$C$23,0))&" / ",""))&IF(M10="","",IFERROR(INDEX('Raw lists'!$C$2:$C$23,MATCH(M10,'Raw lists'!$C$2:$C$23,0))&" / ","")))=0,"",LEFT(IF(K10="","",IFERROR(INDEX('Raw lists'!$C$2:$C$23,MATCH(K10,'Raw lists'!$C$2:$C$23,0))&" / ",""))&IF(L10="","",IFERROR(INDEX('Raw lists'!$C$2:$C$23,MATCH(L10,'Raw lists'!$C$2:$C$23,0))&" / ",""))&IF(M10="","",IFERROR(INDEX('Raw lists'!$C$2:$C$23,MATCH(M10,'Raw lists'!$C$2:$C$23,0))&" / ","")),LEN(IF(K10="","",IFERROR(INDEX('Raw lists'!$C$2:$C$23,MATCH(K10,'Raw lists'!$C$2:$C$23,0))&" / ",""))&IF(L10="","",IFERROR(INDEX('Raw lists'!$C$2:$C$23,MATCH(L10,'Raw lists'!$C$2:$C$23,0))&" / ",""))&IF(M10="","",IFERROR(INDEX('Raw lists'!$C$2:$C$23,MATCH(M10,'Raw lists'!$C$2:$C$23,0))&" / ","")))-3)) -> Original Problem | F10: Core | G10: How to get the answer to the whole problem from subproblem solutions. | H10: =COUNTIF(C10:E10,"?*") -> 1 | I10: =IF(H10=0,"None",IF(H10=3,"All three",IF(H10=1,"Only "&TRIM(IF(C10<>"","Gemini ","")&IF(D10<>"","RAKE ","")&IF(E10<>"","YAKE","")),SUBSTITUTE(TRIM(IF(C10<>"","Gemini ","")&IF(D10<>"","RAKE ","")&IF(E10<>"","YAKE",""))," "," + ")))) -> Only YAKE | K10: Original Problem
A11: 10 | B11: Parent pointers | C11: =IF(LEN(IF(K11="","",IFERROR(INDEX('Raw lists'!$A$2:$A$32,MATCH(K11,'Raw lists'!$A$2:$A$32,0))&" / ",""))&IF(L11="","",IFERROR(INDEX('Raw lists'!$A$2:$A$32,MATCH(L11,'Raw lists'!$A$2:$A$32,0))&" / ",""))&IF(M11="","",IFERROR(INDEX('Raw lists'!$A$2:$A$32,MATCH(M11,'Raw lists'!$A$2:$A$32,0))&" / ","")))=0,"",LEFT(IF(K11="","",IFERROR(INDEX('Raw lists'!$A$2:$A$32,MATCH(K11,'Raw lists'!$A$2:$A$32,0))&" / ",""))&IF(L11="","",IFERROR(INDEX('Raw lists'!$A$2:$A$32,MATCH(L11,'Raw lists'!$A$2:$A$32,0))&" / ",""))&IF(M11="","",IFERROR(INDEX('Raw lists'!$A$2:$A$32,MATCH(M11,'Raw lists'!$A$2:$A$32,0))&" / ","")),LEN(IF(K11="","",IFERROR(INDEX('Raw lists'!$A$2:$A$32,MATCH(K11,'Raw lists'!$A$2:$A$32,0))&" / ",""))&IF(L11="","",IFERROR(INDEX('Raw lists'!$A$2:$A$32,MATCH(L11,'Raw lists'!$A$2:$A$32,0))&" / ",""))&IF(M11="","",IFERROR(INDEX('Raw lists'!$A$2:$A$32,MATCH(M11,'Raw lists'!$A$2:$A$32,0))&" / ","")))-3)) | D11: =IF(LEN(IF(K11="","",IFERROR(INDEX('Raw lists'!$B$2:$B$29,MATCH(K11,'Raw lists'!$B$2:$B$29,0))&" / ",""))&IF(L11="","",IFERROR(INDEX('Raw lists'!$B$2:$B$29,MATCH(L11,'Raw lists'!$B$2:$B$29,0))&" / ",""))&IF(M11="","",IFERROR(INDEX('Raw lists'!$B$2:$B$29,MATCH(M11,'Raw lists'!$B$2:$B$29,0))&" / ","")))=0,"",LEFT(IF(K11="","",IFERROR(INDEX('Raw lists'!$B$2:$B$29,MATCH(K11,'Raw lists'!$B$2:$B$29,0))&" / ",""))&IF(L11="","",IFERROR(INDEX('Raw lists'!$B$2:$B$29,MATCH(L11,'Raw lists'!$B$2:$B$29,0))&" / ",""))&IF(M11="","",IFERROR(INDEX('Raw lists'!$B$2:$B$29,MATCH(M11,'Raw lists'!$B$2:$B$29,0))&" / ","")),LEN(IF(K11="","",IFERROR(INDEX('Raw lists'!$B$2:$B$29,MATCH(K11,'Raw lists'!$B$2:$B$29,0))&" / ",""))&IF(L11="","",IFERROR(INDEX('Raw lists'!$B$2:$B$29,MATCH(L11,'Raw lists'!$B$2:$B$29,0))&" / ",""))&IF(M11="","",IFERROR(INDEX('Raw lists'!$B$2:$B$29,MATCH(M11,'Raw lists'!$B$2:$B$29,0))&" / ","")))-3)) | E11: =IF(LEN(IF(K11="","",IFERROR(INDEX('Raw lists'!$C$2:$C$23,MATCH(K11,'Raw lists'!$C$2:$C$23,0))&" / ",""))&IF(L11="","",IFERROR(INDEX('Raw lists'!$C$2:$C$23,MATCH(L11,'Raw lists'!$C$2:$C$23,0))&" / ",""))&IF(M11="","",IFERROR(INDEX('Raw lists'!$C$2:$C$23,MATCH(M11,'Raw lists'!$C$2:$C$23,0))&" / ","")))=0,"",LEFT(IF(K11="","",IFERROR(INDEX('Raw lists'!$C$2:$C$23,MATCH(K11,'Raw lists'!$C$2:$C$23,0))&" / ",""))&IF(L11="","",IFERROR(INDEX('Raw lists'!$C$2:$C$23,MATCH(L11,'Raw lists'!$C$2:$C$23,0))&" / ",""))&IF(M11="","",IFERROR(INDEX('Raw lists'!$C$2:$C$23,MATCH(M11,'Raw lists'!$C$2:$C$23,0))&" / ","")),LEN(IF(K11="","",IFERROR(INDEX('Raw lists'!$C$2:$C$23,MATCH(K11,'Raw lists'!$C$2:$C$23,0))&" / ",""))&IF(L11="","",IFERROR(INDEX('Raw lists'!$C$2:$C$23,MATCH(L11,'Raw lists'!$C$2:$C$23,0))&" / ",""))&IF(M11="","",IFERROR(INDEX('Raw lists'!$C$2:$C$23,MATCH(M11,'Raw lists'!$C$2:$C$23,0))&" / ","")))-3)) | F11: Core | G11: Remember the best choice per subproblem to recover the actual solution. | H11: =COUNTIF(C11:E11,"?*") -> 0 | I11: =IF(H11=0,"None",IF(H11=3,"All three",IF(H11=1,"Only "&TRIM(IF(C11<>"","Gemini ","")&IF(D11<>"","RAKE ","")&IF(E11<>"","YAKE","")),SUBSTITUTE(TRIM(IF(C11<>"","Gemini ","")&IF(D11<>"","RAKE ","")&IF(E11<>"","YAKE",""))," "," + ")))) -> None | K11: Parent Pointers
A12: 11 | B12: Time analysis | C12: =IF(LEN(IF(K12="","",IFERROR(INDEX('Raw lists'!$A$2:$A$32,MATCH(K12,'Raw lists'!$A$2:$A$32,0))&" / ",""))&IF(L12="","",IFERROR(INDEX('Raw lists'!$A$2:$A$32,MATCH(L12,'Raw lists'!$A$2:$A$32,0))&" / ",""))&IF(M12="","",IFERROR(INDEX('Raw lists'!$A$2:$A$32,MATCH(M12,'Raw lists'!$A$2:$A$32,0))&" / ","")))=0,"",LEFT(IF(K12="","",IFERROR(INDEX('Raw lists'!$A$2:$A$32,MATCH(K12,'Raw lists'!$A$2:$A$32,0))&" / ",""))&IF(L12="","",IFERROR(INDEX('Raw lists'!$A$2:$A$32,MATCH(L12,'Raw lists'!$A$2:$A$32,0))&" / ",""))&IF(M12="","",IFERROR(INDEX('Raw lists'!$A$2:$A$32,MATCH(M12,'Raw lists'!$A$2:$A$32,0))&" / ","")),LEN(IF(K12="","",IFERROR(INDEX('Raw lists'!$A$2:$A$32,MATCH(K12,'Raw lists'!$A$2:$A$32,0))&" / ",""))&IF(L12="","",IFERROR(INDEX('Raw lists'!$A$2:$A$32,MATCH(L12,'Raw lists'!$A$2:$A$32,0))&" / ",""))&IF(M12="","",IFERROR(INDEX('Raw lists'!$A$2:$A$32,MATCH(M12,'Raw lists'!$A$2:$A$32,0))&" / ","")))-3)) | D12: =IF(LEN(IF(K12="","",IFERROR(INDEX('Raw lists'!$B$2:$B$29,MATCH(K12,'Raw lists'!$B$2:$B$29,0))&" / ",""))&IF(L12="","",IFERROR(INDEX('Raw lists'!$B$2:$B$29,MATCH(L12,'Raw lists'!$B$2:$B$29,0))&" / ",""))&IF(M12="","",IFERROR(INDEX('Raw lists'!$B$2:$B$29,MATCH(M12,'Raw lists'!$B$2:$B$29,0))&" / ","")))=0,"",LEFT(IF(K12="","",IFERROR(INDEX('Raw lists'!$B$2:$B$29,MATCH(K12,'Raw lists'!$B$2:$B$29,0))&" / ",""))&IF(L12="","",IFERROR(INDEX('Raw lists'!$B$2:$B$29,MATCH(L12,'Raw lists'!$B$2:$B$29,0))&" / ",""))&IF(M12="","",IFERROR(INDEX('Raw lists'!$B$2:$B$29,MATCH(M12,'Raw lists'!$B$2:$B$29,0))&" / ","")),LEN(IF(K12="","",IFERROR(INDEX('Raw lists'!$B$2:$B$29,MATCH(K12,'Raw lists'!$B$2:$B$29,0))&" / ",""))&IF(L12="","",IFERROR(INDEX('Raw lists'!$B$2:$B$29,MATCH(L12,'Raw lists'!$B$2:$B$29,0))&" / ",""))&IF(M12="","",IFERROR(INDEX('Raw lists'!$B$2:$B$29,MATCH(M12,'Raw lists'!$B$2:$B$29,0))&" / ","")))-3)) | E12: =IF(LEN(IF(K12="","",IFERROR(INDEX('Raw lists'!$C$2:$C$23,MATCH(K12,'Raw lists'!$C$2:$C$23,0))&" / ",""))&IF(L12="","",IFERROR(INDEX('Raw lists'!$C$2:$C$23,MATCH(L12,'Raw lists'!$C$2:$C$23,0))&" / ",""))&IF(M12="","",IFERROR(INDEX('Raw lists'!$C$2:$C$23,MATCH(M12,'Raw lists'!$C$2:$C$23,0))&" / ","")))=0,"",LEFT(IF(K12="","",IFERROR(INDEX('Raw lists'!$C$2:$C$23,MATCH(K12,'Raw lists'!$C$2:$C$23,0))&" / ",""))&IF(L12="","",IFERROR(INDEX('Raw lists'!$C$2:$C$23,MATCH(L12,'Raw lists'!$C$2:$C$23,0))&" / ",""))&IF(M12="","",IFERROR(INDEX('Raw lists'!$C$2:$C$23,MATCH(M12,'Raw lists'!$C$2:$C$23,0))&" / ","")),LEN(IF(K12="","",IFERROR(INDEX('Raw lists'!$C$2:$C$23,MATCH(K12,'Raw lists'!$C$2:$C$23,0))&" / ",""))&IF(L12="","",IFERROR(INDEX('Raw lists'!$C$2:$C$23,MATCH(L12,'Raw lists'!$C$2:$C$23,0))&" / ",""))&IF(M12="","",IFERROR(INDEX('Raw lists'!$C$2:$C$23,MATCH(M12,'Raw lists'!$C$2:$C$23,0))&" / ","")))-3)) | F12: Core | G12: Total work over all subproblems: number of subproblems times work per subproblem. | H12: =COUNTIF(C12:E12,"?*") -> 0 | I12: =IF(H12=0,"None",IF(H12=3,"All three",IF(H12=1,"Only "&TRIM(IF(C12<>"","Gemini ","")&IF(D12<>"","RAKE ","")&IF(E12<>"","YAKE","")),SUBSTITUTE(TRIM(IF(C12<>"","Gemini ","")&IF(D12<>"","RAKE ","")&IF(E12<>"","YAKE",""))," "," + ")))) -> None | K12: Time Analysis
A13: 12 | B13: Memoization | C13: =IF(LEN(IF(K13="","",IFERROR(INDEX('Raw lists'!$A$2:$A$32,MATCH(K13,'Raw lists'!$A$2:$A$32,0))&" / ",""))&IF(L13="","",IFERROR(INDEX('Raw lists'!$A$2:$A$32,MATCH(L13,'Raw lists'!$A$2:$A$32,0))&" / ",""))&IF(M13="","",IFERROR(INDEX('Raw lists'!$A$2:$A$32,MATCH(M13,'Raw lists'!$A$2:$A$32,0))&" / ","")))=0,"",LEFT(IF(K13="","",IFERROR(INDEX('Raw lists'!$A$2:$A$32,MATCH(K13,'Raw lists'!$A$2:$A$32,0))&" / ",""))&IF(L13="","",IFERROR(INDEX('Raw lists'!$A$2:$A$32,MATCH(L13,'Raw lists'!$A$2:$A$32,0))&" / ",""))&IF(M13="","",IFERROR(INDEX('Raw lists'!$A$2:$A$32,MATCH(M13,'Raw lists'!$A$2:$A$32,0))&" / ","")),LEN(IF(K13="","",IFERROR(INDEX('Raw lists'!$A$2:$A$32,MATCH(K13,'Raw lists'!$A$2:$A$32,0))&" / ",""))&IF(L13="","",IFERROR(INDEX('Raw lists'!$A$2:$A$32,MATCH(L13,'Raw lists'!$A$2:$A$32,0))&" / ",""))&IF(M13="","",IFERROR(INDEX('Raw lists'!$A$2:$A$32,MATCH(M13,'Raw lists'!$A$2:$A$32,0))&" / ","")))-3)) | D13: =IF(LEN(IF(K13="","",IFERROR(INDEX('Raw lists'!$B$2:$B$29,MATCH(K13,'Raw lists'!$B$2:$B$29,0))&" / ",""))&IF(L13="","",IFERROR(INDEX('Raw lists'!$B$2:$B$29,MATCH(L13,'Raw lists'!$B$2:$B$29,0))&" / ",""))&IF(M13="","",IFERROR(INDEX('Raw lists'!$B$2:$B$29,MATCH(M13,'Raw lists'!$B$2:$B$29,0))&" / ","")))=0,"",LEFT(IF(K13="","",IFERROR(INDEX('Raw lists'!$B$2:$B$29,MATCH(K13,'Raw lists'!$B$2:$B$29,0))&" / ",""))&IF(L13="","",IFERROR(INDEX('Raw lists'!$B$2:$B$29,MATCH(L13,'Raw lists'!$B$2:$B$29,0))&" / ",""))&IF(M13="","",IFERROR(INDEX('Raw lists'!$B$2:$B$29,MATCH(M13,'Raw lists'!$B$2:$B$29,0))&" / ","")),LEN(IF(K13="","",IFERROR(INDEX('Raw lists'!$B$2:$B$29,MATCH(K13,'Raw lists'!$B$2:$B$29,0))&" / ",""))&IF(L13="","",IFERROR(INDEX('Raw lists'!$B$2:$B$29,MATCH(L13,'Raw lists'!$B$2:$B$29,0))&" / ",""))&IF(M13="","",IFERROR(INDEX('Raw lists'!$B$2:$B$29,MATCH(M13,'Raw lists'!$B$2:$B$29,0))&" / ","")))-3)) | E13: =IF(LEN(IF(K13="","",IFERROR(INDEX('Raw lists'!$C$2:$C$23,MATCH(K13,'Raw lists'!$C$2:$C$23,0))&" / ",""))&IF(L13="","",IFERROR(INDEX('Raw lists'!$C$2:$C$23,MATCH(L13,'Raw lists'!$C$2:$C$23,0))&" / ",""))&IF(M13="","",IFERROR(INDEX('Raw lists'!$C$2:$C$23,MATCH(M13,'Raw lists'!$C$2:$C$23,0))&" / ","")))=0,"",LEFT(IF(K13="","",IFERROR(INDEX('Raw lists'!$C$2:$C$23,MATCH(K13,'Raw lists'!$C$2:$C$23,0))&" / ",""))&IF(L13="","",IFERROR(INDEX('Raw lists'!$C$2:$C$23,MATCH(L13,'Raw lists'!$C$2:$C$23,0))&" / ",""))&IF(M13="","",IFERROR(INDEX('Raw lists'!$C$2:$C$23,MATCH(M13,'Raw lists'!$C$2:$C$23,0))&" / ","")),LEN(IF(K13="","",IFERROR(INDEX('Raw lists'!$C$2:$C$23,MATCH(K13,'Raw lists'!$C$2:$C$23,0))&" / ",""))&IF(L13="","",IFERROR(INDEX('Raw lists'!$C$2:$C$23,MATCH(L13,'Raw lists'!$C$2:$C$23,0))&" / ",""))&IF(M13="","",IFERROR(INDEX('Raw lists'!$C$2:$C$23,MATCH(M13,'Raw lists'!$C$2:$C$23,0))&" / ","")))-3)) | F13: Core | G13: Store computed subproblem results in a memo and reuse them during recursion. | H13: =COUNTIF(C13:E13,"?*") -> 0 | I13: =IF(H13=0,"None",IF(H13=3,"All three",IF(H13=1,"Only "&TRIM(IF(C13<>"","Gemini ","")&IF(D13<>"","RAKE ","")&IF(E13<>"","YAKE","")),SUBSTITUTE(TRIM(IF(C13<>"","Gemini ","")&IF(D13<>"","RAKE ","")&IF(E13<>"","YAKE",""))," "," + ")))) -> None | K13: Memoization | L13: Memo
A14: 13 | B14: Bottom-up | C14: =IF(LEN(IF(K14="","",IFERROR(INDEX('Raw lists'!$A$2:$A$32,MATCH(K14,'Raw lists'!$A$2:$A$32,0))&" / ",""))&IF(L14="","",IFERROR(INDEX('Raw lists'!$A$2:$A$32,MATCH(L14,'Raw lists'!$A$2:$A$32,0))&" / ",""))&IF(M14="","",IFERROR(INDEX('Raw lists'!$A$2:$A$32,MATCH(M14,'Raw lists'!$A$2:$A$32,0))&" / ","")))=0,"",LEFT(IF(K14="","",IFERROR(INDEX('Raw lists'!$A$2:$A$32,MATCH(K14,'Raw lists'!$A$2:$A$32,0))&" / ",""))&IF(L14="","",IFERROR(INDEX('Raw lists'!$A$2:$A$32,MATCH(L14,'Raw lists'!$A$2:$A$32,0))&" / ",""))&IF(M14="","",IFERROR(INDEX('Raw lists'!$A$2:$A$32,MATCH(M14,'Raw lists'!$A$2:$A$32,0))&" / ","")),LEN(IF(K14="","",IFERROR(INDEX('Raw lists'!$A$2:$A$32,MATCH(K14,'Raw lists'!$A$2:$A$32,0))&" / ",""))&IF(L14="","",IFERROR(INDEX('Raw lists'!$A$2:$A$32,MATCH(L14,'Raw lists'!$A$2:$A$32,0))&" / ",""))&IF(M14="","",IFERROR(INDEX('Raw lists'!$A$2:$A$32,MATCH(M14,'Raw lists'!$A$2:$A$32,0))&" / ","")))-3)) | D14: =IF(LEN(IF(K14="","",IFERROR(INDEX('Raw lists'!$B$2:$B$29,MATCH(K14,'Raw lists'!$B$2:$B$29,0))&" / ",""))&IF(L14="","",IFERROR(INDEX('Raw lists'!$B$2:$B$29,MATCH(L14,'Raw lists'!$B$2:$B$29,0))&" / ",""))&IF(M14="","",IFERROR(INDEX('Raw lists'!$B$2:$B$29,MATCH(M14,'Raw lists'!$B$2:$B$29,0))&" / ","")))=0,"",LEFT(IF(K14="","",IFERROR(INDEX('Raw lists'!$B$2:$B$29,MATCH(K14,'Raw lists'!$B$2:$B$29,0))&" / ",""))&IF(L14="","",IFERROR(INDEX('Raw lists'!$B$2:$B$29,MATCH(L14,'Raw lists'!$B$2:$B$29,0))&" / ",""))&IF(M14="","",IFERROR(INDEX('Raw lists'!$B$2:$B$29,MATCH(M14,'Raw lists'!$B$2:$B$29,0))&" / ","")),LEN(IF(K14="","",IFERROR(INDEX('Raw lists'!$B$2:$B$29,MATCH(K14,'Raw lists'!$B$2:$B$29,0))&" / ",""))&IF(L14="","",IFERROR(INDEX('Raw lists'!$B$2:$B$29,MATCH(L14,'Raw lists'!$B$2:$B$29,0))&" / ",""))&IF(M14="","",IFERROR(INDEX('Raw lists'!$B$2:$B$29,MATCH(M14,'Raw lists'!$B$2:$B$29,0))&" / ","")))-3)) | E14: =IF(LEN(IF(K14="","",IFERROR(INDEX('Raw lists'!$C$2:$C$23,MATCH(K14,'Raw lists'!$C$2:$C$23,0))&" / ",""))&IF(L14="","",IFERROR(INDEX('Raw lists'!$C$2:$C$23,MATCH(L14,'Raw lists'!$C$2:$C$23,0))&" / ",""))&IF(M14="","",IFERROR(INDEX('Raw lists'!$C$2:$C$23,MATCH(M14,'Raw lists'!$C$2:$C$23,0))&" / ","")))=0,"",LEFT(IF(K14="","",IFERROR(INDEX('Raw lists'!$C$2:$C$23,MATCH(K14,'Raw lists'!$C$2:$C$23,0))&" / ",""))&IF(L14="","",IFERROR(INDEX('Raw lists'!$C$2:$C$23,MATCH(L14,'Raw lists'!$C$2:$C$23,0))&" / ",""))&IF(M14="","",IFERROR(INDEX('Raw lists'!$C$2:$C$23,MATCH(M14,'Raw lists'!$C$2:$C$23,0))&" / ","")),LEN(IF(K14="","",IFERROR(INDEX('Raw lists'!$C$2:$C$23,MATCH(K14,'Raw lists'!$C$2:$C$23,0))&" / ",""))&IF(L14="","",IFERROR(INDEX('Raw lists'!$C$2:$C$23,MATCH(L14,'Raw lists'!$C$2:$C$23,0))&" / ",""))&IF(M14="","",IFERROR(INDEX('Raw lists'!$C$2:$C$23,MATCH(M14,'Raw lists'!$C$2:$C$23,0))&" / ","")))-3)) | F14: Core | G14: Solve all subproblems in topological order. | H14: =COUNTIF(C14:E14,"?*") -> 0 | I14: =IF(H14=0,"None",IF(H14=3,"All three",IF(H14=1,"Only "&TRIM(IF(C14<>"","Gemini ","")&IF(D14<>"","RAKE ","")&IF(E14<>"","YAKE","")),SUBSTITUTE(TRIM(IF(C14<>"","Gemini ","")&IF(D14<>"","RAKE ","")&IF(E14<>"","YAKE",""))," "," + ")))) -> None | K14: Bottom Up
A15: 14 | B15: Top-down (reachable subproblems) | C15: =IF(LEN(IF(K15="","",IFERROR(INDEX('Raw lists'!$A$2:$A$32,MATCH(K15,'Raw lists'!$A$2:$A$32,0))&" / ",""))&IF(L15="","",IFERROR(INDEX('Raw lists'!$A$2:$A$32,MATCH(L15,'Raw lists'!$A$2:$A$32,0))&" / ",""))&IF(M15="","",IFERROR(INDEX('Raw lists'!$A$2:$A$32,MATCH(M15,'Raw lists'!$A$2:$A$32,0))&" / ","")))=0,"",LEFT(IF(K15="","",IFERROR(INDEX('Raw lists'!$A$2:$A$32,MATCH(K15,'Raw lists'!$A$2:$A$32,0))&" / ",""))&IF(L15="","",IFERROR(INDEX('Raw lists'!$A$2:$A$32,MATCH(L15,'Raw lists'!$A$2:$A$32,0))&" / ",""))&IF(M15="","",IFERROR(INDEX('Raw lists'!$A$2:$A$32,MATCH(M15,'Raw lists'!$A$2:$A$32,0))&" / ","")),LEN(IF(K15="","",IFERROR(INDEX('Raw lists'!$A$2:$A$32,MATCH(K15,'Raw lists'!$A$2:$A$32,0))&" / ",""))&IF(L15="","",IFERROR(INDEX('Raw lists'!$A$2:$A$32,MATCH(L15,'Raw lists'!$A$2:$A$32,0))&" / ",""))&IF(M15="","",IFERROR(INDEX('Raw lists'!$A$2:$A$32,MATCH(M15,'Raw lists'!$A$2:$A$32,0))&" / ","")))-3)) -> Reachable Subproblems / Solve Only Reachable | D15: =IF(LEN(IF(K15="","",IFERROR(INDEX('Raw lists'!$B$2:$B$29,MATCH(K15,'Raw lists'!$B$2:$B$29,0))&" / ",""))&IF(L15="","",IFERROR(INDEX('Raw lists'!$B$2:$B$29,MATCH(L15,'Raw lists'!$B$2:$B$29,0))&" / ",""))&IF(M15="","",IFERROR(INDEX('Raw lists'!$B$2:$B$29,MATCH(M15,'Raw lists'!$B$2:$B$29,0))&" / ","")))=0,"",LEFT(IF(K15="","",IFERROR(INDEX('Raw lists'!$B$2:$B$29,MATCH(K15,'Raw lists'!$B$2:$B$29,0))&" / ",""))&IF(L15="","",IFERROR(INDEX('Raw lists'!$B$2:$B$29,MATCH(L15,'Raw lists'!$B$2:$B$29,0))&" / ",""))&IF(M15="","",IFERROR(INDEX('Raw lists'!$B$2:$B$29,MATCH(M15,'Raw lists'!$B$2:$B$29,0))&" / ","")),LEN(IF(K15="","",IFERROR(INDEX('Raw lists'!$B$2:$B$29,MATCH(K15,'Raw lists'!$B$2:$B$29,0))&" / ",""))&IF(L15="","",IFERROR(INDEX('Raw lists'!$B$2:$B$29,MATCH(L15,'Raw lists'!$B$2:$B$29,0))&" / ",""))&IF(M15="","",IFERROR(INDEX('Raw lists'!$B$2:$B$29,MATCH(M15,'Raw lists'!$B$2:$B$29,0))&" / ","")))-3)) | E15: =IF(LEN(IF(K15="","",IFERROR(INDEX('Raw lists'!$C$2:$C$23,MATCH(K15,'Raw lists'!$C$2:$C$23,0))&" / ",""))&IF(L15="","",IFERROR(INDEX('Raw lists'!$C$2:$C$23,MATCH(L15,'Raw lists'!$C$2:$C$23,0))&" / ",""))&IF(M15="","",IFERROR(INDEX('Raw lists'!$C$2:$C$23,MATCH(M15,'Raw lists'!$C$2:$C$23,0))&" / ","")))=0,"",LEFT(IF(K15="","",IFERROR(INDEX('Raw lists'!$C$2:$C$23,MATCH(K15,'Raw lists'!$C$2:$C$23,0))&" / ",""))&IF(L15="","",IFERROR(INDEX('Raw lists'!$C$2:$C$23,MATCH(L15,'Raw lists'!$C$2:$C$23,0))&" / ",""))&IF(M15="","",IFERROR(INDEX('Raw lists'!$C$2:$C$23,MATCH(M15,'Raw lists'!$C$2:$C$23,0))&" / ","")),LEN(IF(K15="","",IFERROR(INDEX('Raw lists'!$C$2:$C$23,MATCH(K15,'Raw lists'!$C$2:$C$23,0))&" / ",""))&IF(L15="","",IFERROR(INDEX('Raw lists'!$C$2:$C$23,MATCH(L15,'Raw lists'!$C$2:$C$23,0))&" / ",""))&IF(M15="","",IFERROR(INDEX('Raw lists'!$C$2:$C$23,MATCH(M15,'Raw lists'!$C$2:$C$23,0))&" / ","")))-3)) | F15: Core | G15: Recurse and solve only the subproblems that are actually reached. | H15: =COUNTIF(C15:E15,"?*") -> 1 | I15: =IF(H15=0,"None",IF(H15=3,"All three",IF(H15=1,"Only "&TRIM(IF(C15<>"","Gemini ","")&IF(D15<>"","RAKE ","")&IF(E15<>"","YAKE","")),SUBSTITUTE(TRIM(IF(C15<>"","Gemini ","")&IF(D15<>"","RAKE ","")&IF(E15<>"","YAKE",""))," "," + ")))) -> Only Gemini | K15: Top Down | L15: Reachable Subproblems | M15: Solve Only Reachable
A16: 15 | B16: Rod Cutting | C16: =IF(LEN(IF(K16="","",IFERROR(INDEX('Raw lists'!$A$2:$A$32,MATCH(K16,'Raw lists'!$A$2:$A$32,0))&" / ",""))&IF(L16="","",IFERROR(INDEX('Raw lists'!$A$2:$A$32,MATCH(L16,'Raw lists'!$A$2:$A$32,0))&" / ",""))&IF(M16="","",IFERROR(INDEX('Raw lists'!$A$2:$A$32,MATCH(M16,'Raw lists'!$A$2:$A$32,0))&" / ","")))=0,"",LEFT(IF(K16="","",IFERROR(INDEX('Raw lists'!$A$2:$A$32,MATCH(K16,'Raw lists'!$A$2:$A$32,0))&" / ",""))&IF(L16="","",IFERROR(INDEX('Raw lists'!$A$2:$A$32,MATCH(L16,'Raw lists'!$A$2:$A$32,0))&" / ",""))&IF(M16="","",IFERROR(INDEX('Raw lists'!$A$2:$A$32,MATCH(M16,'Raw lists'!$A$2:$A$32,0))&" / ","")),LEN(IF(K16="","",IFERROR(INDEX('Raw lists'!$A$2:$A$32,MATCH(K16,'Raw lists'!$A$2:$A$32,0))&" / ",""))&IF(L16="","",IFERROR(INDEX('Raw lists'!$A$2:$A$32,MATCH(L16,'Raw lists'!$A$2:$A$32,0))&" / ",""))&IF(M16="","",IFERROR(INDEX('Raw lists'!$A$2:$A$32,MATCH(M16,'Raw lists'!$A$2:$A$32,0))&" / ","")))-3)) -> Rod Cutting / Cutting Rod | D16: =IF(LEN(IF(K16="","",IFERROR(INDEX('Raw lists'!$B$2:$B$29,MATCH(K16,'Raw lists'!$B$2:$B$29,0))&" / ",""))&IF(L16="","",IFERROR(INDEX('Raw lists'!$B$2:$B$29,MATCH(L16,'Raw lists'!$B$2:$B$29,0))&" / ",""))&IF(M16="","",IFERROR(INDEX('Raw lists'!$B$2:$B$29,MATCH(M16,'Raw lists'!$B$2:$B$29,0))&" / ","")))=0,"",LEFT(IF(K16="","",IFERROR(INDEX('Raw lists'!$B$2:$B$29,MATCH(K16,'Raw lists'!$B$2:$B$29,0))&" / ",""))&IF(L16="","",IFERROR(INDEX('Raw lists'!$B$2:$B$29,MATCH(L16,'Raw lists'!$B$2:$B$29,0))&" / ",""))&IF(M16="","",IFERROR(INDEX('Raw lists'!$B$2:$B$29,MATCH(M16,'Raw lists'!$B$2:$B$29,0))&" / ","")),LEN(IF(K16="","",IFERROR(INDEX('Raw lists'!$B$2:$B$29,MATCH(K16,'Raw lists'!$B$2:$B$29,0))&" / ",""))&IF(L16="","",IFERROR(INDEX('Raw lists'!$B$2:$B$29,MATCH(L16,'Raw lists'!$B$2:$B$29,0))&" / ",""))&IF(M16="","",IFERROR(INDEX('Raw lists'!$B$2:$B$29,MATCH(M16,'Raw lists'!$B$2:$B$29,0))&" / ","")))-3)) | E16: =IF(LEN(IF(K16="","",IFERROR(INDEX('Raw lists'!$C$2:$C$23,MATCH(K16,'Raw lists'!$C$2:$C$23,0))&" / ",""))&IF(L16="","",IFERROR(INDEX('Raw lists'!$C$2:$C$23,MATCH(L16,'Raw lists'!$C$2:$C$23,0))&" / ",""))&IF(M16="","",IFERROR(INDEX('Raw lists'!$C$2:$C$23,MATCH(M16,'Raw lists'!$C$2:$C$23,0))&" / ","")))=0,"",LEFT(IF(K16="","",IFERROR(INDEX('Raw lists'!$C$2:$C$23,MATCH(K16,'Raw lists'!$C$2:$C$23,0))&" / ",""))&IF(L16="","",IFERROR(INDEX('Raw lists'!$C$2:$C$23,MATCH(L16,'Raw lists'!$C$2:$C$23,0))&" / ",""))&IF(M16="","",IFERROR(INDEX('Raw lists'!$C$2:$C$23,MATCH(M16,'Raw lists'!$C$2:$C$23,0))&" / ","")),LEN(IF(K16="","",IFERROR(INDEX('Raw lists'!$C$2:$C$23,MATCH(K16,'Raw lists'!$C$2:$C$23,0))&" / ",""))&IF(L16="","",IFERROR(INDEX('Raw lists'!$C$2:$C$23,MATCH(L16,'Raw lists'!$C$2:$C$23,0))&" / ",""))&IF(M16="","",IFERROR(INDEX('Raw lists'!$C$2:$C$23,MATCH(M16,'Raw lists'!$C$2:$C$23,0))&" / ","")))-3)) -> Rod Cutting / Cutting Rod | F16: Core | G16: Cut a rod of length L into pieces to maximize the total value. | H16: =COUNTIF(C16:E16,"?*") -> 2 | I16: =IF(H16=0,"None",IF(H16=3,"All three",IF(H16=1,"Only "&TRIM(IF(C16<>"","Gemini ","")&IF(D16<>"","RAKE ","")&IF(E16<>"","YAKE","")),SUBSTITUTE(TRIM(IF(C16<>"","Gemini ","")&IF(D16<>"","RAKE ","")&IF(E16<>"","YAKE",""))," "," + ")))) -> Gemini + YAKE | K16: Rod Cutting | L16: Cutting Rod
A17: 16 | B17: Greedy approach (counterexample) | C17: =IF(LEN(IF(K17="","",IFERROR(INDEX('Raw lists'!$A$2:$A$32,MATCH(K17,'Raw lists'!$A$2:$A$32,0))&" / ",""))&IF(L17="","",IFERROR(INDEX('Raw lists'!$A$2:$A$32,MATCH(L17,'Raw lists'!$A$2:$A$32,0))&" / ",""))&IF(M17="","",IFERROR(INDEX('Raw lists'!$A$2:$A$32,MATCH(M17,'Raw lists'!$A$2:$A$32,0))&" / ","")))=0,"",LEFT(IF(K17="","",IFERROR(INDEX('Raw lists'!$A$2:$A$32,MATCH(K17,'Raw lists'!$A$2:$A$32,0))&" / ",""))&IF(L17="","",IFERROR(INDEX('Raw lists'!$A$2:$A$32,MATCH(L17,'Raw lists'!$A$2:$A$32,0))&" / ",""))&IF(M17="","",IFERROR(INDEX('Raw lists'!$A$2:$A$32,MATCH(M17,'Raw lists'!$A$2:$A$32,0))&" / ","")),LEN(IF(K17="","",IFERROR(INDEX('Raw lists'!$A$2:$A$32,MATCH(K17,'Raw lists'!$A$2:$A$32,0))&" / ",""))&IF(L17="","",IFERROR(INDEX('Raw lists'!$A$2:$A$32,MATCH(L17,'Raw lists'!$A$2:$A$32,0))&" / ",""))&IF(M17="","",IFERROR(INDEX('Raw lists'!$A$2:$A$32,MATCH(M17,'Raw lists'!$A$2:$A$32,0))&" / ","")))-3)) | D17: =IF(LEN(IF(K17="","",IFERROR(INDEX('Raw lists'!$B$2:$B$29,MATCH(K17,'Raw lists'!$B$2:$B$29,0))&" / ",""))&IF(L17="","",IFERROR(INDEX('Raw lists'!$B$2:$B$29,MATCH(L17,'Raw lists'!$B$2:$B$29,0))&" / ",""))&IF(M17="","",IFERROR(INDEX('Raw lists'!$B$2:$B$29,MATCH(M17,'Raw lists'!$B$2:$B$29,0))&" / ","")))=0,"",LEFT(IF(K17="","",IFERROR(INDEX('Raw lists'!$B$2:$B$29,MATCH(K17,'Raw lists'!$B$2:$B$29,0))&" / ",""))&IF(L17="","",IFERROR(INDEX('Raw lists'!$B$2:$B$29,MATCH(L17,'Raw lists'!$B$2:$B$29,0))&" / ",""))&IF(M17="","",IFERROR(INDEX('Raw lists'!$B$2:$B$29,MATCH(M17,'Raw lists'!$B$2:$B$29,0))&" / ","")),LEN(IF(K17="","",IFERROR(INDEX('Raw lists'!$B$2:$B$29,MATCH(K17,'Raw lists'!$B$2:$B$29,0))&" / ",""))&IF(L17="","",IFERROR(INDEX('Raw lists'!$B$2:$B$29,MATCH(L17,'Raw lists'!$B$2:$B$29,0))&" / ",""))&IF(M17="","",IFERROR(INDEX('Raw lists'!$B$2:$B$29,MATCH(M17,'Raw lists'!$B$2:$B$29,0))&" / ","")))-3)) | E17: =IF(LEN(IF(K17="","",IFERROR(INDEX('Raw lists'!$C$2:$C$23,MATCH(K17,'Raw lists'!$C$2:$C$23,0))&" / ",""))&IF(L17="","",IFERROR(INDEX('Raw lists'!$C$2:$C$23,MATCH(L17,'Raw lists'!$C$2:$C$23,0))&" / ",""))&IF(M17="","",IFERROR(INDEX('Raw lists'!$C$2:$C$23,MATCH(M17,'Raw lists'!$C$2:$C$23,0))&" / ","")))=0,"",LEFT(IF(K17="","",IFERROR(INDEX('Raw lists'!$C$2:$C$23,MATCH(K17,'Raw lists'!$C$2:$C$23,0))&" / ",""))&IF(L17="","",IFERROR(INDEX('Raw lists'!$C$2:$C$23,MATCH(L17,'Raw lists'!$C$2:$C$23,0))&" / ",""))&IF(M17="","",IFERROR(INDEX('Raw lists'!$C$2:$C$23,MATCH(M17,'Raw lists'!$C$2:$C$23,0))&" / ","")),LEN(IF(K17="","",IFERROR(INDEX('Raw lists'!$C$2:$C$23,MATCH(K17,'Raw lists'!$C$2:$C$23,0))&" / ",""))&IF(L17="","",IFERROR(INDEX('Raw lists'!$C$2:$C$23,MATCH(L17,'Raw lists'!$C$2:$C$23,0))&" / ",""))&IF(M17="","",IFERROR(INDEX('Raw lists'!$C$2:$C$23,MATCH(M17,'Raw lists'!$C$2:$C$23,0))&" / ","")))-3)) | F17: Core | G17: Taking the best value per unit length first is not optimal for Rod Cutting. | H17: =COUNTIF(C17:E17,"?*") -> 0 | I17: =IF(H17=0,"None",IF(H17=3,"All three",IF(H17=1,"Only "&TRIM(IF(C17<>"","Gemini ","")&IF(D17<>"","RAKE ","")&IF(E17<>"","YAKE","")),SUBSTITUTE(TRIM(IF(C17<>"","Gemini ","")&IF(D17<>"","RAKE ","")&IF(E17<>"","YAKE",""))," "," + ")))) -> None | K17: Greedy
A18: 17 | B18: Optimization problem | C18: =IF(LEN(IF(K18="","",IFERROR(INDEX('Raw lists'!$A$2:$A$32,MATCH(K18,'Raw lists'!$A$2:$A$32,0))&" / ",""))&IF(L18="","",IFERROR(INDEX('Raw lists'!$A$2:$A$32,MATCH(L18,'Raw lists'!$A$2:$A$32,0))&" / ",""))&IF(M18="","",IFERROR(INDEX('Raw lists'!$A$2:$A$32,MATCH(M18,'Raw lists'!$A$2:$A$32,0))&" / ","")))=0,"",LEFT(IF(K18="","",IFERROR(INDEX('Raw lists'!$A$2:$A$32,MATCH(K18,'Raw lists'!$A$2:$A$32,0))&" / ",""))&IF(L18="","",IFERROR(INDEX('Raw lists'!$A$2:$A$32,MATCH(L18,'Raw lists'!$A$2:$A$32,0))&" / ",""))&IF(M18="","",IFERROR(INDEX('Raw lists'!$A$2:$A$32,MATCH(M18,'Raw lists'!$A$2:$A$32,0))&" / ","")),LEN(IF(K18="","",IFERROR(INDEX('Raw lists'!$A$2:$A$32,MATCH(K18,'Raw lists'!$A$2:$A$32,0))&" / ",""))&IF(L18="","",IFERROR(INDEX('Raw lists'!$A$2:$A$32,MATCH(L18,'Raw lists'!$A$2:$A$32,0))&" / ",""))&IF(M18="","",IFERROR(INDEX('Raw lists'!$A$2:$A$32,MATCH(M18,'Raw lists'!$A$2:$A$32,0))&" / ","")))-3)) | D18: =IF(LEN(IF(K18="","",IFERROR(INDEX('Raw lists'!$B$2:$B$29,MATCH(K18,'Raw lists'!$B$2:$B$29,0))&" / ",""))&IF(L18="","",IFERROR(INDEX('Raw lists'!$B$2:$B$29,MATCH(L18,'Raw lists'!$B$2:$B$29,0))&" / ",""))&IF(M18="","",IFERROR(INDEX('Raw lists'!$B$2:$B$29,MATCH(M18,'Raw lists'!$B$2:$B$29,0))&" / ","")))=0,"",LEFT(IF(K18="","",IFERROR(INDEX('Raw lists'!$B$2:$B$29,MATCH(K18,'Raw lists'!$B$2:$B$29,0))&" / ",""))&IF(L18="","",IFERROR(INDEX('Raw lists'!$B$2:$B$29,MATCH(L18,'Raw lists'!$B$2:$B$29,0))&" / ",""))&IF(M18="","",IFERROR(INDEX('Raw lists'!$B$2:$B$29,MATCH(M18,'Raw lists'!$B$2:$B$29,0))&" / ","")),LEN(IF(K18="","",IFERROR(INDEX('Raw lists'!$B$2:$B$29,MATCH(K18,'Raw lists'!$B$2:$B$29,0))&" / ",""))&IF(L18="","",IFERROR(INDEX('Raw lists'!$B$2:$B$29,MATCH(L18,'Raw lists'!$B$2:$B$29,0))&" / ",""))&IF(M18="","",IFERROR(INDEX('Raw lists'!$B$2:$B$29,MATCH(M18,'Raw lists'!$B$2:$B$29,0))&" / ","")))-3)) | E18: =IF(LEN(IF(K18="","",IFERROR(INDEX('Raw lists'!$C$2:$C$23,MATCH(K18,'Raw lists'!$C$2:$C$23,0))&" / ",""))&IF(L18="","",IFERROR(INDEX('Raw lists'!$C$2:$C$23,MATCH(L18,'Raw lists'!$C$2:$C$23,0))&" / ",""))&IF(M18="","",IFERROR(INDEX('Raw lists'!$C$2:$C$23,MATCH(M18,'Raw lists'!$C$2:$C$23,0))&" / ","")))=0,"",LEFT(IF(K18="","",IFERROR(INDEX('Raw lists'!$C$2:$C$23,MATCH(K18,'Raw lists'!$C$2:$C$23,0))&" / ",""))&IF(L18="","",IFERROR(INDEX('Raw lists'!$C$2:$C$23,MATCH(L18,'Raw lists'!$C$2:$C$23,0))&" / ",""))&IF(M18="","",IFERROR(INDEX('Raw lists'!$C$2:$C$23,MATCH(M18,'Raw lists'!$C$2:$C$23,0))&" / ","")),LEN(IF(K18="","",IFERROR(INDEX('Raw lists'!$C$2:$C$23,MATCH(K18,'Raw lists'!$C$2:$C$23,0))&" / ",""))&IF(L18="","",IFERROR(INDEX('Raw lists'!$C$2:$C$23,MATCH(L18,'Raw lists'!$C$2:$C$23,0))&" / ",""))&IF(M18="","",IFERROR(INDEX('Raw lists'!$C$2:$C$23,MATCH(M18,'Raw lists'!$C$2:$C$23,0))&" / ","")))-3)) | F18: Core | G18: A problem that asks for the best value, such as a maximum. | H18: =COUNTIF(C18:E18,"?*") -> 0 | I18: =IF(H18=0,"None",IF(H18=3,"All three",IF(H18=1,"Only "&TRIM(IF(C18<>"","Gemini ","")&IF(D18<>"","RAKE ","")&IF(E18<>"","YAKE","")),SUBSTITUTE(TRIM(IF(C18<>"","Gemini ","")&IF(D18<>"","RAKE ","")&IF(E18<>"","YAKE",""))," "," + ")))) -> None | K18: Optimization Problem
A19: 18 | B19: Subset Sum | C19: =IF(LEN(IF(K19="","",IFERROR(INDEX('Raw lists'!$A$2:$A$32,MATCH(K19,'Raw lists'!$A$2:$A$32,0))&" / ",""))&IF(L19="","",IFERROR(INDEX('Raw lists'!$A$2:$A$32,MATCH(L19,'Raw lists'!$A$2:$A$32,0))&" / ",""))&IF(M19="","",IFERROR(INDEX('Raw lists'!$A$2:$A$32,MATCH(M19,'Raw lists'!$A$2:$A$32,0))&" / ","")))=0,"",LEFT(IF(K19="","",IFERROR(INDEX('Raw lists'!$A$2:$A$32,MATCH(K19,'Raw lists'!$A$2:$A$32,0))&" / ",""))&IF(L19="","",IFERROR(INDEX('Raw lists'!$A$2:$A$32,MATCH(L19,'Raw lists'!$A$2:$A$32,0))&" / ",""))&IF(M19="","",IFERROR(INDEX('Raw lists'!$A$2:$A$32,MATCH(M19,'Raw lists'!$A$2:$A$32,0))&" / ","")),LEN(IF(K19="","",IFERROR(INDEX('Raw lists'!$A$2:$A$32,MATCH(K19,'Raw lists'!$A$2:$A$32,0))&" / ",""))&IF(L19="","",IFERROR(INDEX('Raw lists'!$A$2:$A$32,MATCH(L19,'Raw lists'!$A$2:$A$32,0))&" / ",""))&IF(M19="","",IFERROR(INDEX('Raw lists'!$A$2:$A$32,MATCH(M19,'Raw lists'!$A$2:$A$32,0))&" / ","")))-3)) -> Subset Sum | D19: =IF(LEN(IF(K19="","",IFERROR(INDEX('Raw lists'!$B$2:$B$29,MATCH(K19,'Raw lists'!$B$2:$B$29,0))&" / ",""))&IF(L19="","",IFERROR(INDEX('Raw lists'!$B$2:$B$29,MATCH(L19,'Raw lists'!$B$2:$B$29,0))&" / ",""))&IF(M19="","",IFERROR(INDEX('Raw lists'!$B$2:$B$29,MATCH(M19,'Raw lists'!$B$2:$B$29,0))&" / ","")))=0,"",LEFT(IF(K19="","",IFERROR(INDEX('Raw lists'!$B$2:$B$29,MATCH(K19,'Raw lists'!$B$2:$B$29,0))&" / ",""))&IF(L19="","",IFERROR(INDEX('Raw lists'!$B$2:$B$29,MATCH(L19,'Raw lists'!$B$2:$B$29,0))&" / ",""))&IF(M19="","",IFERROR(INDEX('Raw lists'!$B$2:$B$29,MATCH(M19,'Raw lists'!$B$2:$B$29,0))&" / ","")),LEN(IF(K19="","",IFERROR(INDEX('Raw lists'!$B$2:$B$29,MATCH(K19,'Raw lists'!$B$2:$B$29,0))&" / ",""))&IF(L19="","",IFERROR(INDEX('Raw lists'!$B$2:$B$29,MATCH(L19,'Raw lists'!$B$2:$B$29,0))&" / ",""))&IF(M19="","",IFERROR(INDEX('Raw lists'!$B$2:$B$29,MATCH(M19,'Raw lists'!$B$2:$B$29,0))&" / ","")))-3)) | E19: =IF(LEN(IF(K19="","",IFERROR(INDEX('Raw lists'!$C$2:$C$23,MATCH(K19,'Raw lists'!$C$2:$C$23,0))&" / ",""))&IF(L19="","",IFERROR(INDEX('Raw lists'!$C$2:$C$23,MATCH(L19,'Raw lists'!$C$2:$C$23,0))&" / ",""))&IF(M19="","",IFERROR(INDEX('Raw lists'!$C$2:$C$23,MATCH(M19,'Raw lists'!$C$2:$C$23,0))&" / ","")))=0,"",LEFT(IF(K19="","",IFERROR(INDEX('Raw lists'!$C$2:$C$23,MATCH(K19,'Raw lists'!$C$2:$C$23,0))&" / ",""))&IF(L19="","",IFERROR(INDEX('Raw lists'!$C$2:$C$23,MATCH(L19,'Raw lists'!$C$2:$C$23,0))&" / ",""))&IF(M19="","",IFERROR(INDEX('Raw lists'!$C$2:$C$23,MATCH(M19,'Raw lists'!$C$2:$C$23,0))&" / ","")),LEN(IF(K19="","",IFERROR(INDEX('Raw lists'!$C$2:$C$23,MATCH(K19,'Raw lists'!$C$2:$C$23,0))&" / ",""))&IF(L19="","",IFERROR(INDEX('Raw lists'!$C$2:$C$23,MATCH(L19,'Raw lists'!$C$2:$C$23,0))&" / ",""))&IF(M19="","",IFERROR(INDEX('Raw lists'!$C$2:$C$23,MATCH(M19,'Raw lists'!$C$2:$C$23,0))&" / ","")))-3)) -> Subset Sum | F19: Core | G19: Is there a subset of the given positive integers that sums exactly to T? | H19: =COUNTIF(C19:E19,"?*") -> 2 | I19: =IF(H19=0,"None",IF(H19=3,"All three",IF(H19=1,"Only "&TRIM(IF(C19<>"","Gemini ","")&IF(D19<>"","RAKE ","")&IF(E19<>"","YAKE","")),SUBSTITUTE(TRIM(IF(C19<>"","Gemini ","")&IF(D19<>"","RAKE ","")&IF(E19<>"","YAKE",""))," "," + ")))) -> Gemini + YAKE | K19: Subset Sum
A20: 19 | B20: Decision problem | C20: =IF(LEN(IF(K20="","",IFERROR(INDEX('Raw lists'!$A$2:$A$32,MATCH(K20,'Raw lists'!$A$2:$A$32,0))&" / ",""))&IF(L20="","",IFERROR(INDEX('Raw lists'!$A$2:$A$32,MATCH(L20,'Raw lists'!$A$2:$A$32,0))&" / ",""))&IF(M20="","",IFERROR(INDEX('Raw lists'!$A$2:$A$32,MATCH(M20,'Raw lists'!$A$2:$A$32,0))&" / ","")))=0,"",LEFT(IF(K20="","",IFERROR(INDEX('Raw lists'!$A$2:$A$32,MATCH(K20,'Raw lists'!$A$2:$A$32,0))&" / ",""))&IF(L20="","",IFERROR(INDEX('Raw lists'!$A$2:$A$32,MATCH(L20,'Raw lists'!$A$2:$A$32,0))&" / ",""))&IF(M20="","",IFERROR(INDEX('Raw lists'!$A$2:$A$32,MATCH(M20,'Raw lists'!$A$2:$A$32,0))&" / ","")),LEN(IF(K20="","",IFERROR(INDEX('Raw lists'!$A$2:$A$32,MATCH(K20,'Raw lists'!$A$2:$A$32,0))&" / ",""))&IF(L20="","",IFERROR(INDEX('Raw lists'!$A$2:$A$32,MATCH(L20,'Raw lists'!$A$2:$A$32,0))&" / ",""))&IF(M20="","",IFERROR(INDEX('Raw lists'!$A$2:$A$32,MATCH(M20,'Raw lists'!$A$2:$A$32,0))&" / ","")))-3)) | D20: =IF(LEN(IF(K20="","",IFERROR(INDEX('Raw lists'!$B$2:$B$29,MATCH(K20,'Raw lists'!$B$2:$B$29,0))&" / ",""))&IF(L20="","",IFERROR(INDEX('Raw lists'!$B$2:$B$29,MATCH(L20,'Raw lists'!$B$2:$B$29,0))&" / ",""))&IF(M20="","",IFERROR(INDEX('Raw lists'!$B$2:$B$29,MATCH(M20,'Raw lists'!$B$2:$B$29,0))&" / ","")))=0,"",LEFT(IF(K20="","",IFERROR(INDEX('Raw lists'!$B$2:$B$29,MATCH(K20,'Raw lists'!$B$2:$B$29,0))&" / ",""))&IF(L20="","",IFERROR(INDEX('Raw lists'!$B$2:$B$29,MATCH(L20,'Raw lists'!$B$2:$B$29,0))&" / ",""))&IF(M20="","",IFERROR(INDEX('Raw lists'!$B$2:$B$29,MATCH(M20,'Raw lists'!$B$2:$B$29,0))&" / ","")),LEN(IF(K20="","",IFERROR(INDEX('Raw lists'!$B$2:$B$29,MATCH(K20,'Raw lists'!$B$2:$B$29,0))&" / ",""))&IF(L20="","",IFERROR(INDEX('Raw lists'!$B$2:$B$29,MATCH(L20,'Raw lists'!$B$2:$B$29,0))&" / ",""))&IF(M20="","",IFERROR(INDEX('Raw lists'!$B$2:$B$29,MATCH(M20,'Raw lists'!$B$2:$B$29,0))&" / ","")))-3)) | E20: =IF(LEN(IF(K20="","",IFERROR(INDEX('Raw lists'!$C$2:$C$23,MATCH(K20,'Raw lists'!$C$2:$C$23,0))&" / ",""))&IF(L20="","",IFERROR(INDEX('Raw lists'!$C$2:$C$23,MATCH(L20,'Raw lists'!$C$2:$C$23,0))&" / ",""))&IF(M20="","",IFERROR(INDEX('Raw lists'!$C$2:$C$23,MATCH(M20,'Raw lists'!$C$2:$C$23,0))&" / ","")))=0,"",LEFT(IF(K20="","",IFERROR(INDEX('Raw lists'!$C$2:$C$23,MATCH(K20,'Raw lists'!$C$2:$C$23,0))&" / ",""))&IF(L20="","",IFERROR(INDEX('Raw lists'!$C$2:$C$23,MATCH(L20,'Raw lists'!$C$2:$C$23,0))&" / ",""))&IF(M20="","",IFERROR(INDEX('Raw lists'!$C$2:$C$23,MATCH(M20,'Raw lists'!$C$2:$C$23,0))&" / ","")),LEN(IF(K20="","",IFERROR(INDEX('Raw lists'!$C$2:$C$23,MATCH(K20,'Raw lists'!$C$2:$C$23,0))&" / ",""))&IF(L20="","",IFERROR(INDEX('Raw lists'!$C$2:$C$23,MATCH(L20,'Raw lists'!$C$2:$C$23,0))&" / ",""))&IF(M20="","",IFERROR(INDEX('Raw lists'!$C$2:$C$23,MATCH(M20,'Raw lists'!$C$2:$C$23,0))&" / ","")))-3)) | F20: Core | G20: A problem whose answer is yes or no. | H20: =COUNTIF(C20:E20,"?*") -> 0 | I20: =IF(H20=0,"None",IF(H20=3,"All three",IF(H20=1,"Only "&TRIM(IF(C20<>"","Gemini ","")&IF(D20<>"","RAKE ","")&IF(E20<>"","YAKE","")),SUBSTITUTE(TRIM(IF(C20<>"","Gemini ","")&IF(D20<>"","RAKE ","")&IF(E20<>"","YAKE",""))," "," + ")))) -> None | K20: Decision Problem
A21: 20 | B21: Strongly polynomial time | C21: =IF(LEN(IF(K21="","",IFERROR(INDEX('Raw lists'!$A$2:$A$32,MATCH(K21,'Raw lists'!$A$2:$A$32,0))&" / ",""))&IF(L21="","",IFERROR(INDEX('Raw lists'!$A$2:$A$32,MATCH(L21,'Raw lists'!$A$2:$A$32,0))&" / ",""))&IF(M21="","",IFERROR(INDEX('Raw lists'!$A$2:$A$32,MATCH(M21,'Raw lists'!$A$2:$A$32,0))&" / ","")))=0,"",LEFT(IF(K21="","",IFERROR(INDEX('Raw lists'!$A$2:$A$32,MATCH(K21,'Raw lists'!$A$2:$A$32,0))&" / ",""))&IF(L21="","",IFERROR(INDEX('Raw lists'!$A$2:$A$32,MATCH(L21,'Raw lists'!$A$2:$A$32,0))&" / ",""))&IF(M21="","",IFERROR(INDEX('Raw lists'!$A$2:$A$32,MATCH(M21,'Raw lists'!$A$2:$A$32,0))&" / ","")),LEN(IF(K21="","",IFERROR(INDEX('Raw lists'!$A$2:$A$32,MATCH(K21,'Raw lists'!$A$2:$A$32,0))&" / ",""))&IF(L21="","",IFERROR(INDEX('Raw lists'!$A$2:$A$32,MATCH(L21,'Raw lists'!$A$2:$A$32,0))&" / ",""))&IF(M21="","",IFERROR(INDEX('Raw lists'!$A$2:$A$32,MATCH(M21,'Raw lists'!$A$2:$A$32,0))&" / ","")))-3)) -> Polynomial Time / Polynomial | D21: =IF(LEN(IF(K21="","",IFERROR(INDEX('Raw lists'!$B$2:$B$29,MATCH(K21,'Raw lists'!$B$2:$B$29,0))&" / ",""))&IF(L21="","",IFERROR(INDEX('Raw lists'!$B$2:$B$29,MATCH(L21,'Raw lists'!$B$2:$B$29,0))&" / ",""))&IF(M21="","",IFERROR(INDEX('Raw lists'!$B$2:$B$29,MATCH(M21,'Raw lists'!$B$2:$B$29,0))&" / ","")))=0,"",LEFT(IF(K21="","",IFERROR(INDEX('Raw lists'!$B$2:$B$29,MATCH(K21,'Raw lists'!$B$2:$B$29,0))&" / ",""))&IF(L21="","",IFERROR(INDEX('Raw lists'!$B$2:$B$29,MATCH(L21,'Raw lists'!$B$2:$B$29,0))&" / ",""))&IF(M21="","",IFERROR(INDEX('Raw lists'!$B$2:$B$29,MATCH(M21,'Raw lists'!$B$2:$B$29,0))&" / ","")),LEN(IF(K21="","",IFERROR(INDEX('Raw lists'!$B$2:$B$29,MATCH(K21,'Raw lists'!$B$2:$B$29,0))&" / ",""))&IF(L21="","",IFERROR(INDEX('Raw lists'!$B$2:$B$29,MATCH(L21,'Raw lists'!$B$2:$B$29,0))&" / ",""))&IF(M21="","",IFERROR(INDEX('Raw lists'!$B$2:$B$29,MATCH(M21,'Raw lists'!$B$2:$B$29,0))&" / ","")))-3)) | E21: =IF(LEN(IF(K21="","",IFERROR(INDEX('Raw lists'!$C$2:$C$23,MATCH(K21,'Raw lists'!$C$2:$C$23,0))&" / ",""))&IF(L21="","",IFERROR(INDEX('Raw lists'!$C$2:$C$23,MATCH(L21,'Raw lists'!$C$2:$C$23,0))&" / ",""))&IF(M21="","",IFERROR(INDEX('Raw lists'!$C$2:$C$23,MATCH(M21,'Raw lists'!$C$2:$C$23,0))&" / ","")))=0,"",LEFT(IF(K21="","",IFERROR(INDEX('Raw lists'!$C$2:$C$23,MATCH(K21,'Raw lists'!$C$2:$C$23,0))&" / ",""))&IF(L21="","",IFERROR(INDEX('Raw lists'!$C$2:$C$23,MATCH(L21,'Raw lists'!$C$2:$C$23,0))&" / ",""))&IF(M21="","",IFERROR(INDEX('Raw lists'!$C$2:$C$23,MATCH(M21,'Raw lists'!$C$2:$C$23,0))&" / ","")),LEN(IF(K21="","",IFERROR(INDEX('Raw lists'!$C$2:$C$23,MATCH(K21,'Raw lists'!$C$2:$C$23,0))&" / ",""))&IF(L21="","",IFERROR(INDEX('Raw lists'!$C$2:$C$23,MATCH(L21,'Raw lists'!$C$2:$C$23,0))&" / ",""))&IF(M21="","",IFERROR(INDEX('Raw lists'!$C$2:$C$23,MATCH(M21,'Raw lists'!$C$2:$C$23,0))&" / ","")))-3)) -> Polynomial | F21: Core | G21: Running time bounded by a constant-degree polynomial in the input size in words. | H21: =COUNTIF(C21:E21,"?*") -> 2 | I21: =IF(H21=0,"None",IF(H21=3,"All three",IF(H21=1,"Only "&TRIM(IF(C21<>"","Gemini ","")&IF(D21<>"","RAKE ","")&IF(E21<>"","YAKE","")),SUBSTITUTE(TRIM(IF(C21<>"","Gemini ","")&IF(D21<>"","RAKE ","")&IF(E21<>"","YAKE",""))," "," + ")))) -> Gemini + YAKE | K21: Polynomial Time | L21: Polynomial | M21: Strongly Polynomial
A22: 21 | B22: Input size | C22: =IF(LEN(IF(K22="","",IFERROR(INDEX('Raw lists'!$A$2:$A$32,MATCH(K22,'Raw lists'!$A$2:$A$32,0))&" / ",""))&IF(L22="","",IFERROR(INDEX('Raw lists'!$A$2:$A$32,MATCH(L22,'Raw lists'!$A$2:$A$32,0))&" / ",""))&IF(M22="","",IFERROR(INDEX('Raw lists'!$A$2:$A$32,MATCH(M22,'Raw lists'!$A$2:$A$32,0))&" / ","")))=0,"",LEFT(IF(K22="","",IFERROR(INDEX('Raw lists'!$A$2:$A$32,MATCH(K22,'Raw lists'!$A$2:$A$32,0))&" / ",""))&IF(L22="","",IFERROR(INDEX('Raw lists'!$A$2:$A$32,MATCH(L22,'Raw lists'!$A$2:$A$32,0))&" / ",""))&IF(M22="","",IFERROR(INDEX('Raw lists'!$A$2:$A$32,MATCH(M22,'Raw lists'!$A$2:$A$32,0))&" / ","")),LEN(IF(K22="","",IFERROR(INDEX('Raw lists'!$A$2:$A$32,MATCH(K22,'Raw lists'!$A$2:$A$32,0))&" / ",""))&IF(L22="","",IFERROR(INDEX('Raw lists'!$A$2:$A$32,MATCH(L22,'Raw lists'!$A$2:$A$32,0))&" / ",""))&IF(M22="","",IFERROR(INDEX('Raw lists'!$A$2:$A$32,MATCH(M22,'Raw lists'!$A$2:$A$32,0))&" / ","")))-3)) -> Input Size | D22: =IF(LEN(IF(K22="","",IFERROR(INDEX('Raw lists'!$B$2:$B$29,MATCH(K22,'Raw lists'!$B$2:$B$29,0))&" / ",""))&IF(L22="","",IFERROR(INDEX('Raw lists'!$B$2:$B$29,MATCH(L22,'Raw lists'!$B$2:$B$29,0))&" / ",""))&IF(M22="","",IFERROR(INDEX('Raw lists'!$B$2:$B$29,MATCH(M22,'Raw lists'!$B$2:$B$29,0))&" / ","")))=0,"",LEFT(IF(K22="","",IFERROR(INDEX('Raw lists'!$B$2:$B$29,MATCH(K22,'Raw lists'!$B$2:$B$29,0))&" / ",""))&IF(L22="","",IFERROR(INDEX('Raw lists'!$B$2:$B$29,MATCH(L22,'Raw lists'!$B$2:$B$29,0))&" / ",""))&IF(M22="","",IFERROR(INDEX('Raw lists'!$B$2:$B$29,MATCH(M22,'Raw lists'!$B$2:$B$29,0))&" / ","")),LEN(IF(K22="","",IFERROR(INDEX('Raw lists'!$B$2:$B$29,MATCH(K22,'Raw lists'!$B$2:$B$29,0))&" / ",""))&IF(L22="","",IFERROR(INDEX('Raw lists'!$B$2:$B$29,MATCH(L22,'Raw lists'!$B$2:$B$29,0))&" / ",""))&IF(M22="","",IFERROR(INDEX('Raw lists'!$B$2:$B$29,MATCH(M22,'Raw lists'!$B$2:$B$29,0))&" / ","")))-3)) | E22: =IF(LEN(IF(K22="","",IFERROR(INDEX('Raw lists'!$C$2:$C$23,MATCH(K22,'Raw lists'!$C$2:$C$23,0))&" / ",""))&IF(L22="","",IFERROR(INDEX('Raw lists'!$C$2:$C$23,MATCH(L22,'Raw lists'!$C$2:$C$23,0))&" / ",""))&IF(M22="","",IFERROR(INDEX('Raw lists'!$C$2:$C$23,MATCH(M22,'Raw lists'!$C$2:$C$23,0))&" / ","")))=0,"",LEFT(IF(K22="","",IFERROR(INDEX('Raw lists'!$C$2:$C$23,MATCH(K22,'Raw lists'!$C$2:$C$23,0))&" / ",""))&IF(L22="","",IFERROR(INDEX('Raw lists'!$C$2:$C$23,MATCH(L22,'Raw lists'!$C$2:$C$23,0))&" / ",""))&IF(M22="","",IFERROR(INDEX('Raw lists'!$C$2:$C$23,MATCH(M22,'Raw lists'!$C$2:$C$23,0))&" / ","")),LEN(IF(K22="","",IFERROR(INDEX('Raw lists'!$C$2:$C$23,MATCH(K22,'Raw lists'!$C$2:$C$23,0))&" / ",""))&IF(L22="","",IFERROR(INDEX('Raw lists'!$C$2:$C$23,MATCH(L22,'Raw lists'!$C$2:$C$23,0))&" / ",""))&IF(M22="","",IFERROR(INDEX('Raw lists'!$C$2:$C$23,MATCH(M22,'Raw lists'!$C$2:$C$23,0))&" / ","")))-3)) | F22: Core | G22: The number of words in the input, such as one integer plus n integers. | H22: =COUNTIF(C22:E22,"?*") -> 1 | I22: =IF(H22=0,"None",IF(H22=3,"All three",IF(H22=1,"Only "&TRIM(IF(C22<>"","Gemini ","")&IF(D22<>"","RAKE ","")&IF(E22<>"","YAKE","")),SUBSTITUTE(TRIM(IF(C22<>"","Gemini ","")&IF(D22<>"","RAKE ","")&IF(E22<>"","YAKE",""))," "," + ")))) -> Only Gemini | K22: Input Size
A23: 22 | B23: Word RAM model | C23: =IF(LEN(IF(K23="","",IFERROR(INDEX('Raw lists'!$A$2:$A$32,MATCH(K23,'Raw lists'!$A$2:$A$32,0))&" / ",""))&IF(L23="","",IFERROR(INDEX('Raw lists'!$A$2:$A$32,MATCH(L23,'Raw lists'!$A$2:$A$32,0))&" / ",""))&IF(M23="","",IFERROR(INDEX('Raw lists'!$A$2:$A$32,MATCH(M23,'Raw lists'!$A$2:$A$32,0))&" / ","")))=0,"",LEFT(IF(K23="","",IFERROR(INDEX('Raw lists'!$A$2:$A$32,MATCH(K23,'Raw lists'!$A$2:$A$32,0))&" / ",""))&IF(L23="","",IFERROR(INDEX('Raw lists'!$A$2:$A$32,MATCH(L23,'Raw lists'!$A$2:$A$32,0))&" / ",""))&IF(M23="","",IFERROR(INDEX('Raw lists'!$A$2:$A$32,MATCH(M23,'Raw lists'!$A$2:$A$32,0))&" / ","")),LEN(IF(K23="","",IFERROR(INDEX('Raw lists'!$A$2:$A$32,MATCH(K23,'Raw lists'!$A$2:$A$32,0))&" / ",""))&IF(L23="","",IFERROR(INDEX('Raw lists'!$A$2:$A$32,MATCH(L23,'Raw lists'!$A$2:$A$32,0))&" / ",""))&IF(M23="","",IFERROR(INDEX('Raw lists'!$A$2:$A$32,MATCH(M23,'Raw lists'!$A$2:$A$32,0))&" / ","")))-3)) | D23: =IF(LEN(IF(K23="","",IFERROR(INDEX('Raw lists'!$B$2:$B$29,MATCH(K23,'Raw lists'!$B$2:$B$29,0))&" / ",""))&IF(L23="","",IFERROR(INDEX('Raw lists'!$B$2:$B$29,MATCH(L23,'Raw lists'!$B$2:$B$29,0))&" / ",""))&IF(M23="","",IFERROR(INDEX('Raw lists'!$B$2:$B$29,MATCH(M23,'Raw lists'!$B$2:$B$29,0))&" / ","")))=0,"",LEFT(IF(K23="","",IFERROR(INDEX('Raw lists'!$B$2:$B$29,MATCH(K23,'Raw lists'!$B$2:$B$29,0))&" / ",""))&IF(L23="","",IFERROR(INDEX('Raw lists'!$B$2:$B$29,MATCH(L23,'Raw lists'!$B$2:$B$29,0))&" / ",""))&IF(M23="","",IFERROR(INDEX('Raw lists'!$B$2:$B$29,MATCH(M23,'Raw lists'!$B$2:$B$29,0))&" / ","")),LEN(IF(K23="","",IFERROR(INDEX('Raw lists'!$B$2:$B$29,MATCH(K23,'Raw lists'!$B$2:$B$29,0))&" / ",""))&IF(L23="","",IFERROR(INDEX('Raw lists'!$B$2:$B$29,MATCH(L23,'Raw lists'!$B$2:$B$29,0))&" / ",""))&IF(M23="","",IFERROR(INDEX('Raw lists'!$B$2:$B$29,MATCH(M23,'Raw lists'!$B$2:$B$29,0))&" / ","")))-3)) -> Bit Word RAM | E23: =IF(LEN(IF(K23="","",IFERROR(INDEX('Raw lists'!$C$2:$C$23,MATCH(K23,'Raw lists'!$C$2:$C$23,0))&" / ",""))&IF(L23="","",IFERROR(INDEX('Raw lists'!$C$2:$C$23,MATCH(L23,'Raw lists'!$C$2:$C$23,0))&" / ",""))&IF(M23="","",IFERROR(INDEX('Raw lists'!$C$2:$C$23,MATCH(M23,'Raw lists'!$C$2:$C$23,0))&" / ","")))=0,"",LEFT(IF(K23="","",IFERROR(INDEX('Raw lists'!$C$2:$C$23,MATCH(K23,'Raw lists'!$C$2:$C$23,0))&" / ",""))&IF(L23="","",IFERROR(INDEX('Raw lists'!$C$2:$C$23,MATCH(L23,'Raw lists'!$C$2:$C$23,0))&" / ",""))&IF(M23="","",IFERROR(INDEX('Raw lists'!$C$2:$C$23,MATCH(M23,'Raw lists'!$C$2:$C$23,0))&" / ","")),LEN(IF(K23="","",IFERROR(INDEX('Raw lists'!$C$2:$C$23,MATCH(K23,'Raw lists'!$C$2:$C$23,0))&" / ",""))&IF(L23="","",IFERROR(INDEX('Raw lists'!$C$2:$C$23,MATCH(L23,'Raw lists'!$C$2:$C$23,0))&" / ",""))&IF(M23="","",IFERROR(INDEX('Raw lists'!$C$2:$C$23,MATCH(M23,'Raw lists'!$C$2:$C$23,0))&" / ","")))-3)) | F23: Core | G23: Machine model with w-bit words, used to measure input size and running time. | H23: =COUNTIF(C23:E23,"?*") -> 1 | I23: =IF(H23=0,"None",IF(H23=3,"All three",IF(H23=1,"Only "&TRIM(IF(C23<>"","Gemini ","")&IF(D23<>"","RAKE ","")&IF(E23<>"","YAKE","")),SUBSTITUTE(TRIM(IF(C23<>"","Gemini ","")&IF(D23<>"","RAKE ","")&IF(E23<>"","YAKE",""))," "," + ")))) -> Only RAKE | K23: Bit Word RAM | L23: Word RAM
A24: 23 | B24: Pseudopolynomial time | C24: =IF(LEN(IF(K24="","",IFERROR(INDEX('Raw lists'!$A$2:$A$32,MATCH(K24,'Raw lists'!$A$2:$A$32,0))&" / ",""))&IF(L24="","",IFERROR(INDEX('Raw lists'!$A$2:$A$32,MATCH(L24,'Raw lists'!$A$2:$A$32,0))&" / ",""))&IF(M24="","",IFERROR(INDEX('Raw lists'!$A$2:$A$32,MATCH(M24,'Raw lists'!$A$2:$A$32,0))&" / ","")))=0,"",LEFT(IF(K24="","",IFERROR(INDEX('Raw lists'!$A$2:$A$32,MATCH(K24,'Raw lists'!$A$2:$A$32,0))&" / ",""))&IF(L24="","",IFERROR(INDEX('Raw lists'!$A$2:$A$32,MATCH(L24,'Raw lists'!$A$2:$A$32,0))&" / ",""))&IF(M24="","",IFERROR(INDEX('Raw lists'!$A$2:$A$32,MATCH(M24,'Raw lists'!$A$2:$A$32,0))&" / ","")),LEN(IF(K24="","",IFERROR(INDEX('Raw lists'!$A$2:$A$32,MATCH(K24,'Raw lists'!$A$2:$A$32,0))&" / ",""))&IF(L24="","",IFERROR(INDEX('Raw lists'!$A$2:$A$32,MATCH(L24,'Raw lists'!$A$2:$A$32,0))&" / ",""))&IF(M24="","",IFERROR(INDEX('Raw lists'!$A$2:$A$32,MATCH(M24,'Raw lists'!$A$2:$A$32,0))&" / ","")))-3)) -> Pseudopolynomial | D24: =IF(LEN(IF(K24="","",IFERROR(INDEX('Raw lists'!$B$2:$B$29,MATCH(K24,'Raw lists'!$B$2:$B$29,0))&" / ",""))&IF(L24="","",IFERROR(INDEX('Raw lists'!$B$2:$B$29,MATCH(L24,'Raw lists'!$B$2:$B$29,0))&" / ",""))&IF(M24="","",IFERROR(INDEX('Raw lists'!$B$2:$B$29,MATCH(M24,'Raw lists'!$B$2:$B$29,0))&" / ","")))=0,"",LEFT(IF(K24="","",IFERROR(INDEX('Raw lists'!$B$2:$B$29,MATCH(K24,'Raw lists'!$B$2:$B$29,0))&" / ",""))&IF(L24="","",IFERROR(INDEX('Raw lists'!$B$2:$B$29,MATCH(L24,'Raw lists'!$B$2:$B$29,0))&" / ",""))&IF(M24="","",IFERROR(INDEX('Raw lists'!$B$2:$B$29,MATCH(M24,'Raw lists'!$B$2:$B$29,0))&" / ","")),LEN(IF(K24="","",IFERROR(INDEX('Raw lists'!$B$2:$B$29,MATCH(K24,'Raw lists'!$B$2:$B$29,0))&" / ",""))&IF(L24="","",IFERROR(INDEX('Raw lists'!$B$2:$B$29,MATCH(L24,'Raw lists'!$B$2:$B$29,0))&" / ",""))&IF(M24="","",IFERROR(INDEX('Raw lists'!$B$2:$B$29,MATCH(M24,'Raw lists'!$B$2:$B$29,0))&" / ","")))-3)) -> Pseudopolynomial | E24: =IF(LEN(IF(K24="","",IFERROR(INDEX('Raw lists'!$C$2:$C$23,MATCH(K24,'Raw lists'!$C$2:$C$23,0))&" / ",""))&IF(L24="","",IFERROR(INDEX('Raw lists'!$C$2:$C$23,MATCH(L24,'Raw lists'!$C$2:$C$23,0))&" / ",""))&IF(M24="","",IFERROR(INDEX('Raw lists'!$C$2:$C$23,MATCH(M24,'Raw lists'!$C$2:$C$23,0))&" / ","")))=0,"",LEFT(IF(K24="","",IFERROR(INDEX('Raw lists'!$C$2:$C$23,MATCH(K24,'Raw lists'!$C$2:$C$23,0))&" / ",""))&IF(L24="","",IFERROR(INDEX('Raw lists'!$C$2:$C$23,MATCH(L24,'Raw lists'!$C$2:$C$23,0))&" / ",""))&IF(M24="","",IFERROR(INDEX('Raw lists'!$C$2:$C$23,MATCH(M24,'Raw lists'!$C$2:$C$23,0))&" / ","")),LEN(IF(K24="","",IFERROR(INDEX('Raw lists'!$C$2:$C$23,MATCH(K24,'Raw lists'!$C$2:$C$23,0))&" / ",""))&IF(L24="","",IFERROR(INDEX('Raw lists'!$C$2:$C$23,MATCH(L24,'Raw lists'!$C$2:$C$23,0))&" / ",""))&IF(M24="","",IFERROR(INDEX('Raw lists'!$C$2:$C$23,MATCH(M24,'Raw lists'!$C$2:$C$23,0))&" / ","")))-3)) -> Pseudopolynomial | F24: Core | G24: Running time polynomial in the input size and in the values of the input integers. | H24: =COUNTIF(C24:E24,"?*") -> 3 | I24: =IF(H24=0,"None",IF(H24=3,"All three",IF(H24=1,"Only "&TRIM(IF(C24<>"","Gemini ","")&IF(D24<>"","RAKE ","")&IF(E24<>"","YAKE","")),SUBSTITUTE(TRIM(IF(C24<>"","Gemini ","")&IF(D24<>"","RAKE ","")&IF(E24<>"","YAKE",""))," "," + ")))) -> All three | K24: Pseudopolynomial | L24: Pseudopolynomial Time
A25: 24 | B25: Polynomially bounded integers | C25: =IF(LEN(IF(K25="","",IFERROR(INDEX('Raw lists'!$A$2:$A$32,MATCH(K25,'Raw lists'!$A$2:$A$32,0))&" / ",""))&IF(L25="","",IFERROR(INDEX('Raw lists'!$A$2:$A$32,MATCH(L25,'Raw lists'!$A$2:$A$32,0))&" / ",""))&IF(M25="","",IFERROR(INDEX('Raw lists'!$A$2:$A$32,MATCH(M25,'Raw lists'!$A$2:$A$32,0))&" / ","")))=0,"",LEFT(IF(K25="","",IFERROR(INDEX('Raw lists'!$A$2:$A$32,MATCH(K25,'Raw lists'!$A$2:$A$32,0))&" / ",""))&IF(L25="","",IFERROR(INDEX('Raw lists'!$A$2:$A$32,MATCH(L25,'Raw lists'!$A$2:$A$32,0))&" / ",""))&IF(M25="","",IFERROR(INDEX('Raw lists'!$A$2:$A$32,MATCH(M25,'Raw lists'!$A$2:$A$32,0))&" / ","")),LEN(IF(K25="","",IFERROR(INDEX('Raw lists'!$A$2:$A$32,MATCH(K25,'Raw lists'!$A$2:$A$32,0))&" / ",""))&IF(L25="","",IFERROR(INDEX('Raw lists'!$A$2:$A$32,MATCH(L25,'Raw lists'!$A$2:$A$32,0))&" / ",""))&IF(M25="","",IFERROR(INDEX('Raw lists'!$A$2:$A$32,MATCH(M25,'Raw lists'!$A$2:$A$32,0))&" / ","")))-3)) | D25: =IF(LEN(IF(K25="","",IFERROR(INDEX('Raw lists'!$B$2:$B$29,MATCH(K25,'Raw lists'!$B$2:$B$29,0))&" / ",""))&IF(L25="","",IFERROR(INDEX('Raw lists'!$B$2:$B$29,MATCH(L25,'Raw lists'!$B$2:$B$29,0))&" / ",""))&IF(M25="","",IFERROR(INDEX('Raw lists'!$B$2:$B$29,MATCH(M25,'Raw lists'!$B$2:$B$29,0))&" / ","")))=0,"",LEFT(IF(K25="","",IFERROR(INDEX('Raw lists'!$B$2:$B$29,MATCH(K25,'Raw lists'!$B$2:$B$29,0))&" / ",""))&IF(L25="","",IFERROR(INDEX('Raw lists'!$B$2:$B$29,MATCH(L25,'Raw lists'!$B$2:$B$29,0))&" / ",""))&IF(M25="","",IFERROR(INDEX('Raw lists'!$B$2:$B$29,MATCH(M25,'Raw lists'!$B$2:$B$29,0))&" / ","")),LEN(IF(K25="","",IFERROR(INDEX('Raw lists'!$B$2:$B$29,MATCH(K25,'Raw lists'!$B$2:$B$29,0))&" / ",""))&IF(L25="","",IFERROR(INDEX('Raw lists'!$B$2:$B$29,MATCH(L25,'Raw lists'!$B$2:$B$29,0))&" / ",""))&IF(M25="","",IFERROR(INDEX('Raw lists'!$B$2:$B$29,MATCH(M25,'Raw lists'!$B$2:$B$29,0))&" / ","")))-3)) | E25: =IF(LEN(IF(K25="","",IFERROR(INDEX('Raw lists'!$C$2:$C$23,MATCH(K25,'Raw lists'!$C$2:$C$23,0))&" / ",""))&IF(L25="","",IFERROR(INDEX('Raw lists'!$C$2:$C$23,MATCH(L25,'Raw lists'!$C$2:$C$23,0))&" / ",""))&IF(M25="","",IFERROR(INDEX('Raw lists'!$C$2:$C$23,MATCH(M25,'Raw lists'!$C$2:$C$23,0))&" / ","")))=0,"",LEFT(IF(K25="","",IFERROR(INDEX('Raw lists'!$C$2:$C$23,MATCH(K25,'Raw lists'!$C$2:$C$23,0))&" / ",""))&IF(L25="","",IFERROR(INDEX('Raw lists'!$C$2:$C$23,MATCH(L25,'Raw lists'!$C$2:$C$23,0))&" / ",""))&IF(M25="","",IFERROR(INDEX('Raw lists'!$C$2:$C$23,MATCH(M25,'Raw lists'!$C$2:$C$23,0))&" / ","")),LEN(IF(K25="","",IFERROR(INDEX('Raw lists'!$C$2:$C$23,MATCH(K25,'Raw lists'!$C$2:$C$23,0))&" / ",""))&IF(L25="","",IFERROR(INDEX('Raw lists'!$C$2:$C$23,MATCH(L25,'Raw lists'!$C$2:$C$23,0))&" / ",""))&IF(M25="","",IFERROR(INDEX('Raw lists'!$C$2:$C$23,MATCH(M25,'Raw lists'!$C$2:$C$23,0))&" / ","")))-3)) | F25: Core | G25: Integers of size n^O(1), the case where pseudopolynomial time becomes polynomial. | H25: =COUNTIF(C25:E25,"?*") -> 0 | I25: =IF(H25=0,"None",IF(H25=3,"All three",IF(H25=1,"Only "&TRIM(IF(C25<>"","Gemini ","")&IF(D25<>"","RAKE ","")&IF(E25<>"","YAKE","")),SUBSTITUTE(TRIM(IF(C25<>"","Gemini ","")&IF(D25<>"","RAKE ","")&IF(E25<>"","YAKE",""))," "," + ")))) -> None | K25: Polynomially Bounded
A26: 25 | B26: Weakly polynomial time | C26: =IF(LEN(IF(K26="","",IFERROR(INDEX('Raw lists'!$A$2:$A$32,MATCH(K26,'Raw lists'!$A$2:$A$32,0))&" / ",""))&IF(L26="","",IFERROR(INDEX('Raw lists'!$A$2:$A$32,MATCH(L26,'Raw lists'!$A$2:$A$32,0))&" / ",""))&IF(M26="","",IFERROR(INDEX('Raw lists'!$A$2:$A$32,MATCH(M26,'Raw lists'!$A$2:$A$32,0))&" / ","")))=0,"",LEFT(IF(K26="","",IFERROR(INDEX('Raw lists'!$A$2:$A$32,MATCH(K26,'Raw lists'!$A$2:$A$32,0))&" / ",""))&IF(L26="","",IFERROR(INDEX('Raw lists'!$A$2:$A$32,MATCH(L26,'Raw lists'!$A$2:$A$32,0))&" / ",""))&IF(M26="","",IFERROR(INDEX('Raw lists'!$A$2:$A$32,MATCH(M26,'Raw lists'!$A$2:$A$32,0))&" / ","")),LEN(IF(K26="","",IFERROR(INDEX('Raw lists'!$A$2:$A$32,MATCH(K26,'Raw lists'!$A$2:$A$32,0))&" / ",""))&IF(L26="","",IFERROR(INDEX('Raw lists'!$A$2:$A$32,MATCH(L26,'Raw lists'!$A$2:$A$32,0))&" / ",""))&IF(M26="","",IFERROR(INDEX('Raw lists'!$A$2:$A$32,MATCH(M26,'Raw lists'!$A$2:$A$32,0))&" / ","")))-3)) | D26: =IF(LEN(IF(K26="","",IFERROR(INDEX('Raw lists'!$B$2:$B$29,MATCH(K26,'Raw lists'!$B$2:$B$29,0))&" / ",""))&IF(L26="","",IFERROR(INDEX('Raw lists'!$B$2:$B$29,MATCH(L26,'Raw lists'!$B$2:$B$29,0))&" / ",""))&IF(M26="","",IFERROR(INDEX('Raw lists'!$B$2:$B$29,MATCH(M26,'Raw lists'!$B$2:$B$29,0))&" / ","")))=0,"",LEFT(IF(K26="","",IFERROR(INDEX('Raw lists'!$B$2:$B$29,MATCH(K26,'Raw lists'!$B$2:$B$29,0))&" / ",""))&IF(L26="","",IFERROR(INDEX('Raw lists'!$B$2:$B$29,MATCH(L26,'Raw lists'!$B$2:$B$29,0))&" / ",""))&IF(M26="","",IFERROR(INDEX('Raw lists'!$B$2:$B$29,MATCH(M26,'Raw lists'!$B$2:$B$29,0))&" / ","")),LEN(IF(K26="","",IFERROR(INDEX('Raw lists'!$B$2:$B$29,MATCH(K26,'Raw lists'!$B$2:$B$29,0))&" / ",""))&IF(L26="","",IFERROR(INDEX('Raw lists'!$B$2:$B$29,MATCH(L26,'Raw lists'!$B$2:$B$29,0))&" / ",""))&IF(M26="","",IFERROR(INDEX('Raw lists'!$B$2:$B$29,MATCH(M26,'Raw lists'!$B$2:$B$29,0))&" / ","")))-3)) | E26: =IF(LEN(IF(K26="","",IFERROR(INDEX('Raw lists'!$C$2:$C$23,MATCH(K26,'Raw lists'!$C$2:$C$23,0))&" / ",""))&IF(L26="","",IFERROR(INDEX('Raw lists'!$C$2:$C$23,MATCH(L26,'Raw lists'!$C$2:$C$23,0))&" / ",""))&IF(M26="","",IFERROR(INDEX('Raw lists'!$C$2:$C$23,MATCH(M26,'Raw lists'!$C$2:$C$23,0))&" / ","")))=0,"",LEFT(IF(K26="","",IFERROR(INDEX('Raw lists'!$C$2:$C$23,MATCH(K26,'Raw lists'!$C$2:$C$23,0))&" / ",""))&IF(L26="","",IFERROR(INDEX('Raw lists'!$C$2:$C$23,MATCH(L26,'Raw lists'!$C$2:$C$23,0))&" / ",""))&IF(M26="","",IFERROR(INDEX('Raw lists'!$C$2:$C$23,MATCH(M26,'Raw lists'!$C$2:$C$23,0))&" / ","")),LEN(IF(K26="","",IFERROR(INDEX('Raw lists'!$C$2:$C$23,MATCH(K26,'Raw lists'!$C$2:$C$23,0))&" / ",""))&IF(L26="","",IFERROR(INDEX('Raw lists'!$C$2:$C$23,MATCH(L26,'Raw lists'!$C$2:$C$23,0))&" / ",""))&IF(M26="","",IFERROR(INDEX('Raw lists'!$C$2:$C$23,MATCH(M26,'Raw lists'!$C$2:$C$23,0))&" / ","")))-3)) | F26: Core | G26: Polynomial in the input size measured in bits; between strongly polynomial and pseudopolynomial. | H26: =COUNTIF(C26:E26,"?*") -> 0 | I26: =IF(H26=0,"None",IF(H26=3,"All three",IF(H26=1,"Only "&TRIM(IF(C26<>"","Gemini ","")&IF(D26<>"","RAKE ","")&IF(E26<>"","YAKE","")),SUBSTITUTE(TRIM(IF(C26<>"","Gemini ","")&IF(D26<>"","RAKE ","")&IF(E26<>"","YAKE",""))," "," + ")))) -> None | K26: Weakly Polynomial
A27: 26 | B27: Knapsack Problem | C27: =IF(LEN(IF(K27="","",IFERROR(INDEX('Raw lists'!$A$2:$A$32,MATCH(K27,'Raw lists'!$A$2:$A$32,0))&" / ",""))&IF(L27="","",IFERROR(INDEX('Raw lists'!$A$2:$A$32,MATCH(L27,'Raw lists'!$A$2:$A$32,0))&" / ",""))&IF(M27="","",IFERROR(INDEX('Raw lists'!$A$2:$A$32,MATCH(M27,'Raw lists'!$A$2:$A$32,0))&" / ","")))=0,"",LEFT(IF(K27="","",IFERROR(INDEX('Raw lists'!$A$2:$A$32,MATCH(K27,'Raw lists'!$A$2:$A$32,0))&" / ",""))&IF(L27="","",IFERROR(INDEX('Raw lists'!$A$2:$A$32,MATCH(L27,'Raw lists'!$A$2:$A$32,0))&" / ",""))&IF(M27="","",IFERROR(INDEX('Raw lists'!$A$2:$A$32,MATCH(M27,'Raw lists'!$A$2:$A$32,0))&" / ","")),LEN(IF(K27="","",IFERROR(INDEX('Raw lists'!$A$2:$A$32,MATCH(K27,'Raw lists'!$A$2:$A$32,0))&" / ",""))&IF(L27="","",IFERROR(INDEX('Raw lists'!$A$2:$A$32,MATCH(L27,'Raw lists'!$A$2:$A$32,0))&" / ",""))&IF(M27="","",IFERROR(INDEX('Raw lists'!$A$2:$A$32,MATCH(M27,'Raw lists'!$A$2:$A$32,0))&" / ","")))-3)) | D27: =IF(LEN(IF(K27="","",IFERROR(INDEX('Raw lists'!$B$2:$B$29,MATCH(K27,'Raw lists'!$B$2:$B$29,0))&" / ",""))&IF(L27="","",IFERROR(INDEX('Raw lists'!$B$2:$B$29,MATCH(L27,'Raw lists'!$B$2:$B$29,0))&" / ",""))&IF(M27="","",IFERROR(INDEX('Raw lists'!$B$2:$B$29,MATCH(M27,'Raw lists'!$B$2:$B$29,0))&" / ","")))=0,"",LEFT(IF(K27="","",IFERROR(INDEX('Raw lists'!$B$2:$B$29,MATCH(K27,'Raw lists'!$B$2:$B$29,0))&" / ",""))&IF(L27="","",IFERROR(INDEX('Raw lists'!$B$2:$B$29,MATCH(L27,'Raw lists'!$B$2:$B$29,0))&" / ",""))&IF(M27="","",IFERROR(INDEX('Raw lists'!$B$2:$B$29,MATCH(M27,'Raw lists'!$B$2:$B$29,0))&" / ","")),LEN(IF(K27="","",IFERROR(INDEX('Raw lists'!$B$2:$B$29,MATCH(K27,'Raw lists'!$B$2:$B$29,0))&" / ",""))&IF(L27="","",IFERROR(INDEX('Raw lists'!$B$2:$B$29,MATCH(L27,'Raw lists'!$B$2:$B$29,0))&" / ",""))&IF(M27="","",IFERROR(INDEX('Raw lists'!$B$2:$B$29,MATCH(M27,'Raw lists'!$B$2:$B$29,0))&" / ","")))-3)) | E27: =IF(LEN(IF(K27="","",IFERROR(INDEX('Raw lists'!$C$2:$C$23,MATCH(K27,'Raw lists'!$C$2:$C$23,0))&" / ",""))&IF(L27="","",IFERROR(INDEX('Raw lists'!$C$2:$C$23,MATCH(L27,'Raw lists'!$C$2:$C$23,0))&" / ",""))&IF(M27="","",IFERROR(INDEX('Raw lists'!$C$2:$C$23,MATCH(M27,'Raw lists'!$C$2:$C$23,0))&" / ","")))=0,"",LEFT(IF(K27="","",IFERROR(INDEX('Raw lists'!$C$2:$C$23,MATCH(K27,'Raw lists'!$C$2:$C$23,0))&" / ",""))&IF(L27="","",IFERROR(INDEX('Raw lists'!$C$2:$C$23,MATCH(L27,'Raw lists'!$C$2:$C$23,0))&" / ",""))&IF(M27="","",IFERROR(INDEX('Raw lists'!$C$2:$C$23,MATCH(M27,'Raw lists'!$C$2:$C$23,0))&" / ","")),LEN(IF(K27="","",IFERROR(INDEX('Raw lists'!$C$2:$C$23,MATCH(K27,'Raw lists'!$C$2:$C$23,0))&" / ",""))&IF(L27="","",IFERROR(INDEX('Raw lists'!$C$2:$C$23,MATCH(L27,'Raw lists'!$C$2:$C$23,0))&" / ",""))&IF(M27="","",IFERROR(INDEX('Raw lists'!$C$2:$C$23,MATCH(M27,'Raw lists'!$C$2:$C$23,0))&" / ","")))-3)) | F27: Core | G27: Generalizes Rod Cutting and Subset Sum; its algorithm is only pseudopolynomial. | H27: =COUNTIF(C27:E27,"?*") -> 0 | I27: =IF(H27=0,"None",IF(H27=3,"All three",IF(H27=1,"Only "&TRIM(IF(C27<>"","Gemini ","")&IF(D27<>"","RAKE ","")&IF(E27<>"","YAKE","")),SUBSTITUTE(TRIM(IF(C27<>"","Gemini ","")&IF(D27<>"","RAKE ","")&IF(E27<>"","YAKE",""))," "," + ")))) -> None | K27: Knapsack Problem | L27: Knapsack
A28: 27 | B28: P versus NP | C28: =IF(LEN(IF(K28="","",IFERROR(INDEX('Raw lists'!$A$2:$A$32,MATCH(K28,'Raw lists'!$A$2:$A$32,0))&" / ",""))&IF(L28="","",IFERROR(INDEX('Raw lists'!$A$2:$A$32,MATCH(L28,'Raw lists'!$A$2:$A$32,0))&" / ",""))&IF(M28="","",IFERROR(INDEX('Raw lists'!$A$2:$A$32,MATCH(M28,'Raw lists'!$A$2:$A$32,0))&" / ","")))=0,"",LEFT(IF(K28="","",IFERROR(INDEX('Raw lists'!$A$2:$A$32,MATCH(K28,'Raw lists'!$A$2:$A$32,0))&" / ",""))&IF(L28="","",IFERROR(INDEX('Raw lists'!$A$2:$A$32,MATCH(L28,'Raw lists'!$A$2:$A$32,0))&" / ",""))&IF(M28="","",IFERROR(INDEX('Raw lists'!$A$2:$A$32,MATCH(M28,'Raw lists'!$A$2:$A$32,0))&" / ","")),LEN(IF(K28="","",IFERROR(INDEX('Raw lists'!$A$2:$A$32,MATCH(K28,'Raw lists'!$A$2:$A$32,0))&" / ",""))&IF(L28="","",IFERROR(INDEX('Raw lists'!$A$2:$A$32,MATCH(L28,'Raw lists'!$A$2:$A$32,0))&" / ",""))&IF(M28="","",IFERROR(INDEX('Raw lists'!$A$2:$A$32,MATCH(M28,'Raw lists'!$A$2:$A$32,0))&" / ","")))-3)) | D28: =IF(LEN(IF(K28="","",IFERROR(INDEX('Raw lists'!$B$2:$B$29,MATCH(K28,'Raw lists'!$B$2:$B$29,0))&" / ",""))&IF(L28="","",IFERROR(INDEX('Raw lists'!$B$2:$B$29,MATCH(L28,'Raw lists'!$B$2:$B$29,0))&" / ",""))&IF(M28="","",IFERROR(INDEX('Raw lists'!$B$2:$B$29,MATCH(M28,'Raw lists'!$B$2:$B$29,0))&" / ","")))=0,"",LEFT(IF(K28="","",IFERROR(INDEX('Raw lists'!$B$2:$B$29,MATCH(K28,'Raw lists'!$B$2:$B$29,0))&" / ",""))&IF(L28="","",IFERROR(INDEX('Raw lists'!$B$2:$B$29,MATCH(L28,'Raw lists'!$B$2:$B$29,0))&" / ",""))&IF(M28="","",IFERROR(INDEX('Raw lists'!$B$2:$B$29,MATCH(M28,'Raw lists'!$B$2:$B$29,0))&" / ","")),LEN(IF(K28="","",IFERROR(INDEX('Raw lists'!$B$2:$B$29,MATCH(K28,'Raw lists'!$B$2:$B$29,0))&" / ",""))&IF(L28="","",IFERROR(INDEX('Raw lists'!$B$2:$B$29,MATCH(L28,'Raw lists'!$B$2:$B$29,0))&" / ",""))&IF(M28="","",IFERROR(INDEX('Raw lists'!$B$2:$B$29,MATCH(M28,'Raw lists'!$B$2:$B$29,0))&" / ","")))-3)) | E28: =IF(LEN(IF(K28="","",IFERROR(INDEX('Raw lists'!$C$2:$C$23,MATCH(K28,'Raw lists'!$C$2:$C$23,0))&" / ",""))&IF(L28="","",IFERROR(INDEX('Raw lists'!$C$2:$C$23,MATCH(L28,'Raw lists'!$C$2:$C$23,0))&" / ",""))&IF(M28="","",IFERROR(INDEX('Raw lists'!$C$2:$C$23,MATCH(M28,'Raw lists'!$C$2:$C$23,0))&" / ","")))=0,"",LEFT(IF(K28="","",IFERROR(INDEX('Raw lists'!$C$2:$C$23,MATCH(K28,'Raw lists'!$C$2:$C$23,0))&" / ",""))&IF(L28="","",IFERROR(INDEX('Raw lists'!$C$2:$C$23,MATCH(L28,'Raw lists'!$C$2:$C$23,0))&" / ",""))&IF(M28="","",IFERROR(INDEX('Raw lists'!$C$2:$C$23,MATCH(M28,'Raw lists'!$C$2:$C$23,0))&" / ","")),LEN(IF(K28="","",IFERROR(INDEX('Raw lists'!$C$2:$C$23,MATCH(K28,'Raw lists'!$C$2:$C$23,0))&" / ",""))&IF(L28="","",IFERROR(INDEX('Raw lists'!$C$2:$C$23,MATCH(L28,'Raw lists'!$C$2:$C$23,0))&" / ",""))&IF(M28="","",IFERROR(INDEX('Raw lists'!$C$2:$C$23,MATCH(M28,'Raw lists'!$C$2:$C$23,0))&" / ","")))-3)) | F28: Core | G28: Subset Sum is not solvable in polynomial time for unbounded integers if P is not NP. | H28: =COUNTIF(C28:E28,"?*") -> 0 | I28: =IF(H28=0,"None",IF(H28=3,"All three",IF(H28=1,"Only "&TRIM(IF(C28<>"","Gemini ","")&IF(D28<>"","RAKE ","")&IF(E28<>"","YAKE","")),SUBSTITUTE(TRIM(IF(C28<>"","Gemini ","")&IF(D28<>"","RAKE ","")&IF(E28<>"","YAKE",""))," "," + ")))) -> None | K28: P Versus NP
A29: 28 | B29: Integer subproblems | C29: =IF(LEN(IF(K29="","",IFERROR(INDEX('Raw lists'!$A$2:$A$32,MATCH(K29,'Raw lists'!$A$2:$A$32,0))&" / ",""))&IF(L29="","",IFERROR(INDEX('Raw lists'!$A$2:$A$32,MATCH(L29,'Raw lists'!$A$2:$A$32,0))&" / ",""))&IF(M29="","",IFERROR(INDEX('Raw lists'!$A$2:$A$32,MATCH(M29,'Raw lists'!$A$2:$A$32,0))&" / ","")))=0,"",LEFT(IF(K29="","",IFERROR(INDEX('Raw lists'!$A$2:$A$32,MATCH(K29,'Raw lists'!$A$2:$A$32,0))&" / ",""))&IF(L29="","",IFERROR(INDEX('Raw lists'!$A$2:$A$32,MATCH(L29,'Raw lists'!$A$2:$A$32,0))&" / ",""))&IF(M29="","",IFERROR(INDEX('Raw lists'!$A$2:$A$32,MATCH(M29,'Raw lists'!$A$2:$A$32,0))&" / ","")),LEN(IF(K29="","",IFERROR(INDEX('Raw lists'!$A$2:$A$32,MATCH(K29,'Raw lists'!$A$2:$A$32,0))&" / ",""))&IF(L29="","",IFERROR(INDEX('Raw lists'!$A$2:$A$32,MATCH(L29,'Raw lists'!$A$2:$A$32,0))&" / ",""))&IF(M29="","",IFERROR(INDEX('Raw lists'!$A$2:$A$32,MATCH(M29,'Raw lists'!$A$2:$A$32,0))&" / ","")))-3)) | D29: =IF(LEN(IF(K29="","",IFERROR(INDEX('Raw lists'!$B$2:$B$29,MATCH(K29,'Raw lists'!$B$2:$B$29,0))&" / ",""))&IF(L29="","",IFERROR(INDEX('Raw lists'!$B$2:$B$29,MATCH(L29,'Raw lists'!$B$2:$B$29,0))&" / ",""))&IF(M29="","",IFERROR(INDEX('Raw lists'!$B$2:$B$29,MATCH(M29,'Raw lists'!$B$2:$B$29,0))&" / ","")))=0,"",LEFT(IF(K29="","",IFERROR(INDEX('Raw lists'!$B$2:$B$29,MATCH(K29,'Raw lists'!$B$2:$B$29,0))&" / ",""))&IF(L29="","",IFERROR(INDEX('Raw lists'!$B$2:$B$29,MATCH(L29,'Raw lists'!$B$2:$B$29,0))&" / ",""))&IF(M29="","",IFERROR(INDEX('Raw lists'!$B$2:$B$29,MATCH(M29,'Raw lists'!$B$2:$B$29,0))&" / ","")),LEN(IF(K29="","",IFERROR(INDEX('Raw lists'!$B$2:$B$29,MATCH(K29,'Raw lists'!$B$2:$B$29,0))&" / ",""))&IF(L29="","",IFERROR(INDEX('Raw lists'!$B$2:$B$29,MATCH(L29,'Raw lists'!$B$2:$B$29,0))&" / ",""))&IF(M29="","",IFERROR(INDEX('Raw lists'!$B$2:$B$29,MATCH(M29,'Raw lists'!$B$2:$B$29,0))&" / ","")))-3)) | E29: =IF(LEN(IF(K29="","",IFERROR(INDEX('Raw lists'!$C$2:$C$23,MATCH(K29,'Raw lists'!$C$2:$C$23,0))&" / ",""))&IF(L29="","",IFERROR(INDEX('Raw lists'!$C$2:$C$23,MATCH(L29,'Raw lists'!$C$2:$C$23,0))&" / ",""))&IF(M29="","",IFERROR(INDEX('Raw lists'!$C$2:$C$23,MATCH(M29,'Raw lists'!$C$2:$C$23,0))&" / ","")))=0,"",LEFT(IF(K29="","",IFERROR(INDEX('Raw lists'!$C$2:$C$23,MATCH(K29,'Raw lists'!$C$2:$C$23,0))&" / ",""))&IF(L29="","",IFERROR(INDEX('Raw lists'!$C$2:$C$23,MATCH(L29,'Raw lists'!$C$2:$C$23,0))&" / ",""))&IF(M29="","",IFERROR(INDEX('Raw lists'!$C$2:$C$23,MATCH(M29,'Raw lists'!$C$2:$C$23,0))&" / ","")),LEN(IF(K29="","",IFERROR(INDEX('Raw lists'!$C$2:$C$23,MATCH(K29,'Raw lists'!$C$2:$C$23,0))&" / ",""))&IF(L29="","",IFERROR(INDEX('Raw lists'!$C$2:$C$23,MATCH(L29,'Raw lists'!$C$2:$C$23,0))&" / ",""))&IF(M29="","",IFERROR(INDEX('Raw lists'!$C$2:$C$23,MATCH(M29,'Raw lists'!$C$2:$C$23,0))&" / ","")))-3)) | F29: Core | G29: Subproblems indexed by smaller integers than a given integer (this lecture's focus). | H29: =COUNTIF(C29:E29,"?*") -> 0 | I29: =IF(H29=0,"None",IF(H29=3,"All three",IF(H29=1,"Only "&TRIM(IF(C29<>"","Gemini ","")&IF(D29<>"","RAKE ","")&IF(E29<>"","YAKE","")),SUBSTITUTE(TRIM(IF(C29<>"","Gemini ","")&IF(D29<>"","RAKE ","")&IF(E29<>"","YAKE",""))," "," + ")))) -> None | K29: Integer Subproblems
A30: 29 | B30: Prefix and suffix subproblems | C30: =IF(LEN(IF(K30="","",IFERROR(INDEX('Raw lists'!$A$2:$A$32,MATCH(K30,'Raw lists'!$A$2:$A$32,0))&" / ",""))&IF(L30="","",IFERROR(INDEX('Raw lists'!$A$2:$A$32,MATCH(L30,'Raw lists'!$A$2:$A$32,0))&" / ",""))&IF(M30="","",IFERROR(INDEX('Raw lists'!$A$2:$A$32,MATCH(M30,'Raw lists'!$A$2:$A$32,0))&" / ","")))=0,"",LEFT(IF(K30="","",IFERROR(INDEX('Raw lists'!$A$2:$A$32,MATCH(K30,'Raw lists'!$A$2:$A$32,0))&" / ",""))&IF(L30="","",IFERROR(INDEX('Raw lists'!$A$2:$A$32,MATCH(L30,'Raw lists'!$A$2:$A$32,0))&" / ",""))&IF(M30="","",IFERROR(INDEX('Raw lists'!$A$2:$A$32,MATCH(M30,'Raw lists'!$A$2:$A$32,0))&" / ","")),LEN(IF(K30="","",IFERROR(INDEX('Raw lists'!$A$2:$A$32,MATCH(K30,'Raw lists'!$A$2:$A$32,0))&" / ",""))&IF(L30="","",IFERROR(INDEX('Raw lists'!$A$2:$A$32,MATCH(L30,'Raw lists'!$A$2:$A$32,0))&" / ",""))&IF(M30="","",IFERROR(INDEX('Raw lists'!$A$2:$A$32,MATCH(M30,'Raw lists'!$A$2:$A$32,0))&" / ","")))-3)) | D30: =IF(LEN(IF(K30="","",IFERROR(INDEX('Raw lists'!$B$2:$B$29,MATCH(K30,'Raw lists'!$B$2:$B$29,0))&" / ",""))&IF(L30="","",IFERROR(INDEX('Raw lists'!$B$2:$B$29,MATCH(L30,'Raw lists'!$B$2:$B$29,0))&" / ",""))&IF(M30="","",IFERROR(INDEX('Raw lists'!$B$2:$B$29,MATCH(M30,'Raw lists'!$B$2:$B$29,0))&" / ","")))=0,"",LEFT(IF(K30="","",IFERROR(INDEX('Raw lists'!$B$2:$B$29,MATCH(K30,'Raw lists'!$B$2:$B$29,0))&" / ",""))&IF(L30="","",IFERROR(INDEX('Raw lists'!$B$2:$B$29,MATCH(L30,'Raw lists'!$B$2:$B$29,0))&" / ",""))&IF(M30="","",IFERROR(INDEX('Raw lists'!$B$2:$B$29,MATCH(M30,'Raw lists'!$B$2:$B$29,0))&" / ","")),LEN(IF(K30="","",IFERROR(INDEX('Raw lists'!$B$2:$B$29,MATCH(K30,'Raw lists'!$B$2:$B$29,0))&" / ",""))&IF(L30="","",IFERROR(INDEX('Raw lists'!$B$2:$B$29,MATCH(L30,'Raw lists'!$B$2:$B$29,0))&" / ",""))&IF(M30="","",IFERROR(INDEX('Raw lists'!$B$2:$B$29,MATCH(M30,'Raw lists'!$B$2:$B$29,0))&" / ","")))-3)) | E30: =IF(LEN(IF(K30="","",IFERROR(INDEX('Raw lists'!$C$2:$C$23,MATCH(K30,'Raw lists'!$C$2:$C$23,0))&" / ",""))&IF(L30="","",IFERROR(INDEX('Raw lists'!$C$2:$C$23,MATCH(L30,'Raw lists'!$C$2:$C$23,0))&" / ",""))&IF(M30="","",IFERROR(INDEX('Raw lists'!$C$2:$C$23,MATCH(M30,'Raw lists'!$C$2:$C$23,0))&" / ","")))=0,"",LEFT(IF(K30="","",IFERROR(INDEX('Raw lists'!$C$2:$C$23,MATCH(K30,'Raw lists'!$C$2:$C$23,0))&" / ",""))&IF(L30="","",IFERROR(INDEX('Raw lists'!$C$2:$C$23,MATCH(L30,'Raw lists'!$C$2:$C$23,0))&" / ",""))&IF(M30="","",IFERROR(INDEX('Raw lists'!$C$2:$C$23,MATCH(M30,'Raw lists'!$C$2:$C$23,0))&" / ","")),LEN(IF(K30="","",IFERROR(INDEX('Raw lists'!$C$2:$C$23,MATCH(K30,'Raw lists'!$C$2:$C$23,0))&" / ",""))&IF(L30="","",IFERROR(INDEX('Raw lists'!$C$2:$C$23,MATCH(L30,'Raw lists'!$C$2:$C$23,0))&" / ",""))&IF(M30="","",IFERROR(INDEX('Raw lists'!$C$2:$C$23,MATCH(M30,'Raw lists'!$C$2:$C$23,0))&" / ","")))-3)) | F30: Core | G30: Subproblems on prefixes or suffixes of a sequence. | H30: =COUNTIF(C30:E30,"?*") -> 0 | I30: =IF(H30=0,"None",IF(H30=3,"All three",IF(H30=1,"Only "&TRIM(IF(C30<>"","Gemini ","")&IF(D30<>"","RAKE ","")&IF(E30<>"","YAKE","")),SUBSTITUTE(TRIM(IF(C30<>"","Gemini ","")&IF(D30<>"","RAKE ","")&IF(E30<>"","YAKE",""))," "," + ")))) -> None | K30: Prefix Suffix
A31: 30 | B31: Substring subproblems | C31: =IF(LEN(IF(K31="","",IFERROR(INDEX('Raw lists'!$A$2:$A$32,MATCH(K31,'Raw lists'!$A$2:$A$32,0))&" / ",""))&IF(L31="","",IFERROR(INDEX('Raw lists'!$A$2:$A$32,MATCH(L31,'Raw lists'!$A$2:$A$32,0))&" / ",""))&IF(M31="","",IFERROR(INDEX('Raw lists'!$A$2:$A$32,MATCH(M31,'Raw lists'!$A$2:$A$32,0))&" / ","")))=0,"",LEFT(IF(K31="","",IFERROR(INDEX('Raw lists'!$A$2:$A$32,MATCH(K31,'Raw lists'!$A$2:$A$32,0))&" / ",""))&IF(L31="","",IFERROR(INDEX('Raw lists'!$A$2:$A$32,MATCH(L31,'Raw lists'!$A$2:$A$32,0))&" / ",""))&IF(M31="","",IFERROR(INDEX('Raw lists'!$A$2:$A$32,MATCH(M31,'Raw lists'!$A$2:$A$32,0))&" / ","")),LEN(IF(K31="","",IFERROR(INDEX('Raw lists'!$A$2:$A$32,MATCH(K31,'Raw lists'!$A$2:$A$32,0))&" / ",""))&IF(L31="","",IFERROR(INDEX('Raw lists'!$A$2:$A$32,MATCH(L31,'Raw lists'!$A$2:$A$32,0))&" / ",""))&IF(M31="","",IFERROR(INDEX('Raw lists'!$A$2:$A$32,MATCH(M31,'Raw lists'!$A$2:$A$32,0))&" / ","")))-3)) | D31: =IF(LEN(IF(K31="","",IFERROR(INDEX('Raw lists'!$B$2:$B$29,MATCH(K31,'Raw lists'!$B$2:$B$29,0))&" / ",""))&IF(L31="","",IFERROR(INDEX('Raw lists'!$B$2:$B$29,MATCH(L31,'Raw lists'!$B$2:$B$29,0))&" / ",""))&IF(M31="","",IFERROR(INDEX('Raw lists'!$B$2:$B$29,MATCH(M31,'Raw lists'!$B$2:$B$29,0))&" / ","")))=0,"",LEFT(IF(K31="","",IFERROR(INDEX('Raw lists'!$B$2:$B$29,MATCH(K31,'Raw lists'!$B$2:$B$29,0))&" / ",""))&IF(L31="","",IFERROR(INDEX('Raw lists'!$B$2:$B$29,MATCH(L31,'Raw lists'!$B$2:$B$29,0))&" / ",""))&IF(M31="","",IFERROR(INDEX('Raw lists'!$B$2:$B$29,MATCH(M31,'Raw lists'!$B$2:$B$29,0))&" / ","")),LEN(IF(K31="","",IFERROR(INDEX('Raw lists'!$B$2:$B$29,MATCH(K31,'Raw lists'!$B$2:$B$29,0))&" / ",""))&IF(L31="","",IFERROR(INDEX('Raw lists'!$B$2:$B$29,MATCH(L31,'Raw lists'!$B$2:$B$29,0))&" / ",""))&IF(M31="","",IFERROR(INDEX('Raw lists'!$B$2:$B$29,MATCH(M31,'Raw lists'!$B$2:$B$29,0))&" / ","")))-3)) | E31: =IF(LEN(IF(K31="","",IFERROR(INDEX('Raw lists'!$C$2:$C$23,MATCH(K31,'Raw lists'!$C$2:$C$23,0))&" / ",""))&IF(L31="","",IFERROR(INDEX('Raw lists'!$C$2:$C$23,MATCH(L31,'Raw lists'!$C$2:$C$23,0))&" / ",""))&IF(M31="","",IFERROR(INDEX('Raw lists'!$C$2:$C$23,MATCH(M31,'Raw lists'!$C$2:$C$23,0))&" / ","")))=0,"",LEFT(IF(K31="","",IFERROR(INDEX('Raw lists'!$C$2:$C$23,MATCH(K31,'Raw lists'!$C$2:$C$23,0))&" / ",""))&IF(L31="","",IFERROR(INDEX('Raw lists'!$C$2:$C$23,MATCH(L31,'Raw lists'!$C$2:$C$23,0))&" / ",""))&IF(M31="","",IFERROR(INDEX('Raw lists'!$C$2:$C$23,MATCH(M31,'Raw lists'!$C$2:$C$23,0))&" / ","")),LEN(IF(K31="","",IFERROR(INDEX('Raw lists'!$C$2:$C$23,MATCH(K31,'Raw lists'!$C$2:$C$23,0))&" / ",""))&IF(L31="","",IFERROR(INDEX('Raw lists'!$C$2:$C$23,MATCH(L31,'Raw lists'!$C$2:$C$23,0))&" / ",""))&IF(M31="","",IFERROR(INDEX('Raw lists'!$C$2:$C$23,MATCH(M31,'Raw lists'!$C$2:$C$23,0))&" / ","")))-3)) | F31: Core | G31: Subproblems on contiguous substrings of a sequence. | H31: =COUNTIF(C31:E31,"?*") -> 0 | I31: =IF(H31=0,"None",IF(H31=3,"All three",IF(H31=1,"Only "&TRIM(IF(C31<>"","Gemini ","")&IF(D31<>"","RAKE ","")&IF(E31<>"","YAKE","")),SUBSTITUTE(TRIM(IF(C31<>"","Gemini ","")&IF(D31<>"","RAKE ","")&IF(E31<>"","YAKE",""))," "," + ")))) -> None | K31: Substring Subproblems
A32: 31 | B32: Vertex subproblems | C32: =IF(LEN(IF(K32="","",IFERROR(INDEX('Raw lists'!$A$2:$A$32,MATCH(K32,'Raw lists'!$A$2:$A$32,0))&" / ",""))&IF(L32="","",IFERROR(INDEX('Raw lists'!$A$2:$A$32,MATCH(L32,'Raw lists'!$A$2:$A$32,0))&" / ",""))&IF(M32="","",IFERROR(INDEX('Raw lists'!$A$2:$A$32,MATCH(M32,'Raw lists'!$A$2:$A$32,0))&" / ","")))=0,"",LEFT(IF(K32="","",IFERROR(INDEX('Raw lists'!$A$2:$A$32,MATCH(K32,'Raw lists'!$A$2:$A$32,0))&" / ",""))&IF(L32="","",IFERROR(INDEX('Raw lists'!$A$2:$A$32,MATCH(L32,'Raw lists'!$A$2:$A$32,0))&" / ",""))&IF(M32="","",IFERROR(INDEX('Raw lists'!$A$2:$A$32,MATCH(M32,'Raw lists'!$A$2:$A$32,0))&" / ","")),LEN(IF(K32="","",IFERROR(INDEX('Raw lists'!$A$2:$A$32,MATCH(K32,'Raw lists'!$A$2:$A$32,0))&" / ",""))&IF(L32="","",IFERROR(INDEX('Raw lists'!$A$2:$A$32,MATCH(L32,'Raw lists'!$A$2:$A$32,0))&" / ",""))&IF(M32="","",IFERROR(INDEX('Raw lists'!$A$2:$A$32,MATCH(M32,'Raw lists'!$A$2:$A$32,0))&" / ","")))-3)) | D32: =IF(LEN(IF(K32="","",IFERROR(INDEX('Raw lists'!$B$2:$B$29,MATCH(K32,'Raw lists'!$B$2:$B$29,0))&" / ",""))&IF(L32="","",IFERROR(INDEX('Raw lists'!$B$2:$B$29,MATCH(L32,'Raw lists'!$B$2:$B$29,0))&" / ",""))&IF(M32="","",IFERROR(INDEX('Raw lists'!$B$2:$B$29,MATCH(M32,'Raw lists'!$B$2:$B$29,0))&" / ","")))=0,"",LEFT(IF(K32="","",IFERROR(INDEX('Raw lists'!$B$2:$B$29,MATCH(K32,'Raw lists'!$B$2:$B$29,0))&" / ",""))&IF(L32="","",IFERROR(INDEX('Raw lists'!$B$2:$B$29,MATCH(L32,'Raw lists'!$B$2:$B$29,0))&" / ",""))&IF(M32="","",IFERROR(INDEX('Raw lists'!$B$2:$B$29,MATCH(M32,'Raw lists'!$B$2:$B$29,0))&" / ","")),LEN(IF(K32="","",IFERROR(INDEX('Raw lists'!$B$2:$B$29,MATCH(K32,'Raw lists'!$B$2:$B$29,0))&" / ",""))&IF(L32="","",IFERROR(INDEX('Raw lists'!$B$2:$B$29,MATCH(L32,'Raw lists'!$B$2:$B$29,0))&" / ",""))&IF(M32="","",IFERROR(INDEX('Raw lists'!$B$2:$B$29,MATCH(M32,'Raw lists'!$B$2:$B$29,0))&" / ","")))-3)) | E32: =IF(LEN(IF(K32="","",IFERROR(INDEX('Raw lists'!$C$2:$C$23,MATCH(K32,'Raw lists'!$C$2:$C$23,0))&" / ",""))&IF(L32="","",IFERROR(INDEX('Raw lists'!$C$2:$C$23,MATCH(L32,'Raw lists'!$C$2:$C$23,0))&" / ",""))&IF(M32="","",IFERROR(INDEX('Raw lists'!$C$2:$C$23,MATCH(M32,'Raw lists'!$C$2:$C$23,0))&" / ","")))=0,"",LEFT(IF(K32="","",IFERROR(INDEX('Raw lists'!$C$2:$C$23,MATCH(K32,'Raw lists'!$C$2:$C$23,0))&" / ",""))&IF(L32="","",IFERROR(INDEX('Raw lists'!$C$2:$C$23,MATCH(L32,'Raw lists'!$C$2:$C$23,0))&" / ",""))&IF(M32="","",IFERROR(INDEX('Raw lists'!$C$2:$C$23,MATCH(M32,'Raw lists'!$C$2:$C$23,0))&" / ","")),LEN(IF(K32="","",IFERROR(INDEX('Raw lists'!$C$2:$C$23,MATCH(K32,'Raw lists'!$C$2:$C$23,0))&" / ",""))&IF(L32="","",IFERROR(INDEX('Raw lists'!$C$2:$C$23,MATCH(L32,'Raw lists'!$C$2:$C$23,0))&" / ",""))&IF(M32="","",IFERROR(INDEX('Raw lists'!$C$2:$C$23,MATCH(M32,'Raw lists'!$C$2:$C$23,0))&" / ","")))-3)) | F32: Core | G32: Subproblems indexed by the vertices of a graph. | H32: =COUNTIF(C32:E32,"?*") -> 0 | I32: =IF(H32=0,"None",IF(H32=3,"All three",IF(H32=1,"Only "&TRIM(IF(C32<>"","Gemini ","")&IF(D32<>"","RAKE ","")&IF(E32<>"","YAKE","")),SUBSTITUTE(TRIM(IF(C32<>"","Gemini ","")&IF(D32<>"","RAKE ","")&IF(E32<>"","YAKE",""))," "," + ")))) -> None | K32: Vertex Subproblems
A33: 32 | B33: Subproblem expansion | C33: =IF(LEN(IF(K33="","",IFERROR(INDEX('Raw lists'!$A$2:$A$32,MATCH(K33,'Raw lists'!$A$2:$A$32,0))&" / ",""))&IF(L33="","",IFERROR(INDEX('Raw lists'!$A$2:$A$32,MATCH(L33,'Raw lists'!$A$2:$A$32,0))&" / ",""))&IF(M33="","",IFERROR(INDEX('Raw lists'!$A$2:$A$32,MATCH(M33,'Raw lists'!$A$2:$A$32,0))&" / ","")))=0,"",LEFT(IF(K33="","",IFERROR(INDEX('Raw lists'!$A$2:$A$32,MATCH(K33,'Raw lists'!$A$2:$A$32,0))&" / ",""))&IF(L33="","",IFERROR(INDEX('Raw lists'!$A$2:$A$32,MATCH(L33,'Raw lists'!$A$2:$A$32,0))&" / ",""))&IF(M33="","",IFERROR(INDEX('Raw lists'!$A$2:$A$32,MATCH(M33,'Raw lists'!$A$2:$A$32,0))&" / ","")),LEN(IF(K33="","",IFERROR(INDEX('Raw lists'!$A$2:$A$32,MATCH(K33,'Raw lists'!$A$2:$A$32,0))&" / ",""))&IF(L33="","",IFERROR(INDEX('Raw lists'!$A$2:$A$32,MATCH(L33,'Raw lists'!$A$2:$A$32,0))&" / ",""))&IF(M33="","",IFERROR(INDEX('Raw lists'!$A$2:$A$32,MATCH(M33,'Raw lists'!$A$2:$A$32,0))&" / ","")))-3)) | D33: =IF(LEN(IF(K33="","",IFERROR(INDEX('Raw lists'!$B$2:$B$29,MATCH(K33,'Raw lists'!$B$2:$B$29,0))&" / ",""))&IF(L33="","",IFERROR(INDEX('Raw lists'!$B$2:$B$29,MATCH(L33,'Raw lists'!$B$2:$B$29,0))&" / ",""))&IF(M33="","",IFERROR(INDEX('Raw lists'!$B$2:$B$29,MATCH(M33,'Raw lists'!$B$2:$B$29,0))&" / ","")))=0,"",LEFT(IF(K33="","",IFERROR(INDEX('Raw lists'!$B$2:$B$29,MATCH(K33,'Raw lists'!$B$2:$B$29,0))&" / ",""))&IF(L33="","",IFERROR(INDEX('Raw lists'!$B$2:$B$29,MATCH(L33,'Raw lists'!$B$2:$B$29,0))&" / ",""))&IF(M33="","",IFERROR(INDEX('Raw lists'!$B$2:$B$29,MATCH(M33,'Raw lists'!$B$2:$B$29,0))&" / ","")),LEN(IF(K33="","",IFERROR(INDEX('Raw lists'!$B$2:$B$29,MATCH(K33,'Raw lists'!$B$2:$B$29,0))&" / ",""))&IF(L33="","",IFERROR(INDEX('Raw lists'!$B$2:$B$29,MATCH(L33,'Raw lists'!$B$2:$B$29,0))&" / ",""))&IF(M33="","",IFERROR(INDEX('Raw lists'!$B$2:$B$29,MATCH(M33,'Raw lists'!$B$2:$B$29,0))&" / ","")))-3)) | E33: =IF(LEN(IF(K33="","",IFERROR(INDEX('Raw lists'!$C$2:$C$23,MATCH(K33,'Raw lists'!$C$2:$C$23,0))&" / ",""))&IF(L33="","",IFERROR(INDEX('Raw lists'!$C$2:$C$23,MATCH(L33,'Raw lists'!$C$2:$C$23,0))&" / ",""))&IF(M33="","",IFERROR(INDEX('Raw lists'!$C$2:$C$23,MATCH(M33,'Raw lists'!$C$2:$C$23,0))&" / ","")))=0,"",LEFT(IF(K33="","",IFERROR(INDEX('Raw lists'!$C$2:$C$23,MATCH(K33,'Raw lists'!$C$2:$C$23,0))&" / ",""))&IF(L33="","",IFERROR(INDEX('Raw lists'!$C$2:$C$23,MATCH(L33,'Raw lists'!$C$2:$C$23,0))&" / ",""))&IF(M33="","",IFERROR(INDEX('Raw lists'!$C$2:$C$23,MATCH(M33,'Raw lists'!$C$2:$C$23,0))&" / ","")),LEN(IF(K33="","",IFERROR(INDEX('Raw lists'!$C$2:$C$23,MATCH(K33,'Raw lists'!$C$2:$C$23,0))&" / ",""))&IF(L33="","",IFERROR(INDEX('Raw lists'!$C$2:$C$23,MATCH(L33,'Raw lists'!$C$2:$C$23,0))&" / ",""))&IF(M33="","",IFERROR(INDEX('Raw lists'!$C$2:$C$23,MATCH(M33,'Raw lists'!$C$2:$C$23,0))&" / ","")))-3)) | F33: Core | G33: Add auxiliary variables to a subproblem, which multiplies the number of subproblems. | H33: =COUNTIF(C33:E33,"?*") -> 0 | I33: =IF(H33=0,"None",IF(H33=3,"All three",IF(H33=1,"Only "&TRIM(IF(C33<>"","Gemini ","")&IF(D33<>"","RAKE ","")&IF(E33<>"","YAKE","")),SUBSTITUTE(TRIM(IF(C33<>"","Gemini ","")&IF(D33<>"","RAKE ","")&IF(E33<>"","YAKE",""))," "," + ")))) -> None | K33: Subproblem Expansion
A34: 33 | B34: Nonexpansive constraint | C34: =IF(LEN(IF(K34="","",IFERROR(INDEX('Raw lists'!$A$2:$A$32,MATCH(K34,'Raw lists'!$A$2:$A$32,0))&" / ",""))&IF(L34="","",IFERROR(INDEX('Raw lists'!$A$2:$A$32,MATCH(L34,'Raw lists'!$A$2:$A$32,0))&" / ",""))&IF(M34="","",IFERROR(INDEX('Raw lists'!$A$2:$A$32,MATCH(M34,'Raw lists'!$A$2:$A$32,0))&" / ","")))=0,"",LEFT(IF(K34="","",IFERROR(INDEX('Raw lists'!$A$2:$A$32,MATCH(K34,'Raw lists'!$A$2:$A$32,0))&" / ",""))&IF(L34="","",IFERROR(INDEX('Raw lists'!$A$2:$A$32,MATCH(L34,'Raw lists'!$A$2:$A$32,0))&" / ",""))&IF(M34="","",IFERROR(INDEX('Raw lists'!$A$2:$A$32,MATCH(M34,'Raw lists'!$A$2:$A$32,0))&" / ","")),LEN(IF(K34="","",IFERROR(INDEX('Raw lists'!$A$2:$A$32,MATCH(K34,'Raw lists'!$A$2:$A$32,0))&" / ",""))&IF(L34="","",IFERROR(INDEX('Raw lists'!$A$2:$A$32,MATCH(L34,'Raw lists'!$A$2:$A$32,0))&" / ",""))&IF(M34="","",IFERROR(INDEX('Raw lists'!$A$2:$A$32,MATCH(M34,'Raw lists'!$A$2:$A$32,0))&" / ","")))-3)) | D34: =IF(LEN(IF(K34="","",IFERROR(INDEX('Raw lists'!$B$2:$B$29,MATCH(K34,'Raw lists'!$B$2:$B$29,0))&" / ",""))&IF(L34="","",IFERROR(INDEX('Raw lists'!$B$2:$B$29,MATCH(L34,'Raw lists'!$B$2:$B$29,0))&" / ",""))&IF(M34="","",IFERROR(INDEX('Raw lists'!$B$2:$B$29,MATCH(M34,'Raw lists'!$B$2:$B$29,0))&" / ","")))=0,"",LEFT(IF(K34="","",IFERROR(INDEX('Raw lists'!$B$2:$B$29,MATCH(K34,'Raw lists'!$B$2:$B$29,0))&" / ",""))&IF(L34="","",IFERROR(INDEX('Raw lists'!$B$2:$B$29,MATCH(L34,'Raw lists'!$B$2:$B$29,0))&" / ",""))&IF(M34="","",IFERROR(INDEX('Raw lists'!$B$2:$B$29,MATCH(M34,'Raw lists'!$B$2:$B$29,0))&" / ","")),LEN(IF(K34="","",IFERROR(INDEX('Raw lists'!$B$2:$B$29,MATCH(K34,'Raw lists'!$B$2:$B$29,0))&" / ",""))&IF(L34="","",IFERROR(INDEX('Raw lists'!$B$2:$B$29,MATCH(L34,'Raw lists'!$B$2:$B$29,0))&" / ",""))&IF(M34="","",IFERROR(INDEX('Raw lists'!$B$2:$B$29,MATCH(M34,'Raw lists'!$B$2:$B$29,0))&" / ","")))-3)) -> Nonexpansive Constraint | E34: =IF(LEN(IF(K34="","",IFERROR(INDEX('Raw lists'!$C$2:$C$23,MATCH(K34,'Raw lists'!$C$2:$C$23,0))&" / ",""))&IF(L34="","",IFERROR(INDEX('Raw lists'!$C$2:$C$23,MATCH(L34,'Raw lists'!$C$2:$C$23,0))&" / ",""))&IF(M34="","",IFERROR(INDEX('Raw lists'!$C$2:$C$23,MATCH(M34,'Raw lists'!$C$2:$C$23,0))&" / ","")))=0,"",LEFT(IF(K34="","",IFERROR(INDEX('Raw lists'!$C$2:$C$23,MATCH(K34,'Raw lists'!$C$2:$C$23,0))&" / ",""))&IF(L34="","",IFERROR(INDEX('Raw lists'!$C$2:$C$23,MATCH(L34,'Raw lists'!$C$2:$C$23,0))&" / ",""))&IF(M34="","",IFERROR(INDEX('Raw lists'!$C$2:$C$23,MATCH(M34,'Raw lists'!$C$2:$C$23,0))&" / ","")),LEN(IF(K34="","",IFERROR(INDEX('Raw lists'!$C$2:$C$23,MATCH(K34,'Raw lists'!$C$2:$C$23,0))&" / ",""))&IF(L34="","",IFERROR(INDEX('Raw lists'!$C$2:$C$23,MATCH(L34,'Raw lists'!$C$2:$C$23,0))&" / ",""))&IF(M34="","",IFERROR(INDEX('Raw lists'!$C$2:$C$23,MATCH(M34,'Raw lists'!$C$2:$C$23,0))&" / ","")))-3)) | F34: Core | G34: A constraint on subproblems that does not multiply their count, such as LIS including the first item. | H34: =COUNTIF(C34:E34,"?*") -> 1 | I34: =IF(H34=0,"None",IF(H34=3,"All three",IF(H34=1,"Only "&TRIM(IF(C34<>"","Gemini ","")&IF(D34<>"","RAKE ","")&IF(E34<>"","YAKE","")),SUBSTITUTE(TRIM(IF(C34<>"","Gemini ","")&IF(D34<>"","RAKE ","")&IF(E34<>"","YAKE",""))," "," + ")))) -> Only RAKE | K34: Nonexpansive Constraint
A35: 34 | B35: Branching | C35: =IF(LEN(IF(K35="","",IFERROR(INDEX('Raw lists'!$A$2:$A$32,MATCH(K35,'Raw lists'!$A$2:$A$32,0))&" / ",""))&IF(L35="","",IFERROR(INDEX('Raw lists'!$A$2:$A$32,MATCH(L35,'Raw lists'!$A$2:$A$32,0))&" / ",""))&IF(M35="","",IFERROR(INDEX('Raw lists'!$A$2:$A$32,MATCH(M35,'Raw lists'!$A$2:$A$32,0))&" / ","")))=0,"",LEFT(IF(K35="","",IFERROR(INDEX('Raw lists'!$A$2:$A$32,MATCH(K35,'Raw lists'!$A$2:$A$32,0))&" / ",""))&IF(L35="","",IFERROR(INDEX('Raw lists'!$A$2:$A$32,MATCH(L35,'Raw lists'!$A$2:$A$32,0))&" / ",""))&IF(M35="","",IFERROR(INDEX('Raw lists'!$A$2:$A$32,MATCH(M35,'Raw lists'!$A$2:$A$32,0))&" / ","")),LEN(IF(K35="","",IFERROR(INDEX('Raw lists'!$A$2:$A$32,MATCH(K35,'Raw lists'!$A$2:$A$32,0))&" / ",""))&IF(L35="","",IFERROR(INDEX('Raw lists'!$A$2:$A$32,MATCH(L35,'Raw lists'!$A$2:$A$32,0))&" / ",""))&IF(M35="","",IFERROR(INDEX('Raw lists'!$A$2:$A$32,MATCH(M35,'Raw lists'!$A$2:$A$32,0))&" / ","")))-3)) | D35: =IF(LEN(IF(K35="","",IFERROR(INDEX('Raw lists'!$B$2:$B$29,MATCH(K35,'Raw lists'!$B$2:$B$29,0))&" / ",""))&IF(L35="","",IFERROR(INDEX('Raw lists'!$B$2:$B$29,MATCH(L35,'Raw lists'!$B$2:$B$29,0))&" / ",""))&IF(M35="","",IFERROR(INDEX('Raw lists'!$B$2:$B$29,MATCH(M35,'Raw lists'!$B$2:$B$29,0))&" / ","")))=0,"",LEFT(IF(K35="","",IFERROR(INDEX('Raw lists'!$B$2:$B$29,MATCH(K35,'Raw lists'!$B$2:$B$29,0))&" / ",""))&IF(L35="","",IFERROR(INDEX('Raw lists'!$B$2:$B$29,MATCH(L35,'Raw lists'!$B$2:$B$29,0))&" / ",""))&IF(M35="","",IFERROR(INDEX('Raw lists'!$B$2:$B$29,MATCH(M35,'Raw lists'!$B$2:$B$29,0))&" / ","")),LEN(IF(K35="","",IFERROR(INDEX('Raw lists'!$B$2:$B$29,MATCH(K35,'Raw lists'!$B$2:$B$29,0))&" / ",""))&IF(L35="","",IFERROR(INDEX('Raw lists'!$B$2:$B$29,MATCH(L35,'Raw lists'!$B$2:$B$29,0))&" / ",""))&IF(M35="","",IFERROR(INDEX('Raw lists'!$B$2:$B$29,MATCH(M35,'Raw lists'!$B$2:$B$29,0))&" / ","")))-3)) | E35: =IF(LEN(IF(K35="","",IFERROR(INDEX('Raw lists'!$C$2:$C$23,MATCH(K35,'Raw lists'!$C$2:$C$23,0))&" / ",""))&IF(L35="","",IFERROR(INDEX('Raw lists'!$C$2:$C$23,MATCH(L35,'Raw lists'!$C$2:$C$23,0))&" / ",""))&IF(M35="","",IFERROR(INDEX('Raw lists'!$C$2:$C$23,MATCH(M35,'Raw lists'!$C$2:$C$23,0))&" / ","")))=0,"",LEFT(IF(K35="","",IFERROR(INDEX('Raw lists'!$C$2:$C$23,MATCH(K35,'Raw lists'!$C$2:$C$23,0))&" / ",""))&IF(L35="","",IFERROR(INDEX('Raw lists'!$C$2:$C$23,MATCH(L35,'Raw lists'!$C$2:$C$23,0))&" / ",""))&IF(M35="","",IFERROR(INDEX('Raw lists'!$C$2:$C$23,MATCH(M35,'Raw lists'!$C$2:$C$23,0))&" / ","")),LEN(IF(K35="","",IFERROR(INDEX('Raw lists'!$C$2:$C$23,MATCH(K35,'Raw lists'!$C$2:$C$23,0))&" / ",""))&IF(L35="","",IFERROR(INDEX('Raw lists'!$C$2:$C$23,MATCH(L35,'Raw lists'!$C$2:$C$23,0))&" / ",""))&IF(M35="","",IFERROR(INDEX('Raw lists'!$C$2:$C$23,MATCH(M35,'Raw lists'!$C$2:$C$23,0))&" / ","")))-3)) | F35: Core | G35: The number of dependent subproblems in each subproblem's relation. | H35: =COUNTIF(C35:E35,"?*") -> 0 | I35: =IF(H35=0,"None",IF(H35=3,"All three",IF(H35=1,"Only "&TRIM(IF(C35<>"","Gemini ","")&IF(D35<>"","RAKE ","")&IF(E35<>"","YAKE","")),SUBSTITUTE(TRIM(IF(C35<>"","Gemini ","")&IF(D35<>"","RAKE ","")&IF(E35<>"","YAKE",""))," "," + ")))) -> None | K35: Branching
A36: 35 | B36: Counting sort | C36: =IF(LEN(IF(K36="","",IFERROR(INDEX('Raw lists'!$A$2:$A$32,MATCH(K36,'Raw lists'!$A$2:$A$32,0))&" / ",""))&IF(L36="","",IFERROR(INDEX('Raw lists'!$A$2:$A$32,MATCH(L36,'Raw lists'!$A$2:$A$32,0))&" / ",""))&IF(M36="","",IFERROR(INDEX('Raw lists'!$A$2:$A$32,MATCH(M36,'Raw lists'!$A$2:$A$32,0))&" / ","")))=0,"",LEFT(IF(K36="","",IFERROR(INDEX('Raw lists'!$A$2:$A$32,MATCH(K36,'Raw lists'!$A$2:$A$32,0))&" / ",""))&IF(L36="","",IFERROR(INDEX('Raw lists'!$A$2:$A$32,MATCH(L36,'Raw lists'!$A$2:$A$32,0))&" / ",""))&IF(M36="","",IFERROR(INDEX('Raw lists'!$A$2:$A$32,MATCH(M36,'Raw lists'!$A$2:$A$32,0))&" / ","")),LEN(IF(K36="","",IFERROR(INDEX('Raw lists'!$A$2:$A$32,MATCH(K36,'Raw lists'!$A$2:$A$32,0))&" / ",""))&IF(L36="","",IFERROR(INDEX('Raw lists'!$A$2:$A$32,MATCH(L36,'Raw lists'!$A$2:$A$32,0))&" / ",""))&IF(M36="","",IFERROR(INDEX('Raw lists'!$A$2:$A$32,MATCH(M36,'Raw lists'!$A$2:$A$32,0))&" / ","")))-3)) | D36: =IF(LEN(IF(K36="","",IFERROR(INDEX('Raw lists'!$B$2:$B$29,MATCH(K36,'Raw lists'!$B$2:$B$29,0))&" / ",""))&IF(L36="","",IFERROR(INDEX('Raw lists'!$B$2:$B$29,MATCH(L36,'Raw lists'!$B$2:$B$29,0))&" / ",""))&IF(M36="","",IFERROR(INDEX('Raw lists'!$B$2:$B$29,MATCH(M36,'Raw lists'!$B$2:$B$29,0))&" / ","")))=0,"",LEFT(IF(K36="","",IFERROR(INDEX('Raw lists'!$B$2:$B$29,MATCH(K36,'Raw lists'!$B$2:$B$29,0))&" / ",""))&IF(L36="","",IFERROR(INDEX('Raw lists'!$B$2:$B$29,MATCH(L36,'Raw lists'!$B$2:$B$29,0))&" / ",""))&IF(M36="","",IFERROR(INDEX('Raw lists'!$B$2:$B$29,MATCH(M36,'Raw lists'!$B$2:$B$29,0))&" / ","")),LEN(IF(K36="","",IFERROR(INDEX('Raw lists'!$B$2:$B$29,MATCH(K36,'Raw lists'!$B$2:$B$29,0))&" / ",""))&IF(L36="","",IFERROR(INDEX('Raw lists'!$B$2:$B$29,MATCH(L36,'Raw lists'!$B$2:$B$29,0))&" / ",""))&IF(M36="","",IFERROR(INDEX('Raw lists'!$B$2:$B$29,MATCH(M36,'Raw lists'!$B$2:$B$29,0))&" / ","")))-3)) | E36: =IF(LEN(IF(K36="","",IFERROR(INDEX('Raw lists'!$C$2:$C$23,MATCH(K36,'Raw lists'!$C$2:$C$23,0))&" / ",""))&IF(L36="","",IFERROR(INDEX('Raw lists'!$C$2:$C$23,MATCH(L36,'Raw lists'!$C$2:$C$23,0))&" / ",""))&IF(M36="","",IFERROR(INDEX('Raw lists'!$C$2:$C$23,MATCH(M36,'Raw lists'!$C$2:$C$23,0))&" / ","")))=0,"",LEFT(IF(K36="","",IFERROR(INDEX('Raw lists'!$C$2:$C$23,MATCH(K36,'Raw lists'!$C$2:$C$23,0))&" / ",""))&IF(L36="","",IFERROR(INDEX('Raw lists'!$C$2:$C$23,MATCH(L36,'Raw lists'!$C$2:$C$23,0))&" / ",""))&IF(M36="","",IFERROR(INDEX('Raw lists'!$C$2:$C$23,MATCH(M36,'Raw lists'!$C$2:$C$23,0))&" / ","")),LEN(IF(K36="","",IFERROR(INDEX('Raw lists'!$C$2:$C$23,MATCH(K36,'Raw lists'!$C$2:$C$23,0))&" / ",""))&IF(L36="","",IFERROR(INDEX('Raw lists'!$C$2:$C$23,MATCH(L36,'Raw lists'!$C$2:$C$23,0))&" / ",""))&IF(M36="","",IFERROR(INDEX('Raw lists'!$C$2:$C$23,MATCH(M36,'Raw lists'!$C$2:$C$23,0))&" / ","")))-3)) | F36: Example | G36: Pseudopolynomial algorithm seen earlier, running in O(n + u). | H36: =COUNTIF(C36:E36,"?*") -> 0 | I36: =IF(H36=0,"None",IF(H36=3,"All three",IF(H36=1,"Only "&TRIM(IF(C36<>"","Gemini ","")&IF(D36<>"","RAKE ","")&IF(E36<>"","YAKE","")),SUBSTITUTE(TRIM(IF(C36<>"","Gemini ","")&IF(D36<>"","RAKE ","")&IF(E36<>"","YAKE",""))," "," + ")))) -> None | K36: Counting Sort
A37: 36 | B37: Radix sort | C37: =IF(LEN(IF(K37="","",IFERROR(INDEX('Raw lists'!$A$2:$A$32,MATCH(K37,'Raw lists'!$A$2:$A$32,0))&" / ",""))&IF(L37="","",IFERROR(INDEX('Raw lists'!$A$2:$A$32,MATCH(L37,'Raw lists'!$A$2:$A$32,0))&" / ",""))&IF(M37="","",IFERROR(INDEX('Raw lists'!$A$2:$A$32,MATCH(M37,'Raw lists'!$A$2:$A$32,0))&" / ","")))=0,"",LEFT(IF(K37="","",IFERROR(INDEX('Raw lists'!$A$2:$A$32,MATCH(K37,'Raw lists'!$A$2:$A$32,0))&" / ",""))&IF(L37="","",IFERROR(INDEX('Raw lists'!$A$2:$A$32,MATCH(L37,'Raw lists'!$A$2:$A$32,0))&" / ",""))&IF(M37="","",IFERROR(INDEX('Raw lists'!$A$2:$A$32,MATCH(M37,'Raw lists'!$A$2:$A$32,0))&" / ","")),LEN(IF(K37="","",IFERROR(INDEX('Raw lists'!$A$2:$A$32,MATCH(K37,'Raw lists'!$A$2:$A$32,0))&" / ",""))&IF(L37="","",IFERROR(INDEX('Raw lists'!$A$2:$A$32,MATCH(L37,'Raw lists'!$A$2:$A$32,0))&" / ",""))&IF(M37="","",IFERROR(INDEX('Raw lists'!$A$2:$A$32,MATCH(M37,'Raw lists'!$A$2:$A$32,0))&" / ","")))-3)) -> Radix Sort | D37: =IF(LEN(IF(K37="","",IFERROR(INDEX('Raw lists'!$B$2:$B$29,MATCH(K37,'Raw lists'!$B$2:$B$29,0))&" / ",""))&IF(L37="","",IFERROR(INDEX('Raw lists'!$B$2:$B$29,MATCH(L37,'Raw lists'!$B$2:$B$29,0))&" / ",""))&IF(M37="","",IFERROR(INDEX('Raw lists'!$B$2:$B$29,MATCH(M37,'Raw lists'!$B$2:$B$29,0))&" / ","")))=0,"",LEFT(IF(K37="","",IFERROR(INDEX('Raw lists'!$B$2:$B$29,MATCH(K37,'Raw lists'!$B$2:$B$29,0))&" / ",""))&IF(L37="","",IFERROR(INDEX('Raw lists'!$B$2:$B$29,MATCH(L37,'Raw lists'!$B$2:$B$29,0))&" / ",""))&IF(M37="","",IFERROR(INDEX('Raw lists'!$B$2:$B$29,MATCH(M37,'Raw lists'!$B$2:$B$29,0))&" / ","")),LEN(IF(K37="","",IFERROR(INDEX('Raw lists'!$B$2:$B$29,MATCH(K37,'Raw lists'!$B$2:$B$29,0))&" / ",""))&IF(L37="","",IFERROR(INDEX('Raw lists'!$B$2:$B$29,MATCH(L37,'Raw lists'!$B$2:$B$29,0))&" / ",""))&IF(M37="","",IFERROR(INDEX('Raw lists'!$B$2:$B$29,MATCH(M37,'Raw lists'!$B$2:$B$29,0))&" / ","")))-3)) | E37: =IF(LEN(IF(K37="","",IFERROR(INDEX('Raw lists'!$C$2:$C$23,MATCH(K37,'Raw lists'!$C$2:$C$23,0))&" / ",""))&IF(L37="","",IFERROR(INDEX('Raw lists'!$C$2:$C$23,MATCH(L37,'Raw lists'!$C$2:$C$23,0))&" / ",""))&IF(M37="","",IFERROR(INDEX('Raw lists'!$C$2:$C$23,MATCH(M37,'Raw lists'!$C$2:$C$23,0))&" / ","")))=0,"",LEFT(IF(K37="","",IFERROR(INDEX('Raw lists'!$C$2:$C$23,MATCH(K37,'Raw lists'!$C$2:$C$23,0))&" / ",""))&IF(L37="","",IFERROR(INDEX('Raw lists'!$C$2:$C$23,MATCH(L37,'Raw lists'!$C$2:$C$23,0))&" / ",""))&IF(M37="","",IFERROR(INDEX('Raw lists'!$C$2:$C$23,MATCH(M37,'Raw lists'!$C$2:$C$23,0))&" / ","")),LEN(IF(K37="","",IFERROR(INDEX('Raw lists'!$C$2:$C$23,MATCH(K37,'Raw lists'!$C$2:$C$23,0))&" / ",""))&IF(L37="","",IFERROR(INDEX('Raw lists'!$C$2:$C$23,MATCH(L37,'Raw lists'!$C$2:$C$23,0))&" / ",""))&IF(M37="","",IFERROR(INDEX('Raw lists'!$C$2:$C$23,MATCH(M37,'Raw lists'!$C$2:$C$23,0))&" / ","")))-3)) | F37: Example | G37: Weakly polynomial sorting algorithm, runs in O(n) when integers are polynomially bounded. | H37: =COUNTIF(C37:E37,"?*") -> 1 | I37: =IF(H37=0,"None",IF(H37=3,"All three",IF(H37=1,"Only "&TRIM(IF(C37<>"","Gemini ","")&IF(D37<>"","RAKE ","")&IF(E37<>"","YAKE","")),SUBSTITUTE(TRIM(IF(C37<>"","Gemini ","")&IF(D37<>"","RAKE ","")&IF(E37<>"","YAKE",""))," "," + ")))) -> Only Gemini | K37: Radix Sort
A38: 37 | B38: Direct-access array build | C38: =IF(LEN(IF(K38="","",IFERROR(INDEX('Raw lists'!$A$2:$A$32,MATCH(K38,'Raw lists'!$A$2:$A$32,0))&" / ",""))&IF(L38="","",IFERROR(INDEX('Raw lists'!$A$2:$A$32,MATCH(L38,'Raw lists'!$A$2:$A$32,0))&" / ",""))&IF(M38="","",IFERROR(INDEX('Raw lists'!$A$2:$A$32,MATCH(M38,'Raw lists'!$A$2:$A$32,0))&" / ","")))=0,"",LEFT(IF(K38="","",IFERROR(INDEX('Raw lists'!$A$2:$A$32,MATCH(K38,'Raw lists'!$A$2:$A$32,0))&" / ",""))&IF(L38="","",IFERROR(INDEX('Raw lists'!$A$2:$A$32,MATCH(L38,'Raw lists'!$A$2:$A$32,0))&" / ",""))&IF(M38="","",IFERROR(INDEX('Raw lists'!$A$2:$A$32,MATCH(M38,'Raw lists'!$A$2:$A$32,0))&" / ","")),LEN(IF(K38="","",IFERROR(INDEX('Raw lists'!$A$2:$A$32,MATCH(K38,'Raw lists'!$A$2:$A$32,0))&" / ",""))&IF(L38="","",IFERROR(INDEX('Raw lists'!$A$2:$A$32,MATCH(L38,'Raw lists'!$A$2:$A$32,0))&" / ",""))&IF(M38="","",IFERROR(INDEX('Raw lists'!$A$2:$A$32,MATCH(M38,'Raw lists'!$A$2:$A$32,0))&" / ","")))-3)) | D38: =IF(LEN(IF(K38="","",IFERROR(INDEX('Raw lists'!$B$2:$B$29,MATCH(K38,'Raw lists'!$B$2:$B$29,0))&" / ",""))&IF(L38="","",IFERROR(INDEX('Raw lists'!$B$2:$B$29,MATCH(L38,'Raw lists'!$B$2:$B$29,0))&" / ",""))&IF(M38="","",IFERROR(INDEX('Raw lists'!$B$2:$B$29,MATCH(M38,'Raw lists'!$B$2:$B$29,0))&" / ","")))=0,"",LEFT(IF(K38="","",IFERROR(INDEX('Raw lists'!$B$2:$B$29,MATCH(K38,'Raw lists'!$B$2:$B$29,0))&" / ",""))&IF(L38="","",IFERROR(INDEX('Raw lists'!$B$2:$B$29,MATCH(L38,'Raw lists'!$B$2:$B$29,0))&" / ",""))&IF(M38="","",IFERROR(INDEX('Raw lists'!$B$2:$B$29,MATCH(M38,'Raw lists'!$B$2:$B$29,0))&" / ","")),LEN(IF(K38="","",IFERROR(INDEX('Raw lists'!$B$2:$B$29,MATCH(K38,'Raw lists'!$B$2:$B$29,0))&" / ",""))&IF(L38="","",IFERROR(INDEX('Raw lists'!$B$2:$B$29,MATCH(L38,'Raw lists'!$B$2:$B$29,0))&" / ",""))&IF(M38="","",IFERROR(INDEX('Raw lists'!$B$2:$B$29,MATCH(M38,'Raw lists'!$B$2:$B$29,0))&" / ","")))-3)) | E38: =IF(LEN(IF(K38="","",IFERROR(INDEX('Raw lists'!$C$2:$C$23,MATCH(K38,'Raw lists'!$C$2:$C$23,0))&" / ",""))&IF(L38="","",IFERROR(INDEX('Raw lists'!$C$2:$C$23,MATCH(L38,'Raw lists'!$C$2:$C$23,0))&" / ",""))&IF(M38="","",IFERROR(INDEX('Raw lists'!$C$2:$C$23,MATCH(M38,'Raw lists'!$C$2:$C$23,0))&" / ","")))=0,"",LEFT(IF(K38="","",IFERROR(INDEX('Raw lists'!$C$2:$C$23,MATCH(K38,'Raw lists'!$C$2:$C$23,0))&" / ",""))&IF(L38="","",IFERROR(INDEX('Raw lists'!$C$2:$C$23,MATCH(L38,'Raw lists'!$C$2:$C$23,0))&" / ",""))&IF(M38="","",IFERROR(INDEX('Raw lists'!$C$2:$C$23,MATCH(M38,'Raw lists'!$C$2:$C$23,0))&" / ","")),LEN(IF(K38="","",IFERROR(INDEX('Raw lists'!$C$2:$C$23,MATCH(K38,'Raw lists'!$C$2:$C$23,0))&" / ",""))&IF(L38="","",IFERROR(INDEX('Raw lists'!$C$2:$C$23,MATCH(L38,'Raw lists'!$C$2:$C$23,0))&" / ",""))&IF(M38="","",IFERROR(INDEX('Raw lists'!$C$2:$C$23,MATCH(M38,'Raw lists'!$C$2:$C$23,0))&" / ","")))-3)) | F38: Example | G38: Pseudopolynomial algorithm seen earlier, running in O(n + u). | H38: =COUNTIF(C38:E38,"?*") -> 0 | I38: =IF(H38=0,"None",IF(H38=3,"All three",IF(H38=1,"Only "&TRIM(IF(C38<>"","Gemini ","")&IF(D38<>"","RAKE ","")&IF(E38<>"","YAKE","")),SUBSTITUTE(TRIM(IF(C38<>"","Gemini ","")&IF(D38<>"","RAKE ","")&IF(E38<>"","YAKE",""))," "," + ")))) -> None | K38: Direct Access Array Build
A39: 38 | B39: Fibonacci | C39: =IF(LEN(IF(K39="","",IFERROR(INDEX('Raw lists'!$A$2:$A$32,MATCH(K39,'Raw lists'!$A$2:$A$32,0))&" / ",""))&IF(L39="","",IFERROR(INDEX('Raw lists'!$A$2:$A$32,MATCH(L39,'Raw lists'!$A$2:$A$32,0))&" / ",""))&IF(M39="","",IFERROR(INDEX('Raw lists'!$A$2:$A$32,MATCH(M39,'Raw lists'!$A$2:$A$32,0))&" / ","")))=0,"",LEFT(IF(K39="","",IFERROR(INDEX('Raw lists'!$A$2:$A$32,MATCH(K39,'Raw lists'!$A$2:$A$32,0))&" / ",""))&IF(L39="","",IFERROR(INDEX('Raw lists'!$A$2:$A$32,MATCH(L39,'Raw lists'!$A$2:$A$32,0))&" / ",""))&IF(M39="","",IFERROR(INDEX('Raw lists'!$A$2:$A$32,MATCH(M39,'Raw lists'!$A$2:$A$32,0))&" / ","")),LEN(IF(K39="","",IFERROR(INDEX('Raw lists'!$A$2:$A$32,MATCH(K39,'Raw lists'!$A$2:$A$32,0))&" / ",""))&IF(L39="","",IFERROR(INDEX('Raw lists'!$A$2:$A$32,MATCH(L39,'Raw lists'!$A$2:$A$32,0))&" / ",""))&IF(M39="","",IFERROR(INDEX('Raw lists'!$A$2:$A$32,MATCH(M39,'Raw lists'!$A$2:$A$32,0))&" / ","")))-3)) | D39: =IF(LEN(IF(K39="","",IFERROR(INDEX('Raw lists'!$B$2:$B$29,MATCH(K39,'Raw lists'!$B$2:$B$29,0))&" / ",""))&IF(L39="","",IFERROR(INDEX('Raw lists'!$B$2:$B$29,MATCH(L39,'Raw lists'!$B$2:$B$29,0))&" / ",""))&IF(M39="","",IFERROR(INDEX('Raw lists'!$B$2:$B$29,MATCH(M39,'Raw lists'!$B$2:$B$29,0))&" / ","")))=0,"",LEFT(IF(K39="","",IFERROR(INDEX('Raw lists'!$B$2:$B$29,MATCH(K39,'Raw lists'!$B$2:$B$29,0))&" / ",""))&IF(L39="","",IFERROR(INDEX('Raw lists'!$B$2:$B$29,MATCH(L39,'Raw lists'!$B$2:$B$29,0))&" / ",""))&IF(M39="","",IFERROR(INDEX('Raw lists'!$B$2:$B$29,MATCH(M39,'Raw lists'!$B$2:$B$29,0))&" / ","")),LEN(IF(K39="","",IFERROR(INDEX('Raw lists'!$B$2:$B$29,MATCH(K39,'Raw lists'!$B$2:$B$29,0))&" / ",""))&IF(L39="","",IFERROR(INDEX('Raw lists'!$B$2:$B$29,MATCH(L39,'Raw lists'!$B$2:$B$29,0))&" / ",""))&IF(M39="","",IFERROR(INDEX('Raw lists'!$B$2:$B$29,MATCH(M39,'Raw lists'!$B$2:$B$29,0))&" / ","")))-3)) | E39: =IF(LEN(IF(K39="","",IFERROR(INDEX('Raw lists'!$C$2:$C$23,MATCH(K39,'Raw lists'!$C$2:$C$23,0))&" / ",""))&IF(L39="","",IFERROR(INDEX('Raw lists'!$C$2:$C$23,MATCH(L39,'Raw lists'!$C$2:$C$23,0))&" / ",""))&IF(M39="","",IFERROR(INDEX('Raw lists'!$C$2:$C$23,MATCH(M39,'Raw lists'!$C$2:$C$23,0))&" / ","")))=0,"",LEFT(IF(K39="","",IFERROR(INDEX('Raw lists'!$C$2:$C$23,MATCH(K39,'Raw lists'!$C$2:$C$23,0))&" / ",""))&IF(L39="","",IFERROR(INDEX('Raw lists'!$C$2:$C$23,MATCH(L39,'Raw lists'!$C$2:$C$23,0))&" / ",""))&IF(M39="","",IFERROR(INDEX('Raw lists'!$C$2:$C$23,MATCH(M39,'Raw lists'!$C$2:$C$23,0))&" / ","")),LEN(IF(K39="","",IFERROR(INDEX('Raw lists'!$C$2:$C$23,MATCH(K39,'Raw lists'!$C$2:$C$23,0))&" / ",""))&IF(L39="","",IFERROR(INDEX('Raw lists'!$C$2:$C$23,MATCH(L39,'Raw lists'!$C$2:$C$23,0))&" / ",""))&IF(M39="","",IFERROR(INDEX('Raw lists'!$C$2:$C$23,MATCH(M39,'Raw lists'!$C$2:$C$23,0))&" / ","")))-3)) | F39: Example | G39: Pseudopolynomial algorithm seen earlier, running in O(n). | H39: =COUNTIF(C39:E39,"?*") -> 0 | I39: =IF(H39=0,"None",IF(H39=3,"All three",IF(H39=1,"Only "&TRIM(IF(C39<>"","Gemini ","")&IF(D39<>"","RAKE ","")&IF(E39<>"","YAKE","")),SUBSTITUTE(TRIM(IF(C39<>"","Gemini ","")&IF(D39<>"","RAKE ","")&IF(E39<>"","YAKE",""))," "," + ")))) -> None | K39: Fibonacci
A40: 39 | B40: Bowling | C40: =IF(LEN(IF(K40="","",IFERROR(INDEX('Raw lists'!$A$2:$A$32,MATCH(K40,'Raw lists'!$A$2:$A$32,0))&" / ",""))&IF(L40="","",IFERROR(INDEX('Raw lists'!$A$2:$A$32,MATCH(L40,'Raw lists'!$A$2:$A$32,0))&" / ",""))&IF(M40="","",IFERROR(INDEX('Raw lists'!$A$2:$A$32,MATCH(M40,'Raw lists'!$A$2:$A$32,0))&" / ","")))=0,"",LEFT(IF(K40="","",IFERROR(INDEX('Raw lists'!$A$2:$A$32,MATCH(K40,'Raw lists'!$A$2:$A$32,0))&" / ",""))&IF(L40="","",IFERROR(INDEX('Raw lists'!$A$2:$A$32,MATCH(L40,'Raw lists'!$A$2:$A$32,0))&" / ",""))&IF(M40="","",IFERROR(INDEX('Raw lists'!$A$2:$A$32,MATCH(M40,'Raw lists'!$A$2:$A$32,0))&" / ","")),LEN(IF(K40="","",IFERROR(INDEX('Raw lists'!$A$2:$A$32,MATCH(K40,'Raw lists'!$A$2:$A$32,0))&" / ",""))&IF(L40="","",IFERROR(INDEX('Raw lists'!$A$2:$A$32,MATCH(L40,'Raw lists'!$A$2:$A$32,0))&" / ",""))&IF(M40="","",IFERROR(INDEX('Raw lists'!$A$2:$A$32,MATCH(M40,'Raw lists'!$A$2:$A$32,0))&" / ","")))-3)) | D40: =IF(LEN(IF(K40="","",IFERROR(INDEX('Raw lists'!$B$2:$B$29,MATCH(K40,'Raw lists'!$B$2:$B$29,0))&" / ",""))&IF(L40="","",IFERROR(INDEX('Raw lists'!$B$2:$B$29,MATCH(L40,'Raw lists'!$B$2:$B$29,0))&" / ",""))&IF(M40="","",IFERROR(INDEX('Raw lists'!$B$2:$B$29,MATCH(M40,'Raw lists'!$B$2:$B$29,0))&" / ","")))=0,"",LEFT(IF(K40="","",IFERROR(INDEX('Raw lists'!$B$2:$B$29,MATCH(K40,'Raw lists'!$B$2:$B$29,0))&" / ",""))&IF(L40="","",IFERROR(INDEX('Raw lists'!$B$2:$B$29,MATCH(L40,'Raw lists'!$B$2:$B$29,0))&" / ",""))&IF(M40="","",IFERROR(INDEX('Raw lists'!$B$2:$B$29,MATCH(M40,'Raw lists'!$B$2:$B$29,0))&" / ","")),LEN(IF(K40="","",IFERROR(INDEX('Raw lists'!$B$2:$B$29,MATCH(K40,'Raw lists'!$B$2:$B$29,0))&" / ",""))&IF(L40="","",IFERROR(INDEX('Raw lists'!$B$2:$B$29,MATCH(L40,'Raw lists'!$B$2:$B$29,0))&" / ",""))&IF(M40="","",IFERROR(INDEX('Raw lists'!$B$2:$B$29,MATCH(M40,'Raw lists'!$B$2:$B$29,0))&" / ","")))-3)) | E40: =IF(LEN(IF(K40="","",IFERROR(INDEX('Raw lists'!$C$2:$C$23,MATCH(K40,'Raw lists'!$C$2:$C$23,0))&" / ",""))&IF(L40="","",IFERROR(INDEX('Raw lists'!$C$2:$C$23,MATCH(L40,'Raw lists'!$C$2:$C$23,0))&" / ",""))&IF(M40="","",IFERROR(INDEX('Raw lists'!$C$2:$C$23,MATCH(M40,'Raw lists'!$C$2:$C$23,0))&" / ","")))=0,"",LEFT(IF(K40="","",IFERROR(INDEX('Raw lists'!$C$2:$C$23,MATCH(K40,'Raw lists'!$C$2:$C$23,0))&" / ",""))&IF(L40="","",IFERROR(INDEX('Raw lists'!$C$2:$C$23,MATCH(L40,'Raw lists'!$C$2:$C$23,0))&" / ",""))&IF(M40="","",IFERROR(INDEX('Raw lists'!$C$2:$C$23,MATCH(M40,'Raw lists'!$C$2:$C$23,0))&" / ","")),LEN(IF(K40="","",IFERROR(INDEX('Raw lists'!$C$2:$C$23,MATCH(K40,'Raw lists'!$C$2:$C$23,0))&" / ",""))&IF(L40="","",IFERROR(INDEX('Raw lists'!$C$2:$C$23,MATCH(L40,'Raw lists'!$C$2:$C$23,0))&" / ",""))&IF(M40="","",IFERROR(INDEX('Raw lists'!$C$2:$C$23,MATCH(M40,'Raw lists'!$C$2:$C$23,0))&" / ","")))-3)) | F40: Example | G40: Named in the review of dynamic programming examples. | H40: =COUNTIF(C40:E40,"?*") -> 0 | I40: =IF(H40=0,"None",IF(H40=3,"All three",IF(H40=1,"Only "&TRIM(IF(C40<>"","Gemini ","")&IF(D40<>"","RAKE ","")&IF(E40<>"","YAKE","")),SUBSTITUTE(TRIM(IF(C40<>"","Gemini ","")&IF(D40<>"","RAKE ","")&IF(E40<>"","YAKE",""))," "," + ")))) -> None | K40: Bowling
A41: 40 | B41: Longest common subsequence (LCS) | C41: =IF(LEN(IF(K41="","",IFERROR(INDEX('Raw lists'!$A$2:$A$32,MATCH(K41,'Raw lists'!$A$2:$A$32,0))&" / ",""))&IF(L41="","",IFERROR(INDEX('Raw lists'!$A$2:$A$32,MATCH(L41,'Raw lists'!$A$2:$A$32,0))&" / ",""))&IF(M41="","",IFERROR(INDEX('Raw lists'!$A$2:$A$32,MATCH(M41,'Raw lists'!$A$2:$A$32,0))&" / ","")))=0,"",LEFT(IF(K41="","",IFERROR(INDEX('Raw lists'!$A$2:$A$32,MATCH(K41,'Raw lists'!$A$2:$A$32,0))&" / ",""))&IF(L41="","",IFERROR(INDEX('Raw lists'!$A$2:$A$32,MATCH(L41,'Raw lists'!$A$2:$A$32,0))&" / ",""))&IF(M41="","",IFERROR(INDEX('Raw lists'!$A$2:$A$32,MATCH(M41,'Raw lists'!$A$2:$A$32,0))&" / ","")),LEN(IF(K41="","",IFERROR(INDEX('Raw lists'!$A$2:$A$32,MATCH(K41,'Raw lists'!$A$2:$A$32,0))&" / ",""))&IF(L41="","",IFERROR(INDEX('Raw lists'!$A$2:$A$32,MATCH(L41,'Raw lists'!$A$2:$A$32,0))&" / ",""))&IF(M41="","",IFERROR(INDEX('Raw lists'!$A$2:$A$32,MATCH(M41,'Raw lists'!$A$2:$A$32,0))&" / ","")))-3)) | D41: =IF(LEN(IF(K41="","",IFERROR(INDEX('Raw lists'!$B$2:$B$29,MATCH(K41,'Raw lists'!$B$2:$B$29,0))&" / ",""))&IF(L41="","",IFERROR(INDEX('Raw lists'!$B$2:$B$29,MATCH(L41,'Raw lists'!$B$2:$B$29,0))&" / ",""))&IF(M41="","",IFERROR(INDEX('Raw lists'!$B$2:$B$29,MATCH(M41,'Raw lists'!$B$2:$B$29,0))&" / ","")))=0,"",LEFT(IF(K41="","",IFERROR(INDEX('Raw lists'!$B$2:$B$29,MATCH(K41,'Raw lists'!$B$2:$B$29,0))&" / ",""))&IF(L41="","",IFERROR(INDEX('Raw lists'!$B$2:$B$29,MATCH(L41,'Raw lists'!$B$2:$B$29,0))&" / ",""))&IF(M41="","",IFERROR(INDEX('Raw lists'!$B$2:$B$29,MATCH(M41,'Raw lists'!$B$2:$B$29,0))&" / ","")),LEN(IF(K41="","",IFERROR(INDEX('Raw lists'!$B$2:$B$29,MATCH(K41,'Raw lists'!$B$2:$B$29,0))&" / ",""))&IF(L41="","",IFERROR(INDEX('Raw lists'!$B$2:$B$29,MATCH(L41,'Raw lists'!$B$2:$B$29,0))&" / ",""))&IF(M41="","",IFERROR(INDEX('Raw lists'!$B$2:$B$29,MATCH(M41,'Raw lists'!$B$2:$B$29,0))&" / ","")))-3)) | E41: =IF(LEN(IF(K41="","",IFERROR(INDEX('Raw lists'!$C$2:$C$23,MATCH(K41,'Raw lists'!$C$2:$C$23,0))&" / ",""))&IF(L41="","",IFERROR(INDEX('Raw lists'!$C$2:$C$23,MATCH(L41,'Raw lists'!$C$2:$C$23,0))&" / ",""))&IF(M41="","",IFERROR(INDEX('Raw lists'!$C$2:$C$23,MATCH(M41,'Raw lists'!$C$2:$C$23,0))&" / ","")))=0,"",LEFT(IF(K41="","",IFERROR(INDEX('Raw lists'!$C$2:$C$23,MATCH(K41,'Raw lists'!$C$2:$C$23,0))&" / ",""))&IF(L41="","",IFERROR(INDEX('Raw lists'!$C$2:$C$23,MATCH(L41,'Raw lists'!$C$2:$C$23,0))&" / ",""))&IF(M41="","",IFERROR(INDEX('Raw lists'!$C$2:$C$23,MATCH(M41,'Raw lists'!$C$2:$C$23,0))&" / ","")),LEN(IF(K41="","",IFERROR(INDEX('Raw lists'!$C$2:$C$23,MATCH(K41,'Raw lists'!$C$2:$C$23,0))&" / ",""))&IF(L41="","",IFERROR(INDEX('Raw lists'!$C$2:$C$23,MATCH(L41,'Raw lists'!$C$2:$C$23,0))&" / ",""))&IF(M41="","",IFERROR(INDEX('Raw lists'!$C$2:$C$23,MATCH(M41,'Raw lists'!$C$2:$C$23,0))&" / ","")))-3)) | F41: Example | G41: Named in the review of dynamic programming examples. | H41: =COUNTIF(C41:E41,"?*") -> 0 | I41: =IF(H41=0,"None",IF(H41=3,"All three",IF(H41=1,"Only "&TRIM(IF(C41<>"","Gemini ","")&IF(D41<>"","RAKE ","")&IF(E41<>"","YAKE","")),SUBSTITUTE(TRIM(IF(C41<>"","Gemini ","")&IF(D41<>"","RAKE ","")&IF(E41<>"","YAKE",""))," "," + ")))) -> None | K41: Longest Common Subsequence | L41: LCS
A42: 41 | B42: Longest increasing subsequence (LIS) | C42: =IF(LEN(IF(K42="","",IFERROR(INDEX('Raw lists'!$A$2:$A$32,MATCH(K42,'Raw lists'!$A$2:$A$32,0))&" / ",""))&IF(L42="","",IFERROR(INDEX('Raw lists'!$A$2:$A$32,MATCH(L42,'Raw lists'!$A$2:$A$32,0))&" / ",""))&IF(M42="","",IFERROR(INDEX('Raw lists'!$A$2:$A$32,MATCH(M42,'Raw lists'!$A$2:$A$32,0))&" / ","")))=0,"",LEFT(IF(K42="","",IFERROR(INDEX('Raw lists'!$A$2:$A$32,MATCH(K42,'Raw lists'!$A$2:$A$32,0))&" / ",""))&IF(L42="","",IFERROR(INDEX('Raw lists'!$A$2:$A$32,MATCH(L42,'Raw lists'!$A$2:$A$32,0))&" / ",""))&IF(M42="","",IFERROR(INDEX('Raw lists'!$A$2:$A$32,MATCH(M42,'Raw lists'!$A$2:$A$32,0))&" / ","")),LEN(IF(K42="","",IFERROR(INDEX('Raw lists'!$A$2:$A$32,MATCH(K42,'Raw lists'!$A$2:$A$32,0))&" / ",""))&IF(L42="","",IFERROR(INDEX('Raw lists'!$A$2:$A$32,MATCH(L42,'Raw lists'!$A$2:$A$32,0))&" / ",""))&IF(M42="","",IFERROR(INDEX('Raw lists'!$A$2:$A$32,MATCH(M42,'Raw lists'!$A$2:$A$32,0))&" / ","")))-3)) | D42: =IF(LEN(IF(K42="","",IFERROR(INDEX('Raw lists'!$B$2:$B$29,MATCH(K42,'Raw lists'!$B$2:$B$29,0))&" / ",""))&IF(L42="","",IFERROR(INDEX('Raw lists'!$B$2:$B$29,MATCH(L42,'Raw lists'!$B$2:$B$29,0))&" / ",""))&IF(M42="","",IFERROR(INDEX('Raw lists'!$B$2:$B$29,MATCH(M42,'Raw lists'!$B$2:$B$29,0))&" / ","")))=0,"",LEFT(IF(K42="","",IFERROR(INDEX('Raw lists'!$B$2:$B$29,MATCH(K42,'Raw lists'!$B$2:$B$29,0))&" / ",""))&IF(L42="","",IFERROR(INDEX('Raw lists'!$B$2:$B$29,MATCH(L42,'Raw lists'!$B$2:$B$29,0))&" / ",""))&IF(M42="","",IFERROR(INDEX('Raw lists'!$B$2:$B$29,MATCH(M42,'Raw lists'!$B$2:$B$29,0))&" / ","")),LEN(IF(K42="","",IFERROR(INDEX('Raw lists'!$B$2:$B$29,MATCH(K42,'Raw lists'!$B$2:$B$29,0))&" / ",""))&IF(L42="","",IFERROR(INDEX('Raw lists'!$B$2:$B$29,MATCH(L42,'Raw lists'!$B$2:$B$29,0))&" / ",""))&IF(M42="","",IFERROR(INDEX('Raw lists'!$B$2:$B$29,MATCH(M42,'Raw lists'!$B$2:$B$29,0))&" / ","")))-3)) | E42: =IF(LEN(IF(K42="","",IFERROR(INDEX('Raw lists'!$C$2:$C$23,MATCH(K42,'Raw lists'!$C$2:$C$23,0))&" / ",""))&IF(L42="","",IFERROR(INDEX('Raw lists'!$C$2:$C$23,MATCH(L42,'Raw lists'!$C$2:$C$23,0))&" / ",""))&IF(M42="","",IFERROR(INDEX('Raw lists'!$C$2:$C$23,MATCH(M42,'Raw lists'!$C$2:$C$23,0))&" / ","")))=0,"",LEFT(IF(K42="","",IFERROR(INDEX('Raw lists'!$C$2:$C$23,MATCH(K42,'Raw lists'!$C$2:$C$23,0))&" / ",""))&IF(L42="","",IFERROR(INDEX('Raw lists'!$C$2:$C$23,MATCH(L42,'Raw lists'!$C$2:$C$23,0))&" / ",""))&IF(M42="","",IFERROR(INDEX('Raw lists'!$C$2:$C$23,MATCH(M42,'Raw lists'!$C$2:$C$23,0))&" / ","")),LEN(IF(K42="","",IFERROR(INDEX('Raw lists'!$C$2:$C$23,MATCH(K42,'Raw lists'!$C$2:$C$23,0))&" / ",""))&IF(L42="","",IFERROR(INDEX('Raw lists'!$C$2:$C$23,MATCH(L42,'Raw lists'!$C$2:$C$23,0))&" / ",""))&IF(M42="","",IFERROR(INDEX('Raw lists'!$C$2:$C$23,MATCH(M42,'Raw lists'!$C$2:$C$23,0))&" / ","")))-3)) | F42: Example | G42: Named in the review of dynamic programming examples. | H42: =COUNTIF(C42:E42,"?*") -> 0 | I42: =IF(H42=0,"None",IF(H42=3,"All three",IF(H42=1,"Only "&TRIM(IF(C42<>"","Gemini ","")&IF(D42<>"","RAKE ","")&IF(E42<>"","YAKE","")),SUBSTITUTE(TRIM(IF(C42<>"","Gemini ","")&IF(D42<>"","RAKE ","")&IF(E42<>"","YAKE",""))," "," + ")))) -> None | K42: Longest Increasing Subsequence | L42: LIS
A43: 42 | B43: Floyd-Warshall | C43: =IF(LEN(IF(K43="","",IFERROR(INDEX('Raw lists'!$A$2:$A$32,MATCH(K43,'Raw lists'!$A$2:$A$32,0))&" / ",""))&IF(L43="","",IFERROR(INDEX('Raw lists'!$A$2:$A$32,MATCH(L43,'Raw lists'!$A$2:$A$32,0))&" / ",""))&IF(M43="","",IFERROR(INDEX('Raw lists'!$A$2:$A$32,MATCH(M43,'Raw lists'!$A$2:$A$32,0))&" / ","")))=0,"",LEFT(IF(K43="","",IFERROR(INDEX('Raw lists'!$A$2:$A$32,MATCH(K43,'Raw lists'!$A$2:$A$32,0))&" / ",""))&IF(L43="","",IFERROR(INDEX('Raw lists'!$A$2:$A$32,MATCH(L43,'Raw lists'!$A$2:$A$32,0))&" / ",""))&IF(M43="","",IFERROR(INDEX('Raw lists'!$A$2:$A$32,MATCH(M43,'Raw lists'!$A$2:$A$32,0))&" / ","")),LEN(IF(K43="","",IFERROR(INDEX('Raw lists'!$A$2:$A$32,MATCH(K43,'Raw lists'!$A$2:$A$32,0))&" / ",""))&IF(L43="","",IFERROR(INDEX('Raw lists'!$A$2:$A$32,MATCH(L43,'Raw lists'!$A$2:$A$32,0))&" / ",""))&IF(M43="","",IFERROR(INDEX('Raw lists'!$A$2:$A$32,MATCH(M43,'Raw lists'!$A$2:$A$32,0))&" / ","")))-3)) | D43: =IF(LEN(IF(K43="","",IFERROR(INDEX('Raw lists'!$B$2:$B$29,MATCH(K43,'Raw lists'!$B$2:$B$29,0))&" / ",""))&IF(L43="","",IFERROR(INDEX('Raw lists'!$B$2:$B$29,MATCH(L43,'Raw lists'!$B$2:$B$29,0))&" / ",""))&IF(M43="","",IFERROR(INDEX('Raw lists'!$B$2:$B$29,MATCH(M43,'Raw lists'!$B$2:$B$29,0))&" / ","")))=0,"",LEFT(IF(K43="","",IFERROR(INDEX('Raw lists'!$B$2:$B$29,MATCH(K43,'Raw lists'!$B$2:$B$29,0))&" / ",""))&IF(L43="","",IFERROR(INDEX('Raw lists'!$B$2:$B$29,MATCH(L43,'Raw lists'!$B$2:$B$29,0))&" / ",""))&IF(M43="","",IFERROR(INDEX('Raw lists'!$B$2:$B$29,MATCH(M43,'Raw lists'!$B$2:$B$29,0))&" / ","")),LEN(IF(K43="","",IFERROR(INDEX('Raw lists'!$B$2:$B$29,MATCH(K43,'Raw lists'!$B$2:$B$29,0))&" / ",""))&IF(L43="","",IFERROR(INDEX('Raw lists'!$B$2:$B$29,MATCH(L43,'Raw lists'!$B$2:$B$29,0))&" / ",""))&IF(M43="","",IFERROR(INDEX('Raw lists'!$B$2:$B$29,MATCH(M43,'Raw lists'!$B$2:$B$29,0))&" / ","")))-3)) -> Floyd – Warshall | E43: =IF(LEN(IF(K43="","",IFERROR(INDEX('Raw lists'!$C$2:$C$23,MATCH(K43,'Raw lists'!$C$2:$C$23,0))&" / ",""))&IF(L43="","",IFERROR(INDEX('Raw lists'!$C$2:$C$23,MATCH(L43,'Raw lists'!$C$2:$C$23,0))&" / ",""))&IF(M43="","",IFERROR(INDEX('Raw lists'!$C$2:$C$23,MATCH(M43,'Raw lists'!$C$2:$C$23,0))&" / ","")))=0,"",LEFT(IF(K43="","",IFERROR(INDEX('Raw lists'!$C$2:$C$23,MATCH(K43,'Raw lists'!$C$2:$C$23,0))&" / ",""))&IF(L43="","",IFERROR(INDEX('Raw lists'!$C$2:$C$23,MATCH(L43,'Raw lists'!$C$2:$C$23,0))&" / ",""))&IF(M43="","",IFERROR(INDEX('Raw lists'!$C$2:$C$23,MATCH(M43,'Raw lists'!$C$2:$C$23,0))&" / ","")),LEN(IF(K43="","",IFERROR(INDEX('Raw lists'!$C$2:$C$23,MATCH(K43,'Raw lists'!$C$2:$C$23,0))&" / ",""))&IF(L43="","",IFERROR(INDEX('Raw lists'!$C$2:$C$23,MATCH(L43,'Raw lists'!$C$2:$C$23,0))&" / ",""))&IF(M43="","",IFERROR(INDEX('Raw lists'!$C$2:$C$23,MATCH(M43,'Raw lists'!$C$2:$C$23,0))&" / ","")))-3)) | F43: Example | G43: Named in the review of dynamic programming examples. | H43: =COUNTIF(C43:E43,"?*") -> 1 | I43: =IF(H43=0,"None",IF(H43=3,"All three",IF(H43=1,"Only "&TRIM(IF(C43<>"","Gemini ","")&IF(D43<>"","RAKE ","")&IF(E43<>"","YAKE","")),SUBSTITUTE(TRIM(IF(C43<>"","Gemini ","")&IF(D43<>"","RAKE ","")&IF(E43<>"","YAKE",""))," "," + ")))) -> Only RAKE | K43: Floyd – Warshall
A44: 43 | B44: Alternating coin game | C44: =IF(LEN(IF(K44="","",IFERROR(INDEX('Raw lists'!$A$2:$A$32,MATCH(K44,'Raw lists'!$A$2:$A$32,0))&" / ",""))&IF(L44="","",IFERROR(INDEX('Raw lists'!$A$2:$A$32,MATCH(L44,'Raw lists'!$A$2:$A$32,0))&" / ",""))&IF(M44="","",IFERROR(INDEX('Raw lists'!$A$2:$A$32,MATCH(M44,'Raw lists'!$A$2:$A$32,0))&" / ","")))=0,"",LEFT(IF(K44="","",IFERROR(INDEX('Raw lists'!$A$2:$A$32,MATCH(K44,'Raw lists'!$A$2:$A$32,0))&" / ",""))&IF(L44="","",IFERROR(INDEX('Raw lists'!$A$2:$A$32,MATCH(L44,'Raw lists'!$A$2:$A$32,0))&" / ",""))&IF(M44="","",IFERROR(INDEX('Raw lists'!$A$2:$A$32,MATCH(M44,'Raw lists'!$A$2:$A$32,0))&" / ","")),LEN(IF(K44="","",IFERROR(INDEX('Raw lists'!$A$2:$A$32,MATCH(K44,'Raw lists'!$A$2:$A$32,0))&" / ",""))&IF(L44="","",IFERROR(INDEX('Raw lists'!$A$2:$A$32,MATCH(L44,'Raw lists'!$A$2:$A$32,0))&" / ",""))&IF(M44="","",IFERROR(INDEX('Raw lists'!$A$2:$A$32,MATCH(M44,'Raw lists'!$A$2:$A$32,0))&" / ","")))-3)) | D44: =IF(LEN(IF(K44="","",IFERROR(INDEX('Raw lists'!$B$2:$B$29,MATCH(K44,'Raw lists'!$B$2:$B$29,0))&" / ",""))&IF(L44="","",IFERROR(INDEX('Raw lists'!$B$2:$B$29,MATCH(L44,'Raw lists'!$B$2:$B$29,0))&" / ",""))&IF(M44="","",IFERROR(INDEX('Raw lists'!$B$2:$B$29,MATCH(M44,'Raw lists'!$B$2:$B$29,0))&" / ","")))=0,"",LEFT(IF(K44="","",IFERROR(INDEX('Raw lists'!$B$2:$B$29,MATCH(K44,'Raw lists'!$B$2:$B$29,0))&" / ",""))&IF(L44="","",IFERROR(INDEX('Raw lists'!$B$2:$B$29,MATCH(L44,'Raw lists'!$B$2:$B$29,0))&" / ",""))&IF(M44="","",IFERROR(INDEX('Raw lists'!$B$2:$B$29,MATCH(M44,'Raw lists'!$B$2:$B$29,0))&" / ","")),LEN(IF(K44="","",IFERROR(INDEX('Raw lists'!$B$2:$B$29,MATCH(K44,'Raw lists'!$B$2:$B$29,0))&" / ",""))&IF(L44="","",IFERROR(INDEX('Raw lists'!$B$2:$B$29,MATCH(L44,'Raw lists'!$B$2:$B$29,0))&" / ",""))&IF(M44="","",IFERROR(INDEX('Raw lists'!$B$2:$B$29,MATCH(M44,'Raw lists'!$B$2:$B$29,0))&" / ","")))-3)) -> Alternating Coin Game | E44: =IF(LEN(IF(K44="","",IFERROR(INDEX('Raw lists'!$C$2:$C$23,MATCH(K44,'Raw lists'!$C$2:$C$23,0))&" / ",""))&IF(L44="","",IFERROR(INDEX('Raw lists'!$C$2:$C$23,MATCH(L44,'Raw lists'!$C$2:$C$23,0))&" / ",""))&IF(M44="","",IFERROR(INDEX('Raw lists'!$C$2:$C$23,MATCH(M44,'Raw lists'!$C$2:$C$23,0))&" / ","")))=0,"",LEFT(IF(K44="","",IFERROR(INDEX('Raw lists'!$C$2:$C$23,MATCH(K44,'Raw lists'!$C$2:$C$23,0))&" / ",""))&IF(L44="","",IFERROR(INDEX('Raw lists'!$C$2:$C$23,MATCH(L44,'Raw lists'!$C$2:$C$23,0))&" / ",""))&IF(M44="","",IFERROR(INDEX('Raw lists'!$C$2:$C$23,MATCH(M44,'Raw lists'!$C$2:$C$23,0))&" / ","")),LEN(IF(K44="","",IFERROR(INDEX('Raw lists'!$C$2:$C$23,MATCH(K44,'Raw lists'!$C$2:$C$23,0))&" / ",""))&IF(L44="","",IFERROR(INDEX('Raw lists'!$C$2:$C$23,MATCH(L44,'Raw lists'!$C$2:$C$23,0))&" / ",""))&IF(M44="","",IFERROR(INDEX('Raw lists'!$C$2:$C$23,MATCH(M44,'Raw lists'!$C$2:$C$23,0))&" / ","")))-3)) | F44: Example | G44: Named in the review of dynamic programming examples. | H44: =COUNTIF(C44:E44,"?*") -> 1 | I44: =IF(H44=0,"None",IF(H44=3,"All three",IF(H44=1,"Only "&TRIM(IF(C44<>"","Gemini ","")&IF(D44<>"","RAKE ","")&IF(E44<>"","YAKE","")),SUBSTITUTE(TRIM(IF(C44<>"","Gemini ","")&IF(D44<>"","RAKE ","")&IF(E44<>"","YAKE",""))," "," + ")))) -> Only RAKE | K44: Alternating Coin Game
A45: 44 | B45: Arithmetic parenthesization | C45: =IF(LEN(IF(K45="","",IFERROR(INDEX('Raw lists'!$A$2:$A$32,MATCH(K45,'Raw lists'!$A$2:$A$32,0))&" / ",""))&IF(L45="","",IFERROR(INDEX('Raw lists'!$A$2:$A$32,MATCH(L45,'Raw lists'!$A$2:$A$32,0))&" / ",""))&IF(M45="","",IFERROR(INDEX('Raw lists'!$A$2:$A$32,MATCH(M45,'Raw lists'!$A$2:$A$32,0))&" / ","")))=0,"",LEFT(IF(K45="","",IFERROR(INDEX('Raw lists'!$A$2:$A$32,MATCH(K45,'Raw lists'!$A$2:$A$32,0))&" / ",""))&IF(L45="","",IFERROR(INDEX('Raw lists'!$A$2:$A$32,MATCH(L45,'Raw lists'!$A$2:$A$32,0))&" / ",""))&IF(M45="","",IFERROR(INDEX('Raw lists'!$A$2:$A$32,MATCH(M45,'Raw lists'!$A$2:$A$32,0))&" / ","")),LEN(IF(K45="","",IFERROR(INDEX('Raw lists'!$A$2:$A$32,MATCH(K45,'Raw lists'!$A$2:$A$32,0))&" / ",""))&IF(L45="","",IFERROR(INDEX('Raw lists'!$A$2:$A$32,MATCH(L45,'Raw lists'!$A$2:$A$32,0))&" / ",""))&IF(M45="","",IFERROR(INDEX('Raw lists'!$A$2:$A$32,MATCH(M45,'Raw lists'!$A$2:$A$32,0))&" / ","")))-3)) | D45: =IF(LEN(IF(K45="","",IFERROR(INDEX('Raw lists'!$B$2:$B$29,MATCH(K45,'Raw lists'!$B$2:$B$29,0))&" / ",""))&IF(L45="","",IFERROR(INDEX('Raw lists'!$B$2:$B$29,MATCH(L45,'Raw lists'!$B$2:$B$29,0))&" / ",""))&IF(M45="","",IFERROR(INDEX('Raw lists'!$B$2:$B$29,MATCH(M45,'Raw lists'!$B$2:$B$29,0))&" / ","")))=0,"",LEFT(IF(K45="","",IFERROR(INDEX('Raw lists'!$B$2:$B$29,MATCH(K45,'Raw lists'!$B$2:$B$29,0))&" / ",""))&IF(L45="","",IFERROR(INDEX('Raw lists'!$B$2:$B$29,MATCH(L45,'Raw lists'!$B$2:$B$29,0))&" / ",""))&IF(M45="","",IFERROR(INDEX('Raw lists'!$B$2:$B$29,MATCH(M45,'Raw lists'!$B$2:$B$29,0))&" / ","")),LEN(IF(K45="","",IFERROR(INDEX('Raw lists'!$B$2:$B$29,MATCH(K45,'Raw lists'!$B$2:$B$29,0))&" / ",""))&IF(L45="","",IFERROR(INDEX('Raw lists'!$B$2:$B$29,MATCH(L45,'Raw lists'!$B$2:$B$29,0))&" / ",""))&IF(M45="","",IFERROR(INDEX('Raw lists'!$B$2:$B$29,MATCH(M45,'Raw lists'!$B$2:$B$29,0))&" / ","")))-3)) | E45: =IF(LEN(IF(K45="","",IFERROR(INDEX('Raw lists'!$C$2:$C$23,MATCH(K45,'Raw lists'!$C$2:$C$23,0))&" / ",""))&IF(L45="","",IFERROR(INDEX('Raw lists'!$C$2:$C$23,MATCH(L45,'Raw lists'!$C$2:$C$23,0))&" / ",""))&IF(M45="","",IFERROR(INDEX('Raw lists'!$C$2:$C$23,MATCH(M45,'Raw lists'!$C$2:$C$23,0))&" / ","")))=0,"",LEFT(IF(K45="","",IFERROR(INDEX('Raw lists'!$C$2:$C$23,MATCH(K45,'Raw lists'!$C$2:$C$23,0))&" / ",""))&IF(L45="","",IFERROR(INDEX('Raw lists'!$C$2:$C$23,MATCH(L45,'Raw lists'!$C$2:$C$23,0))&" / ",""))&IF(M45="","",IFERROR(INDEX('Raw lists'!$C$2:$C$23,MATCH(M45,'Raw lists'!$C$2:$C$23,0))&" / ","")),LEN(IF(K45="","",IFERROR(INDEX('Raw lists'!$C$2:$C$23,MATCH(K45,'Raw lists'!$C$2:$C$23,0))&" / ",""))&IF(L45="","",IFERROR(INDEX('Raw lists'!$C$2:$C$23,MATCH(L45,'Raw lists'!$C$2:$C$23,0))&" / ",""))&IF(M45="","",IFERROR(INDEX('Raw lists'!$C$2:$C$23,MATCH(M45,'Raw lists'!$C$2:$C$23,0))&" / ","")))-3)) | F45: Example | G45: Named in the review of dynamic programming examples. | H45: =COUNTIF(C45:E45,"?*") -> 0 | I45: =IF(H45=0,"None",IF(H45=3,"All three",IF(H45=1,"Only "&TRIM(IF(C45<>"","Gemini ","")&IF(D45<>"","RAKE ","")&IF(E45<>"","YAKE","")),SUBSTITUTE(TRIM(IF(C45<>"","Gemini ","")&IF(D45<>"","RAKE ","")&IF(E45<>"","YAKE",""))," "," + ")))) -> None | K45: Arithmetic Parenthesization
A46: 45 | B46: Bellman-Ford | C46: =IF(LEN(IF(K46="","",IFERROR(INDEX('Raw lists'!$A$2:$A$32,MATCH(K46,'Raw lists'!$A$2:$A$32,0))&" / ",""))&IF(L46="","",IFERROR(INDEX('Raw lists'!$A$2:$A$32,MATCH(L46,'Raw lists'!$A$2:$A$32,0))&" / ",""))&IF(M46="","",IFERROR(INDEX('Raw lists'!$A$2:$A$32,MATCH(M46,'Raw lists'!$A$2:$A$32,0))&" / ","")))=0,"",LEFT(IF(K46="","",IFERROR(INDEX('Raw lists'!$A$2:$A$32,MATCH(K46,'Raw lists'!$A$2:$A$32,0))&" / ",""))&IF(L46="","",IFERROR(INDEX('Raw lists'!$A$2:$A$32,MATCH(L46,'Raw lists'!$A$2:$A$32,0))&" / ",""))&IF(M46="","",IFERROR(INDEX('Raw lists'!$A$2:$A$32,MATCH(M46,'Raw lists'!$A$2:$A$32,0))&" / ","")),LEN(IF(K46="","",IFERROR(INDEX('Raw lists'!$A$2:$A$32,MATCH(K46,'Raw lists'!$A$2:$A$32,0))&" / ",""))&IF(L46="","",IFERROR(INDEX('Raw lists'!$A$2:$A$32,MATCH(L46,'Raw lists'!$A$2:$A$32,0))&" / ",""))&IF(M46="","",IFERROR(INDEX('Raw lists'!$A$2:$A$32,MATCH(M46,'Raw lists'!$A$2:$A$32,0))&" / ","")))-3)) | D46: =IF(LEN(IF(K46="","",IFERROR(INDEX('Raw lists'!$B$2:$B$29,MATCH(K46,'Raw lists'!$B$2:$B$29,0))&" / ",""))&IF(L46="","",IFERROR(INDEX('Raw lists'!$B$2:$B$29,MATCH(L46,'Raw lists'!$B$2:$B$29,0))&" / ",""))&IF(M46="","",IFERROR(INDEX('Raw lists'!$B$2:$B$29,MATCH(M46,'Raw lists'!$B$2:$B$29,0))&" / ","")))=0,"",LEFT(IF(K46="","",IFERROR(INDEX('Raw lists'!$B$2:$B$29,MATCH(K46,'Raw lists'!$B$2:$B$29,0))&" / ",""))&IF(L46="","",IFERROR(INDEX('Raw lists'!$B$2:$B$29,MATCH(L46,'Raw lists'!$B$2:$B$29,0))&" / ",""))&IF(M46="","",IFERROR(INDEX('Raw lists'!$B$2:$B$29,MATCH(M46,'Raw lists'!$B$2:$B$29,0))&" / ","")),LEN(IF(K46="","",IFERROR(INDEX('Raw lists'!$B$2:$B$29,MATCH(K46,'Raw lists'!$B$2:$B$29,0))&" / ",""))&IF(L46="","",IFERROR(INDEX('Raw lists'!$B$2:$B$29,MATCH(L46,'Raw lists'!$B$2:$B$29,0))&" / ",""))&IF(M46="","",IFERROR(INDEX('Raw lists'!$B$2:$B$29,MATCH(M46,'Raw lists'!$B$2:$B$29,0))&" / ","")))-3)) -> Bellman – Ford | E46: =IF(LEN(IF(K46="","",IFERROR(INDEX('Raw lists'!$C$2:$C$23,MATCH(K46,'Raw lists'!$C$2:$C$23,0))&" / ",""))&IF(L46="","",IFERROR(INDEX('Raw lists'!$C$2:$C$23,MATCH(L46,'Raw lists'!$C$2:$C$23,0))&" / ",""))&IF(M46="","",IFERROR(INDEX('Raw lists'!$C$2:$C$23,MATCH(M46,'Raw lists'!$C$2:$C$23,0))&" / ","")))=0,"",LEFT(IF(K46="","",IFERROR(INDEX('Raw lists'!$C$2:$C$23,MATCH(K46,'Raw lists'!$C$2:$C$23,0))&" / ",""))&IF(L46="","",IFERROR(INDEX('Raw lists'!$C$2:$C$23,MATCH(L46,'Raw lists'!$C$2:$C$23,0))&" / ",""))&IF(M46="","",IFERROR(INDEX('Raw lists'!$C$2:$C$23,MATCH(M46,'Raw lists'!$C$2:$C$23,0))&" / ","")),LEN(IF(K46="","",IFERROR(INDEX('Raw lists'!$C$2:$C$23,MATCH(K46,'Raw lists'!$C$2:$C$23,0))&" / ",""))&IF(L46="","",IFERROR(INDEX('Raw lists'!$C$2:$C$23,MATCH(L46,'Raw lists'!$C$2:$C$23,0))&" / ",""))&IF(M46="","",IFERROR(INDEX('Raw lists'!$C$2:$C$23,MATCH(M46,'Raw lists'!$C$2:$C$23,0))&" / ","")))-3)) | F46: Example | G46: Named in the review of dynamic programming examples. | H46: =COUNTIF(C46:E46,"?*") -> 1 | I46: =IF(H46=0,"None",IF(H46=3,"All three",IF(H46=1,"Only "&TRIM(IF(C46<>"","Gemini ","")&IF(D46<>"","RAKE ","")&IF(E46<>"","YAKE","")),SUBSTITUTE(TRIM(IF(C46<>"","Gemini ","")&IF(D46<>"","RAKE ","")&IF(E46<>"","YAKE",""))," "," + ")))) -> Only RAKE | K46: Bellman – Ford
A47: 46 | B47: DAG shortest paths | C47: =IF(LEN(IF(K47="","",IFERROR(INDEX('Raw lists'!$A$2:$A$32,MATCH(K47,'Raw lists'!$A$2:$A$32,0))&" / ",""))&IF(L47="","",IFERROR(INDEX('Raw lists'!$A$2:$A$32,MATCH(L47,'Raw lists'!$A$2:$A$32,0))&" / ",""))&IF(M47="","",IFERROR(INDEX('Raw lists'!$A$2:$A$32,MATCH(M47,'Raw lists'!$A$2:$A$32,0))&" / ","")))=0,"",LEFT(IF(K47="","",IFERROR(INDEX('Raw lists'!$A$2:$A$32,MATCH(K47,'Raw lists'!$A$2:$A$32,0))&" / ",""))&IF(L47="","",IFERROR(INDEX('Raw lists'!$A$2:$A$32,MATCH(L47,'Raw lists'!$A$2:$A$32,0))&" / ",""))&IF(M47="","",IFERROR(INDEX('Raw lists'!$A$2:$A$32,MATCH(M47,'Raw lists'!$A$2:$A$32,0))&" / ","")),LEN(IF(K47="","",IFERROR(INDEX('Raw lists'!$A$2:$A$32,MATCH(K47,'Raw lists'!$A$2:$A$32,0))&" / ",""))&IF(L47="","",IFERROR(INDEX('Raw lists'!$A$2:$A$32,MATCH(L47,'Raw lists'!$A$2:$A$32,0))&" / ",""))&IF(M47="","",IFERROR(INDEX('Raw lists'!$A$2:$A$32,MATCH(M47,'Raw lists'!$A$2:$A$32,0))&" / ","")))-3)) | D47: =IF(LEN(IF(K47="","",IFERROR(INDEX('Raw lists'!$B$2:$B$29,MATCH(K47,'Raw lists'!$B$2:$B$29,0))&" / ",""))&IF(L47="","",IFERROR(INDEX('Raw lists'!$B$2:$B$29,MATCH(L47,'Raw lists'!$B$2:$B$29,0))&" / ",""))&IF(M47="","",IFERROR(INDEX('Raw lists'!$B$2:$B$29,MATCH(M47,'Raw lists'!$B$2:$B$29,0))&" / ","")))=0,"",LEFT(IF(K47="","",IFERROR(INDEX('Raw lists'!$B$2:$B$29,MATCH(K47,'Raw lists'!$B$2:$B$29,0))&" / ",""))&IF(L47="","",IFERROR(INDEX('Raw lists'!$B$2:$B$29,MATCH(L47,'Raw lists'!$B$2:$B$29,0))&" / ",""))&IF(M47="","",IFERROR(INDEX('Raw lists'!$B$2:$B$29,MATCH(M47,'Raw lists'!$B$2:$B$29,0))&" / ","")),LEN(IF(K47="","",IFERROR(INDEX('Raw lists'!$B$2:$B$29,MATCH(K47,'Raw lists'!$B$2:$B$29,0))&" / ",""))&IF(L47="","",IFERROR(INDEX('Raw lists'!$B$2:$B$29,MATCH(L47,'Raw lists'!$B$2:$B$29,0))&" / ",""))&IF(M47="","",IFERROR(INDEX('Raw lists'!$B$2:$B$29,MATCH(M47,'Raw lists'!$B$2:$B$29,0))&" / ","")))-3)) -> DAG Shortest Paths | E47: =IF(LEN(IF(K47="","",IFERROR(INDEX('Raw lists'!$C$2:$C$23,MATCH(K47,'Raw lists'!$C$2:$C$23,0))&" / ",""))&IF(L47="","",IFERROR(INDEX('Raw lists'!$C$2:$C$23,MATCH(L47,'Raw lists'!$C$2:$C$23,0))&" / ",""))&IF(M47="","",IFERROR(INDEX('Raw lists'!$C$2:$C$23,MATCH(M47,'Raw lists'!$C$2:$C$23,0))&" / ","")))=0,"",LEFT(IF(K47="","",IFERROR(INDEX('Raw lists'!$C$2:$C$23,MATCH(K47,'Raw lists'!$C$2:$C$23,0))&" / ",""))&IF(L47="","",IFERROR(INDEX('Raw lists'!$C$2:$C$23,MATCH(L47,'Raw lists'!$C$2:$C$23,0))&" / ",""))&IF(M47="","",IFERROR(INDEX('Raw lists'!$C$2:$C$23,MATCH(M47,'Raw lists'!$C$2:$C$23,0))&" / ","")),LEN(IF(K47="","",IFERROR(INDEX('Raw lists'!$C$2:$C$23,MATCH(K47,'Raw lists'!$C$2:$C$23,0))&" / ",""))&IF(L47="","",IFERROR(INDEX('Raw lists'!$C$2:$C$23,MATCH(L47,'Raw lists'!$C$2:$C$23,0))&" / ",""))&IF(M47="","",IFERROR(INDEX('Raw lists'!$C$2:$C$23,MATCH(M47,'Raw lists'!$C$2:$C$23,0))&" / ","")))-3)) | F47: Example | G47: Named in the review of dynamic programming examples. | H47: =COUNTIF(C47:E47,"?*") -> 1 | I47: =IF(H47=0,"None",IF(H47=3,"All three",IF(H47=1,"Only "&TRIM(IF(C47<>"","Gemini ","")&IF(D47<>"","RAKE ","")&IF(E47<>"","YAKE","")),SUBSTITUTE(TRIM(IF(C47<>"","Gemini ","")&IF(D47<>"","RAKE ","")&IF(E47<>"","YAKE",""))," "," + ")))) -> Only RAKE | K47: DAG Shortest Paths
A48: 47 | B48: Piano fingering | C48: =IF(LEN(IF(K48="","",IFERROR(INDEX('Raw lists'!$A$2:$A$32,MATCH(K48,'Raw lists'!$A$2:$A$32,0))&" / ",""))&IF(L48="","",IFERROR(INDEX('Raw lists'!$A$2:$A$32,MATCH(L48,'Raw lists'!$A$2:$A$32,0))&" / ",""))&IF(M48="","",IFERROR(INDEX('Raw lists'!$A$2:$A$32,MATCH(M48,'Raw lists'!$A$2:$A$32,0))&" / ","")))=0,"",LEFT(IF(K48="","",IFERROR(INDEX('Raw lists'!$A$2:$A$32,MATCH(K48,'Raw lists'!$A$2:$A$32,0))&" / ",""))&IF(L48="","",IFERROR(INDEX('Raw lists'!$A$2:$A$32,MATCH(L48,'Raw lists'!$A$2:$A$32,0))&" / ",""))&IF(M48="","",IFERROR(INDEX('Raw lists'!$A$2:$A$32,MATCH(M48,'Raw lists'!$A$2:$A$32,0))&" / ","")),LEN(IF(K48="","",IFERROR(INDEX('Raw lists'!$A$2:$A$32,MATCH(K48,'Raw lists'!$A$2:$A$32,0))&" / ",""))&IF(L48="","",IFERROR(INDEX('Raw lists'!$A$2:$A$32,MATCH(L48,'Raw lists'!$A$2:$A$32,0))&" / ",""))&IF(M48="","",IFERROR(INDEX('Raw lists'!$A$2:$A$32,MATCH(M48,'Raw lists'!$A$2:$A$32,0))&" / ","")))-3)) | D48: =IF(LEN(IF(K48="","",IFERROR(INDEX('Raw lists'!$B$2:$B$29,MATCH(K48,'Raw lists'!$B$2:$B$29,0))&" / ",""))&IF(L48="","",IFERROR(INDEX('Raw lists'!$B$2:$B$29,MATCH(L48,'Raw lists'!$B$2:$B$29,0))&" / ",""))&IF(M48="","",IFERROR(INDEX('Raw lists'!$B$2:$B$29,MATCH(M48,'Raw lists'!$B$2:$B$29,0))&" / ","")))=0,"",LEFT(IF(K48="","",IFERROR(INDEX('Raw lists'!$B$2:$B$29,MATCH(K48,'Raw lists'!$B$2:$B$29,0))&" / ",""))&IF(L48="","",IFERROR(INDEX('Raw lists'!$B$2:$B$29,MATCH(L48,'Raw lists'!$B$2:$B$29,0))&" / ",""))&IF(M48="","",IFERROR(INDEX('Raw lists'!$B$2:$B$29,MATCH(M48,'Raw lists'!$B$2:$B$29,0))&" / ","")),LEN(IF(K48="","",IFERROR(INDEX('Raw lists'!$B$2:$B$29,MATCH(K48,'Raw lists'!$B$2:$B$29,0))&" / ",""))&IF(L48="","",IFERROR(INDEX('Raw lists'!$B$2:$B$29,MATCH(L48,'Raw lists'!$B$2:$B$29,0))&" / ",""))&IF(M48="","",IFERROR(INDEX('Raw lists'!$B$2:$B$29,MATCH(M48,'Raw lists'!$B$2:$B$29,0))&" / ","")))-3)) | E48: =IF(LEN(IF(K48="","",IFERROR(INDEX('Raw lists'!$C$2:$C$23,MATCH(K48,'Raw lists'!$C$2:$C$23,0))&" / ",""))&IF(L48="","",IFERROR(INDEX('Raw lists'!$C$2:$C$23,MATCH(L48,'Raw lists'!$C$2:$C$23,0))&" / ",""))&IF(M48="","",IFERROR(INDEX('Raw lists'!$C$2:$C$23,MATCH(M48,'Raw lists'!$C$2:$C$23,0))&" / ","")))=0,"",LEFT(IF(K48="","",IFERROR(INDEX('Raw lists'!$C$2:$C$23,MATCH(K48,'Raw lists'!$C$2:$C$23,0))&" / ",""))&IF(L48="","",IFERROR(INDEX('Raw lists'!$C$2:$C$23,MATCH(L48,'Raw lists'!$C$2:$C$23,0))&" / ",""))&IF(M48="","",IFERROR(INDEX('Raw lists'!$C$2:$C$23,MATCH(M48,'Raw lists'!$C$2:$C$23,0))&" / ","")),LEN(IF(K48="","",IFERROR(INDEX('Raw lists'!$C$2:$C$23,MATCH(K48,'Raw lists'!$C$2:$C$23,0))&" / ",""))&IF(L48="","",IFERROR(INDEX('Raw lists'!$C$2:$C$23,MATCH(L48,'Raw lists'!$C$2:$C$23,0))&" / ",""))&IF(M48="","",IFERROR(INDEX('Raw lists'!$C$2:$C$23,MATCH(M48,'Raw lists'!$C$2:$C$23,0))&" / ","")))-3)) | F48: Example | G48: Named in the review of dynamic programming examples. | H48: =COUNTIF(C48:E48,"?*") -> 0 | I48: =IF(H48=0,"None",IF(H48=3,"All three",IF(H48=1,"Only "&TRIM(IF(C48<>"","Gemini ","")&IF(D48<>"","RAKE ","")&IF(E48<>"","YAKE","")),SUBSTITUTE(TRIM(IF(C48<>"","Gemini ","")&IF(D48<>"","RAKE ","")&IF(E48<>"","YAKE",""))," "," + ")))) -> None | K48: Piano Fingering
A49: 48 | B49: — | C49: Input | D49: Input | E49: Input | F49: Not in Claude's list | G49: Generic word, but central to input-size definitions | H49: =COUNTIF(C49:E49,"?*") -> 3 | I49: =IF(H49=0,"None",IF(H49=3,"All three",IF(H49=1,"Only "&TRIM(IF(C49<>"","Gemini ","")&IF(D49<>"","RAKE ","")&IF(E49<>"","YAKE","")),SUBSTITUTE(TRIM(IF(C49<>"","Gemini ","")&IF(D49<>"","RAKE ","")&IF(E49<>"","YAKE",""))," "," + ")))) -> All three
A50: 49 | B50: — | C50: Piece | D50: Piece / Pieces | E50: Piece | F50: Not in Claude's list | G50: Extracted by a tool; not a concept in Claude's list | H50: =COUNTIF(C50:E50,"?*") -> 3 | I50: =IF(H50=0,"None",IF(H50=3,"All three",IF(H50=1,"Only "&TRIM(IF(C50<>"","Gemini ","")&IF(D50<>"","RAKE ","")&IF(E50<>"","YAKE","")),SUBSTITUTE(TRIM(IF(C50<>"","Gemini ","")&IF(D50<>"","RAKE ","")&IF(E50<>"","YAKE",""))," "," + ")))) -> All three
A51: 50 | B51: — | C51: Rod | D51: Rod | E51: Rod | F51: Not in Claude's list | G51: Extracted by a tool; not a concept in Claude's list | H51: =COUNTIF(C51:E51,"?*") -> 3 | I51: =IF(H51=0,"None",IF(H51=3,"All three",IF(H51=1,"Only "&TRIM(IF(C51<>"","Gemini ","")&IF(D51<>"","RAKE ","")&IF(E51<>"","YAKE","")),SUBSTITUTE(TRIM(IF(C51<>"","Gemini ","")&IF(D51<>"","RAKE ","")&IF(E51<>"","YAKE",""))," "," + ")))) -> All three
A52: 51 | B52: — | C52: Time | D52: Time | E52: Time | F52: Not in Claude's list | G52: Generic word | H52: =COUNTIF(C52:E52,"?*") -> 3 | I52: =IF(H52=0,"None",IF(H52=3,"All three",IF(H52=1,"Only "&TRIM(IF(C52<>"","Gemini ","")&IF(D52<>"","RAKE ","")&IF(E52<>"","YAKE","")),SUBSTITUTE(TRIM(IF(C52<>"","Gemini ","")&IF(D52<>"","RAKE ","")&IF(E52<>"","YAKE",""))," "," + ")))) -> All three
A53: 52 | B53: — | C53: Pseudopolynomial Rod Cutting | E53: Pseudopolynomial Rod Cutting | F53: Not in Claude's list | G53: Extracted by a tool; not a concept in Claude's list | H53: =COUNTIF(C53:E53,"?*") -> 2 | I53: =IF(H53=0,"None",IF(H53=3,"All three",IF(H53=1,"Only "&TRIM(IF(C53<>"","Gemini ","")&IF(D53<>"","RAKE ","")&IF(E53<>"","YAKE","")),SUBSTITUTE(TRIM(IF(C53<>"","Gemini ","")&IF(D53<>"","RAKE ","")&IF(E53<>"","YAKE",""))," "," + ")))) -> Gemini + YAKE
A54: 53 | B54: — | C54: Pseudopolynomial Subset Sum | E54: Pseudopolynomial Subset Sum | F54: Not in Claude's list | G54: Extracted by a tool; not a concept in Claude's list | H54: =COUNTIF(C54:E54,"?*") -> 2 | I54: =IF(H54=0,"None",IF(H54=3,"All three",IF(H54=1,"Only "&TRIM(IF(C54<>"","Gemini ","")&IF(D54<>"","RAKE ","")&IF(E54<>"","YAKE","")),SUBSTITUTE(TRIM(IF(C54<>"","Gemini ","")&IF(D54<>"","RAKE ","")&IF(E54<>"","YAKE",""))," "," + ")))) -> Gemini + YAKE
A55: 54 | B55: — | D55: Subset / Subsets | E55: Subset | F55: Not in Claude's list | G55: Extracted by a tool; not a concept in Claude's list | H55: =COUNTIF(C55:E55,"?*") -> 2 | I55: =IF(H55=0,"None",IF(H55=3,"All three",IF(H55=1,"Only "&TRIM(IF(C55<>"","Gemini ","")&IF(D55<>"","RAKE ","")&IF(E55<>"","YAKE","")),SUBSTITUTE(TRIM(IF(C55<>"","Gemini ","")&IF(D55<>"","RAKE ","")&IF(E55<>"","YAKE",""))," "," + ")))) -> RAKE + YAKE
A56: 55 | B56: — | D56: Access Array Build | F56: Not in Claude's list | G56: Fragment of "direct-access array build" | H56: =COUNTIF(C56:E56,"?*") -> 1 | I56: =IF(H56=0,"None",IF(H56=3,"All three",IF(H56=1,"Only "&TRIM(IF(C56<>"","Gemini ","")&IF(D56<>"","RAKE ","")&IF(E56<>"","YAKE","")),SUBSTITUTE(TRIM(IF(C56<>"","Gemini ","")&IF(D56<>"","RAKE ","")&IF(E56<>"","YAKE",""))," "," + ")))) -> Only RAKE
A57: 56 | B57: — | C57: Complexity | F57: Not in Claude's list | G57: Slide heading; broad term | H57: =COUNTIF(C57:E57,"?*") -> 1 | I57: =IF(H57=0,"None",IF(H57=3,"All three",IF(H57=1,"Only "&TRIM(IF(C57<>"","Gemini ","")&IF(D57<>"","RAKE ","")&IF(E57<>"","YAKE","")),SUBSTITUTE(TRIM(IF(C57<>"","Gemini ","")&IF(D57<>"","RAKE ","")&IF(E57<>"","YAKE",""))," "," + ")))) -> Only Gemini
A58: 57 | B58: — | E58: Cutting | F58: Not in Claude's list | G58: Part of "Rod Cutting", too short alone | H58: =COUNTIF(C58:E58,"?*") -> 1 | I58: =IF(H58=0,"None",IF(H58=3,"All three",IF(H58=1,"Only "&TRIM(IF(C58<>"","Gemini ","")&IF(D58<>"","RAKE ","")&IF(E58<>"","YAKE","")),SUBSTITUTE(TRIM(IF(C58<>"","Gemini ","")&IF(D58<>"","RAKE ","")&IF(E58<>"","YAKE",""))," "," + ")))) -> Only YAKE
A59: 58 | B59: — | C59: Def Cut | F59: Not in Claude's list | G59: Code keyword from the sample Python code, not a concept | H59: =COUNTIF(C59:E59,"?*") -> 1 | I59: =IF(H59=0,"None",IF(H59=3,"All three",IF(H59=1,"Only "&TRIM(IF(C59<>"","Gemini ","")&IF(D59<>"","RAKE ","")&IF(E59<>"","YAKE","")),SUBSTITUTE(TRIM(IF(C59<>"","Gemini ","")&IF(D59<>"","RAKE ","")&IF(E59<>"","YAKE",""))," "," + ")))) -> Only Gemini
A60: 59 | B60: — | D60: Draw Dependency Graph | F60: Not in Claude's list | G60: Instruction phrase from the slide, not a concept | H60: =COUNTIF(C60:E60,"?*") -> 1 | I60: =IF(H60=0,"None",IF(H60=3,"All three",IF(H60=1,"Only "&TRIM(IF(C60<>"","Gemini ","")&IF(D60<>"","RAKE ","")&IF(E60<>"","YAKE","")),SUBSTITUTE(TRIM(IF(C60<>"","Gemini ","")&IF(D60<>"","RAKE ","")&IF(E60<>"","YAKE",""))," "," + ")))) -> Only RAKE
A61: 60 | B61: — | C61: Example | F61: Not in Claude's list | G61: Generic word | H61: =COUNTIF(C61:E61,"?*") -> 1 | I61: =IF(H61=0,"None",IF(H61=3,"All three",IF(H61=1,"Only "&TRIM(IF(C61<>"","Gemini ","")&IF(D61<>"","RAKE ","")&IF(E61<>"","YAKE","")),SUBSTITUTE(TRIM(IF(C61<>"","Gemini ","")&IF(D61<>"","RAKE ","")&IF(E61<>"","YAKE",""))," "," + ")))) -> Only Gemini
A62: 61 | B62: — | D62: First Item AI | F62: Not in Claude's list | G62: Fragment of "first item a_i", not a full concept | H62: =COUNTIF(C62:E62,"?*") -> 1 | I62: =IF(H62=0,"None",IF(H62=3,"All three",IF(H62=1,"Only "&TRIM(IF(C62<>"","Gemini ","")&IF(D62<>"","RAKE ","")&IF(E62<>"","YAKE","")),SUBSTITUTE(TRIM(IF(C62<>"","Gemini ","")&IF(D62<>"","RAKE ","")&IF(E62<>"","YAKE",""))," "," + ")))) -> Only RAKE
A63: 62 | B63: — | D63: Https :// Ocw | F63: Not in Claude's list | G63: URL fragment from the page footer, not a concept | H63: =COUNTIF(C63:E63,"?*") -> 1 | I63: =IF(H63=0,"None",IF(H63=3,"All three",IF(H63=1,"Only "&TRIM(IF(C63<>"","Gemini ","")&IF(D63<>"","RAKE ","")&IF(E63<>"","YAKE","")),SUBSTITUTE(TRIM(IF(C63<>"","Gemini ","")&IF(D63<>"","RAKE ","")&IF(E63<>"","YAKE",""))," "," + ")))) -> Only RAKE
A64: 63 | B64: — | D64: Include First Item | F64: Not in Claude's list | G64: Fragment of a relation, not a full concept | H64: =COUNTIF(C64:E64,"?*") -> 1 | I64: =IF(H64=0,"None",IF(H64=3,"All three",IF(H64=1,"Only "&TRIM(IF(C64<>"","Gemini ","")&IF(D64<>"","RAKE ","")&IF(E64<>"","YAKE","")),SUBSTITUTE(TRIM(IF(C64<>"","Gemini ","")&IF(D64<>"","RAKE ","")&IF(E64<>"","YAKE",""))," "," + ")))) -> Only RAKE
A65: 64 | B65: — | D65: Integer / Integers | F65: Not in Claude's list | G65: Extracted by a tool; not a concept in Claude's list | H65: =COUNTIF(C65:E65,"?*") -> 1 | I65: =IF(H65=0,"None",IF(H65=3,"All three",IF(H65=1,"Only "&TRIM(IF(C65<>"","Gemini ","")&IF(D65<>"","RAKE ","")&IF(E65<>"","YAKE","")),SUBSTITUTE(TRIM(IF(C65<>"","Gemini ","")&IF(D65<>"","RAKE ","")&IF(E65<>"","YAKE",""))," "," + ")))) -> Only RAKE
A66: 65 | B66: — | C66: Is This Polynomial | F66: Not in Claude's list | G66: Slide heading, not a concept | H66: =COUNTIF(C66:E66,"?*") -> 1 | I66: =IF(H66=0,"None",IF(H66=3,"All three",IF(H66=1,"Only "&TRIM(IF(C66<>"","Gemini ","")&IF(D66<>"","RAKE ","")&IF(E66<>"","YAKE","")),SUBSTITUTE(TRIM(IF(C66<>"","Gemini ","")&IF(D66<>"","RAKE ","")&IF(E66<>"","YAKE",""))," "," + ")))) -> Only Gemini
A67: 66 | B67: — | C67: Is This Polynomial Time | F67: Not in Claude's list | G67: Slide heading, not a concept | H67: =COUNTIF(C67:E67,"?*") -> 1 | I67: =IF(H67=0,"None",IF(H67=3,"All three",IF(H67=1,"Only "&TRIM(IF(C67<>"","Gemini ","")&IF(D67<>"","RAKE ","")&IF(E67<>"","YAKE","")),SUBSTITUTE(TRIM(IF(C67<>"","Gemini ","")&IF(D67<>"","RAKE ","")&IF(E67<>"","YAKE",""))," "," + ")))) -> Only Gemini
A68: 67 | B68: — | C68: Length | F68: Not in Claude's list | G68: Generic word | H68: =COUNTIF(C68:E68,"?*") -> 1 | I68: =IF(H68=0,"None",IF(H68=3,"All three",IF(H68=1,"Only "&TRIM(IF(C68<>"","Gemini ","")&IF(D68<>"","RAKE ","")&IF(E68<>"","YAKE","")),SUBSTITUTE(TRIM(IF(C68<>"","Gemini ","")&IF(D68<>"","RAKE ","")&IF(E68<>"","YAKE",""))," "," + ")))) -> Only Gemini
A69: 68 | B69: — | C69: Output | F69: Not in Claude's list | G69: Generic word (from the Subset Sum input/output) | H69: =COUNTIF(C69:E69,"?*") -> 1 | I69: =IF(H69=0,"None",IF(H69=3,"All three",IF(H69=1,"Only "&TRIM(IF(C69<>"","Gemini ","")&IF(D69<>"","RAKE ","")&IF(E69<>"","YAKE","")),SUBSTITUTE(TRIM(IF(C69<>"","Gemini ","")&IF(D69<>"","RAKE ","")&IF(E69<>"","YAKE",""))," "," + ")))) -> Only Gemini
A70: 69 | B70: — | C70: Parent | F70: Not in Claude's list | G70: Term from the code (parent pointers); partial concept | H70: =COUNTIF(C70:E70,"?*") -> 1 | I70: =IF(H70=0,"None",IF(H70=3,"All three",IF(H70=1,"Only "&TRIM(IF(C70<>"","Gemini ","")&IF(D70<>"","RAKE ","")&IF(E70<>"","YAKE","")),SUBSTITUTE(TRIM(IF(C70<>"","Gemini ","")&IF(D70<>"","RAKE ","")&IF(E70<>"","YAKE",""))," "," + ")))) -> Only Gemini
A71: 70 | B71: — | C71: Positive Integers | F71: Not in Claude's list | G71: Extracted by a tool; not a concept in Claude's list | H71: =COUNTIF(C71:E71,"?*") -> 1 | I71: =IF(H71=0,"None",IF(H71=3,"All three",IF(H71=1,"Only "&TRIM(IF(C71<>"","Gemini ","")&IF(D71<>"","RAKE ","")&IF(E71<>"","YAKE","")),SUBSTITUTE(TRIM(IF(C71<>"","Gemini ","")&IF(D71<>"","RAKE ","")&IF(E71<>"","YAKE",""))," "," + ")))) -> Only Gemini
A72: 71 | B72: — | D72: Problem | F72: Not in Claude's list | G72: Generic word | H72: =COUNTIF(C72:E72,"?*") -> 1 | I72: =IF(H72=0,"None",IF(H72=3,"All three",IF(H72=1,"Only "&TRIM(IF(C72<>"","Gemini ","")&IF(D72<>"","RAKE ","")&IF(E72<>"","YAKE","")),SUBSTITUTE(TRIM(IF(C72<>"","Gemini ","")&IF(D72<>"","RAKE ","")&IF(E72<>"","YAKE",""))," "," + ")))) -> Only RAKE
A73: 72 | B73: — | E73: Programming Steps | F73: Not in Claude's list | G73: Extracted by a tool; not a concept in Claude's list | H73: =COUNTIF(C73:E73,"?*") -> 1 | I73: =IF(H73=0,"None",IF(H73=3,"All three",IF(H73=1,"Only "&TRIM(IF(C73<>"","Gemini ","")&IF(D73<>"","RAKE ","")&IF(E73<>"","YAKE","")),SUBSTITUTE(TRIM(IF(C73<>"","Gemini ","")&IF(D73<>"","RAKE ","")&IF(E73<>"","YAKE",""))," "," + ")))) -> Only YAKE
A74: 73 | B74: — | E74: Pseudopolynomial Dynamic Programming | F74: Not in Claude's list | G74: Extracted by a tool; not a concept in Claude's list | H74: =COUNTIF(C74:E74,"?*") -> 1 | I74: =IF(H74=0,"None",IF(H74=3,"All three",IF(H74=1,"Only "&TRIM(IF(C74<>"","Gemini ","")&IF(D74<>"","RAKE ","")&IF(E74<>"","YAKE","")),SUBSTITUTE(TRIM(IF(C74<>"","Gemini ","")&IF(D74<>"","RAKE ","")&IF(E74<>"","YAKE",""))," "," + ")))) -> Only YAKE
A75: 74 | B75: — | C75: Pseudopolynomial Rod | F75: Not in Claude's list | G75: Extracted by a tool; not a concept in Claude's list | H75: =COUNTIF(C75:E75,"?*") -> 1 | I75: =IF(H75=0,"None",IF(H75=3,"All three",IF(H75=1,"Only "&TRIM(IF(C75<>"","Gemini ","")&IF(D75<>"","RAKE ","")&IF(E75<>"","YAKE","")),SUBSTITUTE(TRIM(IF(C75<>"","Gemini ","")&IF(D75<>"","RAKE ","")&IF(E75<>"","YAKE",""))," "," + ")))) -> Only Gemini
A76: 75 | B76: — | C76: Pseudopolynomial Subset | F76: Not in Claude's list | G76: Extracted by a tool; not a concept in Claude's list | H76: =COUNTIF(C76:E76,"?*") -> 1 | I76: =IF(H76=0,"None",IF(H76=3,"All three",IF(H76=1,"Only "&TRIM(IF(C76<>"","Gemini ","")&IF(D76<>"","RAKE ","")&IF(E76<>"","YAKE","")),SUBSTITUTE(TRIM(IF(C76<>"","Gemini ","")&IF(D76<>"","RAKE ","")&IF(E76<>"","YAKE",""))," "," + ")))) -> Only Gemini
A77: 76 | B77: — | D77: Radix Sort Runs | F77: Not in Claude's list | G77: Fragment of "radix sort runs in O(n)" | H77: =COUNTIF(C77:E77,"?*") -> 1 | I77: =IF(H77=0,"None",IF(H77=3,"All three",IF(H77=1,"Only "&TRIM(IF(C77<>"","Gemini ","")&IF(D77<>"","RAKE ","")&IF(E77<>"","YAKE","")),SUBSTITUTE(TRIM(IF(C77<>"","Gemini ","")&IF(D77<>"","RAKE ","")&IF(E77<>"","YAKE",""))," "," + ")))) -> Only RAKE
A78: 77 | B78: — | C78: Solve | F78: Not in Claude's list | G78: Generic word | H78: =COUNTIF(C78:E78,"?*") -> 1 | I78: =IF(H78=0,"None",IF(H78=3,"All three",IF(H78=1,"Only "&TRIM(IF(C78<>"","Gemini ","")&IF(D78<>"","RAKE ","")&IF(E78<>"","YAKE","")),SUBSTITUTE(TRIM(IF(C78<>"","Gemini ","")&IF(D78<>"","RAKE ","")&IF(E78<>"","YAKE",""))," "," + ")))) -> Only Gemini
A79: 78 | B79: — | D79: Store Choices | F79: Not in Claude's list | G79: Part of the Rod Cutting solution (store choices) | H79: =COUNTIF(C79:E79,"?*") -> 1 | I79: =IF(H79=0,"None",IF(H79=3,"All three",IF(H79=1,"Only "&TRIM(IF(C79<>"","Gemini ","")&IF(D79<>"","RAKE ","")&IF(E79<>"","YAKE","")),SUBSTITUTE(TRIM(IF(C79<>"","Gemini ","")&IF(D79<>"","RAKE ","")&IF(E79<>"","YAKE",""))," "," + ")))) -> Only RAKE
A80: 79 | B80: — | E80: Sum | F80: Not in Claude's list | G80: Part of "Subset Sum", too short alone | H80: =COUNTIF(C80:E80,"?*") -> 1 | I80: =IF(H80=0,"None",IF(H80=3,"All three",IF(H80=1,"Only "&TRIM(IF(C80<>"","Gemini ","")&IF(D80<>"","RAKE ","")&IF(E80<>"","YAKE","")),SUBSTITUTE(TRIM(IF(C80<>"","Gemini ","")&IF(D80<>"","RAKE ","")&IF(E80<>"","YAKE",""))," "," + ")))) -> Only YAKE
A81: 80 | B81: — | C81: Top | F81: Not in Claude's list | G81: Generic word (from "top down") | H81: =COUNTIF(C81:E81,"?*") -> 1 | I81: =IF(H81=0,"None",IF(H81=3,"All three",IF(H81=1,"Only "&TRIM(IF(C81<>"","Gemini ","")&IF(D81<>"","RAKE ","")&IF(E81<>"","YAKE","")),SUBSTITUTE(TRIM(IF(C81<>"","Gemini ","")&IF(D81<>"","RAKE ","")&IF(E81<>"","YAKE",""))," "," + ")))) -> Only Gemini
A82: 81 | B82: — | C82: Update Memo | F82: Not in Claude's list | G82: Code comment from the sample code, not a concept | H82: =COUNTIF(C82:E82,"?*") -> 1 | I82: =IF(H82=0,"None",IF(H82=3,"All three",IF(H82=1,"Only "&TRIM(IF(C82<>"","Gemini ","")&IF(D82<>"","RAKE ","")&IF(E82<>"","YAKE","")),SUBSTITUTE(TRIM(IF(C82<>"","Gemini ","")&IF(D82<>"","RAKE ","")&IF(E82<>"","YAKE",""))," "," + ")))) -> Only Gemini

Sheet Summary
A1: Concept extraction comparison: Lecture 18, Pseudopolynomial (MIT 6.006)
A2: Claude's concept list is the reference. All numbers are formulas that read the other sheets.
A4: Which tool matches Claude's concepts best?
A5: ="Best match with Claude's concepts: "&INDEX(A7:A9,MATCH(MAX(G7:G9),G7:G9,0))&" (F1 score "&TEXT(MAX(G7:G9),"0%")&")" -> Best match with Claude's concepts: RAKE (F1 score 26%)
A6: Tool | B6: Items in raw list | C6: Items that are in Claude's list | D6: Precision | E6: Claude's concepts found | F6: Recall (all of Claude's concepts) | G6: F1 score | H6: Recall (core concepts only)
A7: Gemini | B7: =COUNTA('Raw lists'!A2:A32) -> 31 | C7: =SUM('Raw lists'!E2:E32) -> 11 | D7: =IF(B7=0,0,C7/B7) -> 0.35483871 | E7: =COUNTIF('Claude vs tools'!C2:C48,"?*") -> 8 | F7: =E7/COUNTA('Claude vs tools'!B2:B48) -> 0.17021277 | G7: =IF(D7+F7=0,0,2*D7*F7/(D7+F7)) -> 0.23006536 | H7: =COUNTIFS('Claude vs tools'!F2:F48,"Core",'Claude vs tools'!C2:C48,"?*")/COUNTIF('Claude vs tools'!F2:F48,"Core") -> 0.20588235
A8: RAKE | B8: =COUNTA('Raw lists'!B2:B29) -> 28 | C8: =SUM('Raw lists'!F2:F29) -> 11 | D8: =IF(B8=0,0,C8/B8) -> 0.39285714 | E8: =COUNTIF('Claude vs tools'!D2:D48,"?*") -> 9 | F8: =E8/COUNTA('Claude vs tools'!B2:B48) -> 0.19148936 | G8: =IF(D8+F8=0,0,2*D8*F8/(D8+F8)) -> 0.25747724 | H8: =COUNTIFS('Claude vs tools'!F2:F48,"Core",'Claude vs tools'!D2:D48,"?*")/COUNTIF('Claude vs tools'!F2:F48,"Core") -> 0.14705882
A9: YAKE | B9: =COUNTA('Raw lists'!C2:C23) -> 22 | C9: =SUM('Raw lists'!G2:G23) -> 11 | D9: =IF(B9=0,0,C9/B9) -> 0.5 | E9: =COUNTIF('Claude vs tools'!E2:E48,"?*") -> 8 | F9: =E9/COUNTA('Claude vs tools'!B2:B48) -> 0.17021277 | G9: =IF(D9+F9=0,0,2*D9*F9/(D9+F9)) -> 0.25396825 | H9: =COUNTIFS('Claude vs tools'!F2:F48,"Core",'Claude vs tools'!E2:E48,"?*")/COUNTIF('Claude vs tools'!F2:F48,"Core") -> 0.23529412
A10: ="Claude's list has "&COUNTA('Claude vs tools'!B2:B48)&" concepts ("&COUNTIF('Claude vs tools'!F2:F48,"Core")&" core, "&COUNTIF('Claude vs tools'!F2:F48,"Example")&" named examples). Precision = share of a tool's items that are in Claude's list. Recall = share of Claude's concepts the tool found." -> Claude's list has 47 concepts (34 core, 13 named examples). Precision = share of a tool's items that are in Claude's list. Recall = share of Claude's concepts the tool found.
A12: Agreement between the three tools
A13: Tool | B13: Concepts in tools matrix (singular/plural merged) | C13: Also found by at least one other tool | D13: Found only by this tool | E13: Agreement with others
A14: Gemini | B14: =COUNTA('Tools matrix'!B2:B59) -> 31 | C14: =SUMPRODUCT(('Tools matrix'!B2:B59<>"")*('Tools matrix'!E2:E59>=2)) -> 11 | D14: =SUMPRODUCT(('Tools matrix'!B2:B59<>"")*('Tools matrix'!E2:E59=1)) -> 20 | E14: =IF(B14=0,0,C14/B14) -> 0.35483871
A15: RAKE | B15: =COUNTA('Tools matrix'!C2:C59) -> 24 | C15: =SUMPRODUCT(('Tools matrix'!C2:C59<>"")*('Tools matrix'!E2:E59>=2)) -> 7 | D15: =SUMPRODUCT(('Tools matrix'!C2:C59<>"")*('Tools matrix'!E2:E59=1)) -> 17 | E15: =IF(B15=0,0,C15/B15) -> 0.29166667
A16: YAKE | B16: =COUNTA('Tools matrix'!D2:D59) -> 21 | C16: =SUMPRODUCT(('Tools matrix'!D2:D59<>"")*('Tools matrix'!E2:E59>=2)) -> 13 | D16: =SUMPRODUCT(('Tools matrix'!D2:D59<>"")*('Tools matrix'!E2:E59=1)) -> 8 | E16: =IF(B16=0,0,C16/B16) -> 0.61904762
A18: Overlap
A19: Distinct concepts across all three tools | B19: =COUNTA('Tools matrix'!A2:A59) -> 58
A20: Found by all three tools | B20: =COUNTIF('Tools matrix'!E2:E59,3) -> 5
A21: Found by exactly two tools | B21: =COUNTIF('Tools matrix'!E2:E59,2) -> 8
A22: Found by one tool only | B22: =COUNTIF('Tools matrix'!E2:E59,1) -> 45
A23: Gemini and RAKE both (includes the all-three ones) | B23: =SUMPRODUCT(('Tools matrix'!B2:B59<>"")*('Tools matrix'!C2:C59<>"")) -> 5
A24: Gemini and YAKE both (includes the all-three ones) | B24: =SUMPRODUCT(('Tools matrix'!B2:B59<>"")*('Tools matrix'!D2:D59<>"")) -> 11
A25: RAKE and YAKE both (includes the all-three ones) | B25: =SUMPRODUCT(('Tools matrix'!C2:C59<>"")*('Tools matrix'!D2:D59<>"")) -> 7
A27: Observations (written by Claude from this data, not formulas)
A28: RAKE matches Claude's concepts best in this run: F1 26%, precision 39%, recall 19%. Ranking by F1: RAKE 26%, YAKE 25%, Gemini 23%. The three F1 scores are only 3 points apart, so this is a small lead, not a clear win.
A29: On core concepts only, recall is YAKE 24%, Gemini 21%, RAKE 15%. The overall ranking can differ from the core ranking, so check both columns.
A30: Found by only one tool: Gemini: Base cases, Input size, Radix sort, Top-down (reachable subproblems); RAKE: Alternating coin game, Bellman-Ford, DAG shortest paths, Floyd-Warshall, Nonexpansive constraint, Relate (recurrence relation), Word RAM model; YAKE: Dynamic programming, Original problem, SRT BOT.
A31: 28 of 47 concepts in Claude's list were found by none of the tools: Guessing (locally brute-force), Topological order, Subproblem DAG (dependency graph), Parent pointers, Time analysis, Memoization, Bottom-up, Greedy approach (counterexample), Optimization problem, Decision problem, Polynomially bounded integers, Weakly polynomial time, Knapsack Problem, P versus NP, Integer subproblems, Prefix and suffix subproblems, Substring subproblems, Vertex subproblems, Subproblem expansion, Branching, Counting sort, Direct-access array build, Fibonacci, Bowling, Longest common subsequence (LCS), Longest increasing subsequence (LIS), Arithmetic parenthesization, Piano fingering.
A32: Precision is low for all three tools because many items are generic words (Example, Output, Time, Piece), code fragments (Def Cut, Update Memo), slide headings or URL fragments.
A33: Limits: the concept list is my own extraction from the PDF, but I had already seen the three tool outputs earlier in this conversation, so it is not a blind test. Another person's list would give different scores. Edit the Claude vs tools sheet to test your own.
A35: How concepts were matched
A36: Tools matrix sheet: two tool concepts count as the same when they are identical after lower-casing, removing punctuation and ignoring a trailing plural "s" (Piece and Pieces). Partial overlaps (Rod versus Rod Cutting) are listed in "Related concepts", not counted as matches.
A37: Scoring against Claude's list: a tool item counts only if it equals one of the accepted phrases next to a concept (capitals ignored). Generic words, slide headings and fragments such as Access Array Build get no credit. Claude's list is the reference, not an official answer key.

Sheet Tools matrix
A1: Concept | B1: Gemini | C1: RAKE | D1: YAKE | E1: Tools (of 3) | F1: Found by | G1: Related concepts (partial overlap) | H1: Note (Claude's observation) | I1: In Claude's list? | J1: Legend
A2: Input | B2: Input | C2: Input | D2: Input | E2: =COUNTA(B2:D2) -> 3 | F2: =IF(E2=3,"All three",IF(E2=2,SUBSTITUTE(TRIM(IF(B2<>"","Gemini ","")&IF(C2<>"","RAKE ","")&IF(D2<>"","YAKE",""))," "," + "),"Only "&TRIM(IF(B2<>"","Gemini","")&IF(C2<>"","RAKE","")&IF(D2<>"","YAKE","")))) -> All three | G2: Input Size | H2: Generic word, but central to input-size definitions | I2: =IF(COUNTIF('Claude vs tools'!$K$2:$M$48,A2)>0,"★ Yes","") | J2: Found by all three tools
A3: Piece | B3: Piece | C3: Piece / Pieces | D3: Piece | E3: =COUNTA(B3:D3) -> 3 | F3: =IF(E3=3,"All three",IF(E3=2,SUBSTITUTE(TRIM(IF(B3<>"","Gemini ","")&IF(C3<>"","RAKE ","")&IF(D3<>"","YAKE",""))," "," + "),"Only "&TRIM(IF(B3<>"","Gemini","")&IF(C3<>"","RAKE","")&IF(D3<>"","YAKE","")))) -> All three | I3: =IF(COUNTIF('Claude vs tools'!$K$2:$M$48,A3)>0,"★ Yes","") | J3: Found by two tools
A4: Pseudopolynomial | B4: Pseudopolynomial | C4: Pseudopolynomial | D4: Pseudopolynomial | E4: =COUNTA(B4:D4) -> 3 | F4: =IF(E4=3,"All three",IF(E4=2,SUBSTITUTE(TRIM(IF(B4<>"","Gemini ","")&IF(C4<>"","RAKE ","")&IF(D4<>"","YAKE",""))," "," + "),"Only "&TRIM(IF(B4<>"","Gemini","")&IF(C4<>"","RAKE","")&IF(D4<>"","YAKE","")))) -> All three | G4: Pseudopolynomial Dynamic Programming, Pseudopolynomial Rod, Pseudopolynomial Rod Cutting, Pseudopolynomial Subset (+1 more) | I4: =IF(COUNTIF('Claude vs tools'!$K$2:$M$48,A4)>0,"★ Yes","") -> ★ Yes | J4: Found by one tool only (no fill)
A5: Rod | B5: Rod | C5: Rod | D5: Rod | E5: =COUNTA(B5:D5) -> 3 | F5: =IF(E5=3,"All three",IF(E5=2,SUBSTITUTE(TRIM(IF(B5<>"","Gemini ","")&IF(C5<>"","RAKE ","")&IF(D5<>"","YAKE",""))," "," + "),"Only "&TRIM(IF(B5<>"","Gemini","")&IF(C5<>"","RAKE","")&IF(D5<>"","YAKE","")))) -> All three | G5: Cutting Rod, Pseudopolynomial Rod, Pseudopolynomial Rod Cutting, Rod Cutting | I5: =IF(COUNTIF('Claude vs tools'!$K$2:$M$48,A5)>0,"★ Yes","") | J5: ★ Yes = the concept is in Claude's list (bold dark-blue names in the tool columns)
A6: Time | B6: Time | C6: Time | D6: Time | E6: =COUNTA(B6:D6) -> 3 | F6: =IF(E6=3,"All three",IF(E6=2,SUBSTITUTE(TRIM(IF(B6<>"","Gemini ","")&IF(C6<>"","RAKE ","")&IF(D6<>"","YAKE",""))," "," + "),"Only "&TRIM(IF(B6<>"","Gemini","")&IF(C6<>"","RAKE","")&IF(D6<>"","YAKE","")))) -> All three | G6: Is This Polynomial Time, Polynomial Time | H6: Generic word | I6: =IF(COUNTIF('Claude vs tools'!$K$2:$M$48,A6)>0,"★ Yes","") | J6: Tip: use the filter arrows on row 1 to show only one group.
A7: Cutting Rod | B7: Cutting Rod | D7: Cutting Rod | E7: =COUNTA(B7:D7) -> 2 | F7: =IF(E7=3,"All three",IF(E7=2,SUBSTITUTE(TRIM(IF(B7<>"","Gemini ","")&IF(C7<>"","RAKE ","")&IF(D7<>"","YAKE",""))," "," + "),"Only "&TRIM(IF(B7<>"","Gemini","")&IF(C7<>"","RAKE","")&IF(D7<>"","YAKE","")))) -> Gemini + YAKE | G7: Cutting, Rod | I7: =IF(COUNTIF('Claude vs tools'!$K$2:$M$48,A7)>0,"★ Yes","") -> ★ Yes
A8: Polynomial | B8: Polynomial | D8: Polynomial | E8: =COUNTA(B8:D8) -> 2 | F8: =IF(E8=3,"All three",IF(E8=2,SUBSTITUTE(TRIM(IF(B8<>"","Gemini ","")&IF(C8<>"","RAKE ","")&IF(D8<>"","YAKE",""))," "," + "),"Only "&TRIM(IF(B8<>"","Gemini","")&IF(C8<>"","RAKE","")&IF(D8<>"","YAKE","")))) -> Gemini + YAKE | G8: Is This Polynomial, Is This Polynomial Time, Polynomial Time | I8: =IF(COUNTIF('Claude vs tools'!$K$2:$M$48,A8)>0,"★ Yes","") -> ★ Yes
A9: Pseudopolynomial Rod Cutting | B9: Pseudopolynomial Rod Cutting | D9: Pseudopolynomial Rod Cutting | E9: =COUNTA(B9:D9) -> 2 | F9: =IF(E9=3,"All three",IF(E9=2,SUBSTITUTE(TRIM(IF(B9<>"","Gemini ","")&IF(C9<>"","RAKE ","")&IF(D9<>"","YAKE",""))," "," + "),"Only "&TRIM(IF(B9<>"","Gemini","")&IF(C9<>"","RAKE","")&IF(D9<>"","YAKE","")))) -> Gemini + YAKE | G9: Cutting, Pseudopolynomial, Pseudopolynomial Rod, Rod (+1 more) | I9: =IF(COUNTIF('Claude vs tools'!$K$2:$M$48,A9)>0,"★ Yes","")
A10: Pseudopolynomial Subset Sum | B10: Pseudopolynomial Subset Sum | D10: Pseudopolynomial Subset Sum | E10: =COUNTA(B10:D10) -> 2 | F10: =IF(E10=3,"All three",IF(E10=2,SUBSTITUTE(TRIM(IF(B10<>"","Gemini ","")&IF(C10<>"","RAKE ","")&IF(D10<>"","YAKE",""))," "," + "),"Only "&TRIM(IF(B10<>"","Gemini","")&IF(C10<>"","RAKE","")&IF(D10<>"","YAKE","")))) -> Gemini + YAKE | G10: Pseudopolynomial, Pseudopolynomial Subset, Subset, Subset Sum (+1 more) | I10: =IF(COUNTIF('Claude vs tools'!$K$2:$M$48,A10)>0,"★ Yes","")
A11: Rod Cutting | B11: Rod Cutting | D11: Rod Cutting | E11: =COUNTA(B11:D11) -> 2 | F11: =IF(E11=3,"All three",IF(E11=2,SUBSTITUTE(TRIM(IF(B11<>"","Gemini ","")&IF(C11<>"","RAKE ","")&IF(D11<>"","YAKE",""))," "," + "),"Only "&TRIM(IF(B11<>"","Gemini","")&IF(C11<>"","RAKE","")&IF(D11<>"","YAKE","")))) -> Gemini + YAKE | G11: Cutting, Pseudopolynomial Rod Cutting, Rod | I11: =IF(COUNTIF('Claude vs tools'!$K$2:$M$48,A11)>0,"★ Yes","") -> ★ Yes
A12: Subproblem | C12: Subproblem / Subproblems | D12: Subproblem / Subproblems | E12: =COUNTA(B12:D12) -> 2 | F12: =IF(E12=3,"All three",IF(E12=2,SUBSTITUTE(TRIM(IF(B12<>"","Gemini ","")&IF(C12<>"","RAKE ","")&IF(D12<>"","YAKE",""))," "," + "),"Only "&TRIM(IF(B12<>"","Gemini","")&IF(C12<>"","RAKE","")&IF(D12<>"","YAKE","")))) -> RAKE + YAKE | G12: Reachable Subproblems | I12: =IF(COUNTIF('Claude vs tools'!$K$2:$M$48,A12)>0,"★ Yes","") -> ★ Yes
A13: Subset | C13: Subset / Subsets | D13: Subset | E13: =COUNTA(B13:D13) -> 2 | F13: =IF(E13=3,"All three",IF(E13=2,SUBSTITUTE(TRIM(IF(B13<>"","Gemini ","")&IF(C13<>"","RAKE ","")&IF(D13<>"","YAKE",""))," "," + "),"Only "&TRIM(IF(B13<>"","Gemini","")&IF(C13<>"","RAKE","")&IF(D13<>"","YAKE","")))) -> RAKE + YAKE | G13: Pseudopolynomial Subset, Pseudopolynomial Subset Sum, Subset Sum | I13: =IF(COUNTIF('Claude vs tools'!$K$2:$M$48,A13)>0,"★ Yes","")
A14: Subset Sum | B14: Subset Sum | D14: Subset Sum | E14: =COUNTA(B14:D14) -> 2 | F14: =IF(E14=3,"All three",IF(E14=2,SUBSTITUTE(TRIM(IF(B14<>"","Gemini ","")&IF(C14<>"","RAKE ","")&IF(D14<>"","YAKE",""))," "," + "),"Only "&TRIM(IF(B14<>"","Gemini","")&IF(C14<>"","RAKE","")&IF(D14<>"","YAKE","")))) -> Gemini + YAKE | G14: Pseudopolynomial Subset Sum, Subset, Sum | I14: =IF(COUNTIF('Claude vs tools'!$K$2:$M$48,A14)>0,"★ Yes","") -> ★ Yes
A15: Access Array Build | C15: Access Array Build | E15: =COUNTA(B15:D15) -> 1 | F15: =IF(E15=3,"All three",IF(E15=2,SUBSTITUTE(TRIM(IF(B15<>"","Gemini ","")&IF(C15<>"","RAKE ","")&IF(D15<>"","YAKE",""))," "," + "),"Only "&TRIM(IF(B15<>"","Gemini","")&IF(C15<>"","RAKE","")&IF(D15<>"","YAKE","")))) -> Only RAKE | H15: Fragment of "direct-access array build" | I15: =IF(COUNTIF('Claude vs tools'!$K$2:$M$48,A15)>0,"★ Yes","")
A16: Alternating Coin Game | C16: Alternating Coin Game | E16: =COUNTA(B16:D16) -> 1 | F16: =IF(E16=3,"All three",IF(E16=2,SUBSTITUTE(TRIM(IF(B16<>"","Gemini ","")&IF(C16<>"","RAKE ","")&IF(D16<>"","YAKE",""))," "," + "),"Only "&TRIM(IF(B16<>"","Gemini","")&IF(C16<>"","RAKE","")&IF(D16<>"","YAKE","")))) -> Only RAKE | H16: Example problem named in the lecture review section | I16: =IF(COUNTIF('Claude vs tools'!$K$2:$M$48,A16)>0,"★ Yes","") -> ★ Yes
A17: Base Case | B17: Base Case | E17: =COUNTA(B17:D17) -> 1 | F17: =IF(E17=3,"All three",IF(E17=2,SUBSTITUTE(TRIM(IF(B17<>"","Gemini ","")&IF(C17<>"","RAKE ","")&IF(D17<>"","YAKE",""))," "," + "),"Only "&TRIM(IF(B17<>"","Gemini","")&IF(C17<>"","RAKE","")&IF(D17<>"","YAKE","")))) -> Only Gemini | I17: =IF(COUNTIF('Claude vs tools'!$K$2:$M$48,A17)>0,"★ Yes","") -> ★ Yes
A18: Bellman – Ford | C18: Bellman – Ford | E18: =COUNTA(B18:D18) -> 1 | F18: =IF(E18=3,"All three",IF(E18=2,SUBSTITUTE(TRIM(IF(B18<>"","Gemini ","")&IF(C18<>"","RAKE ","")&IF(D18<>"","YAKE",""))," "," + "),"Only "&TRIM(IF(B18<>"","Gemini","")&IF(C18<>"","RAKE","")&IF(D18<>"","YAKE","")))) -> Only RAKE | H18: Algorithm named in the lecture review section | I18: =IF(COUNTIF('Claude vs tools'!$K$2:$M$48,A18)>0,"★ Yes","") -> ★ Yes
A19: Bit Word RAM | C19: Bit Word RAM | E19: =COUNTA(B19:D19) -> 1 | F19: =IF(E19=3,"All three",IF(E19=2,SUBSTITUTE(TRIM(IF(B19<>"","Gemini ","")&IF(C19<>"","RAKE ","")&IF(D19<>"","YAKE",""))," "," + "),"Only "&TRIM(IF(B19<>"","Gemini","")&IF(C19<>"","RAKE","")&IF(D19<>"","YAKE","")))) -> Only RAKE | H19: Model of computation mentioned in the lecture | I19: =IF(COUNTIF('Claude vs tools'!$K$2:$M$48,A19)>0,"★ Yes","") -> ★ Yes
A20: Complexity | B20: Complexity | E20: =COUNTA(B20:D20) -> 1 | F20: =IF(E20=3,"All three",IF(E20=2,SUBSTITUTE(TRIM(IF(B20<>"","Gemini ","")&IF(C20<>"","RAKE ","")&IF(D20<>"","YAKE",""))," "," + "),"Only "&TRIM(IF(B20<>"","Gemini","")&IF(C20<>"","RAKE","")&IF(D20<>"","YAKE","")))) -> Only Gemini | H20: Slide heading; broad term | I20: =IF(COUNTIF('Claude vs tools'!$K$2:$M$48,A20)>0,"★ Yes","")
A21: Cutting | D21: Cutting | E21: =COUNTA(B21:D21) -> 1 | F21: =IF(E21=3,"All three",IF(E21=2,SUBSTITUTE(TRIM(IF(B21<>"","Gemini ","")&IF(C21<>"","RAKE ","")&IF(D21<>"","YAKE",""))," "," + "),"Only "&TRIM(IF(B21<>"","Gemini","")&IF(C21<>"","RAKE","")&IF(D21<>"","YAKE","")))) -> Only YAKE | G21: Cutting Rod, Pseudopolynomial Rod Cutting, Rod Cutting | H21: Part of "Rod Cutting", too short alone | I21: =IF(COUNTIF('Claude vs tools'!$K$2:$M$48,A21)>0,"★ Yes","")
A22: DAG Shortest Paths | C22: DAG Shortest Paths | E22: =COUNTA(B22:D22) -> 1 | F22: =IF(E22=3,"All three",IF(E22=2,SUBSTITUTE(TRIM(IF(B22<>"","Gemini ","")&IF(C22<>"","RAKE ","")&IF(D22<>"","YAKE",""))," "," + "),"Only "&TRIM(IF(B22<>"","Gemini","")&IF(C22<>"","RAKE","")&IF(D22<>"","YAKE","")))) -> Only RAKE | H22: Algorithm named in the lecture review section | I22: =IF(COUNTIF('Claude vs tools'!$K$2:$M$48,A22)>0,"★ Yes","") -> ★ Yes
A23: Def Cut | B23: Def Cut | E23: =COUNTA(B23:D23) -> 1 | F23: =IF(E23=3,"All three",IF(E23=2,SUBSTITUTE(TRIM(IF(B23<>"","Gemini ","")&IF(C23<>"","RAKE ","")&IF(D23<>"","YAKE",""))," "," + "),"Only "&TRIM(IF(B23<>"","Gemini","")&IF(C23<>"","RAKE","")&IF(D23<>"","YAKE","")))) -> Only Gemini | H23: Code keyword from the sample Python code, not a concept | I23: =IF(COUNTIF('Claude vs tools'!$K$2:$M$48,A23)>0,"★ Yes","")
A24: Draw Dependency Graph | C24: Draw Dependency Graph | E24: =COUNTA(B24:D24) -> 1 | F24: =IF(E24=3,"All three",IF(E24=2,SUBSTITUTE(TRIM(IF(B24<>"","Gemini ","")&IF(C24<>"","RAKE ","")&IF(D24<>"","YAKE",""))," "," + "),"Only "&TRIM(IF(B24<>"","Gemini","")&IF(C24<>"","RAKE","")&IF(D24<>"","YAKE","")))) -> Only RAKE | H24: Instruction phrase from the slide, not a concept | I24: =IF(COUNTIF('Claude vs tools'!$K$2:$M$48,A24)>0,"★ Yes","")
A25: Dynamic Programming | D25: Dynamic Programming | E25: =COUNTA(B25:D25) -> 1 | F25: =IF(E25=3,"All three",IF(E25=2,SUBSTITUTE(TRIM(IF(B25<>"","Gemini ","")&IF(C25<>"","RAKE ","")&IF(D25<>"","YAKE",""))," "," + "),"Only "&TRIM(IF(B25<>"","Gemini","")&IF(C25<>"","RAKE","")&IF(D25<>"","YAKE","")))) -> Only YAKE | G25: Dynamic Programming Steps, Pseudopolynomial Dynamic Programming | H25: Core topic of the lecture | I25: =IF(COUNTIF('Claude vs tools'!$K$2:$M$48,A25)>0,"★ Yes","") -> ★ Yes
A26: Dynamic Programming Steps | D26: Dynamic Programming Steps | E26: =COUNTA(B26:D26) -> 1 | F26: =IF(E26=3,"All three",IF(E26=2,SUBSTITUTE(TRIM(IF(B26<>"","Gemini ","")&IF(C26<>"","RAKE ","")&IF(D26<>"","YAKE",""))," "," + "),"Only "&TRIM(IF(B26<>"","Gemini","")&IF(C26<>"","RAKE","")&IF(D26<>"","YAKE","")))) -> Only YAKE | G26: Dynamic Programming, Programming Steps | I26: =IF(COUNTIF('Claude vs tools'!$K$2:$M$48,A26)>0,"★ Yes","") -> ★ Yes
A27: Example | B27: Example | E27: =COUNTA(B27:D27) -> 1 | F27: =IF(E27=3,"All three",IF(E27=2,SUBSTITUTE(TRIM(IF(B27<>"","Gemini ","")&IF(C27<>"","RAKE ","")&IF(D27<>"","YAKE",""))," "," + "),"Only "&TRIM(IF(B27<>"","Gemini","")&IF(C27<>"","RAKE","")&IF(D27<>"","YAKE","")))) -> Only Gemini | H27: Generic word | I27: =IF(COUNTIF('Claude vs tools'!$K$2:$M$48,A27)>0,"★ Yes","")
A28: First Item AI | C28: First Item AI | E28: =COUNTA(B28:D28) -> 1 | F28: =IF(E28=3,"All three",IF(E28=2,SUBSTITUTE(TRIM(IF(B28<>"","Gemini ","")&IF(C28<>"","RAKE ","")&IF(D28<>"","YAKE",""))," "," + "),"Only "&TRIM(IF(B28<>"","Gemini","")&IF(C28<>"","RAKE","")&IF(D28<>"","YAKE","")))) -> Only RAKE | H28: Fragment of "first item a_i", not a full concept | I28: =IF(COUNTIF('Claude vs tools'!$K$2:$M$48,A28)>0,"★ Yes","")
A29: Floyd – Warshall | C29: Floyd – Warshall | E29: =COUNTA(B29:D29) -> 1 | F29: =IF(E29=3,"All three",IF(E29=2,SUBSTITUTE(TRIM(IF(B29<>"","Gemini ","")&IF(C29<>"","RAKE ","")&IF(D29<>"","YAKE",""))," "," + "),"Only "&TRIM(IF(B29<>"","Gemini","")&IF(C29<>"","RAKE","")&IF(D29<>"","YAKE","")))) -> Only RAKE | H29: Algorithm named in the lecture review section | I29: =IF(COUNTIF('Claude vs tools'!$K$2:$M$48,A29)>0,"★ Yes","") -> ★ Yes
A30: Https :// Ocw | C30: Https :// Ocw | E30: =COUNTA(B30:D30) -> 1 | F30: =IF(E30=3,"All three",IF(E30=2,SUBSTITUTE(TRIM(IF(B30<>"","Gemini ","")&IF(C30<>"","RAKE ","")&IF(D30<>"","YAKE",""))," "," + "),"Only "&TRIM(IF(B30<>"","Gemini","")&IF(C30<>"","RAKE","")&IF(D30<>"","YAKE","")))) -> Only RAKE | H30: URL fragment from the page footer, not a concept | I30: =IF(COUNTIF('Claude vs tools'!$K$2:$M$48,A30)>0,"★ Yes","")
A31: Include First Item | C31: Include First Item | E31: =COUNTA(B31:D31) -> 1 | F31: =IF(E31=3,"All three",IF(E31=2,SUBSTITUTE(TRIM(IF(B31<>"","Gemini ","")&IF(C31<>"","RAKE ","")&IF(D31<>"","YAKE",""))," "," + "),"Only "&TRIM(IF(B31<>"","Gemini","")&IF(C31<>"","RAKE","")&IF(D31<>"","YAKE","")))) -> Only RAKE | H31: Fragment of a relation, not a full concept | I31: =IF(COUNTIF('Claude vs tools'!$K$2:$M$48,A31)>0,"★ Yes","")
A32: Input Size | B32: Input Size | E32: =COUNTA(B32:D32) -> 1 | F32: =IF(E32=3,"All three",IF(E32=2,SUBSTITUTE(TRIM(IF(B32<>"","Gemini ","")&IF(C32<>"","RAKE ","")&IF(D32<>"","YAKE",""))," "," + "),"Only "&TRIM(IF(B32<>"","Gemini","")&IF(C32<>"","RAKE","")&IF(D32<>"","YAKE","")))) -> Only Gemini | G32: Input | I32: =IF(COUNTIF('Claude vs tools'!$K$2:$M$48,A32)>0,"★ Yes","") -> ★ Yes
A33: Integer | C33: Integer / Integers | E33: =COUNTA(B33:D33) -> 1 | F33: =IF(E33=3,"All three",IF(E33=2,SUBSTITUTE(TRIM(IF(B33<>"","Gemini ","")&IF(C33<>"","RAKE ","")&IF(D33<>"","YAKE",""))," "," + "),"Only "&TRIM(IF(B33<>"","Gemini","")&IF(C33<>"","RAKE","")&IF(D33<>"","YAKE","")))) -> Only RAKE | G33: Positive Integers | I33: =IF(COUNTIF('Claude vs tools'!$K$2:$M$48,A33)>0,"★ Yes","")
A34: Is This Polynomial | B34: Is This Polynomial | E34: =COUNTA(B34:D34) -> 1 | F34: =IF(E34=3,"All three",IF(E34=2,SUBSTITUTE(TRIM(IF(B34<>"","Gemini ","")&IF(C34<>"","RAKE ","")&IF(D34<>"","YAKE",""))," "," + "),"Only "&TRIM(IF(B34<>"","Gemini","")&IF(C34<>"","RAKE","")&IF(D34<>"","YAKE","")))) -> Only Gemini | G34: Is This Polynomial Time, Polynomial | H34: Slide heading, not a concept | I34: =IF(COUNTIF('Claude vs tools'!$K$2:$M$48,A34)>0,"★ Yes","")
A35: Is This Polynomial Time | B35: Is This Polynomial Time | E35: =COUNTA(B35:D35) -> 1 | F35: =IF(E35=3,"All three",IF(E35=2,SUBSTITUTE(TRIM(IF(B35<>"","Gemini ","")&IF(C35<>"","RAKE ","")&IF(D35<>"","YAKE",""))," "," + "),"Only "&TRIM(IF(B35<>"","Gemini","")&IF(C35<>"","RAKE","")&IF(D35<>"","YAKE","")))) -> Only Gemini | G35: Is This Polynomial, Polynomial, Polynomial Time, Time | H35: Slide heading, not a concept | I35: =IF(COUNTIF('Claude vs tools'!$K$2:$M$48,A35)>0,"★ Yes","")
A36: Length | B36: Length | E36: =COUNTA(B36:D36) -> 1 | F36: =IF(E36=3,"All three",IF(E36=2,SUBSTITUTE(TRIM(IF(B36<>"","Gemini ","")&IF(C36<>"","RAKE ","")&IF(D36<>"","YAKE",""))," "," + "),"Only "&TRIM(IF(B36<>"","Gemini","")&IF(C36<>"","RAKE","")&IF(D36<>"","YAKE","")))) -> Only Gemini | H36: Generic word | I36: =IF(COUNTIF('Claude vs tools'!$K$2:$M$48,A36)>0,"★ Yes","")
A37: Nonexpansive Constraint | C37: Nonexpansive Constraint | E37: =COUNTA(B37:D37) -> 1 | F37: =IF(E37=3,"All three",IF(E37=2,SUBSTITUTE(TRIM(IF(B37<>"","Gemini ","")&IF(C37<>"","RAKE ","")&IF(D37<>"","YAKE",""))," "," + "),"Only "&TRIM(IF(B37<>"","Gemini","")&IF(C37<>"","RAKE","")&IF(D37<>"","YAKE","")))) -> Only RAKE | H37: Subproblem-constraint type named in the lecture review | I37: =IF(COUNTIF('Claude vs tools'!$K$2:$M$48,A37)>0,"★ Yes","") -> ★ Yes
A38: Original Problem | D38: Original Problem | E38: =COUNTA(B38:D38) -> 1 | F38: =IF(E38=3,"All three",IF(E38=2,SUBSTITUTE(TRIM(IF(B38<>"","Gemini ","")&IF(C38<>"","RAKE ","")&IF(D38<>"","YAKE",""))," "," + "),"Only "&TRIM(IF(B38<>"","Gemini","")&IF(C38<>"","RAKE","")&IF(D38<>"","YAKE","")))) -> Only YAKE | G38: Problem | I38: =IF(COUNTIF('Claude vs tools'!$K$2:$M$48,A38)>0,"★ Yes","") -> ★ Yes
A39: Output | B39: Output | E39: =COUNTA(B39:D39) -> 1 | F39: =IF(E39=3,"All three",IF(E39=2,SUBSTITUTE(TRIM(IF(B39<>"","Gemini ","")&IF(C39<>"","RAKE ","")&IF(D39<>"","YAKE",""))," "," + "),"Only "&TRIM(IF(B39<>"","Gemini","")&IF(C39<>"","RAKE","")&IF(D39<>"","YAKE","")))) -> Only Gemini | H39: Generic word (from the Subset Sum input/output) | I39: =IF(COUNTIF('Claude vs tools'!$K$2:$M$48,A39)>0,"★ Yes","")
A40: Parent | B40: Parent | E40: =COUNTA(B40:D40) -> 1 | F40: =IF(E40=3,"All three",IF(E40=2,SUBSTITUTE(TRIM(IF(B40<>"","Gemini ","")&IF(C40<>"","RAKE ","")&IF(D40<>"","YAKE",""))," "," + "),"Only "&TRIM(IF(B40<>"","Gemini","")&IF(C40<>"","RAKE","")&IF(D40<>"","YAKE","")))) -> Only Gemini | H40: Term from the code (parent pointers); partial concept | I40: =IF(COUNTIF('Claude vs tools'!$K$2:$M$48,A40)>0,"★ Yes","")
A41: Polynomial Time | B41: Polynomial Time | E41: =COUNTA(B41:D41) -> 1 | F41: =IF(E41=3,"All three",IF(E41=2,SUBSTITUTE(TRIM(IF(B41<>"","Gemini ","")&IF(C41<>"","RAKE ","")&IF(D41<>"","YAKE",""))," "," + "),"Only "&TRIM(IF(B41<>"","Gemini","")&IF(C41<>"","RAKE","")&IF(D41<>"","YAKE","")))) -> Only Gemini | G41: Is This Polynomial Time, Polynomial, Time | I41: =IF(COUNTIF('Claude vs tools'!$K$2:$M$48,A41)>0,"★ Yes","") -> ★ Yes
A42: Positive Integers | B42: Positive Integers | E42: =COUNTA(B42:D42) -> 1 | F42: =IF(E42=3,"All three",IF(E42=2,SUBSTITUTE(TRIM(IF(B42<>"","Gemini ","")&IF(C42<>"","RAKE ","")&IF(D42<>"","YAKE",""))," "," + "),"Only "&TRIM(IF(B42<>"","Gemini","")&IF(C42<>"","RAKE","")&IF(D42<>"","YAKE","")))) -> Only Gemini | G42: Integer | I42: =IF(COUNTIF('Claude vs tools'!$K$2:$M$48,A42)>0,"★ Yes","")
A43: Problem | C43: Problem | E43: =COUNTA(B43:D43) -> 1 | F43: =IF(E43=3,"All three",IF(E43=2,SUBSTITUTE(TRIM(IF(B43<>"","Gemini ","")&IF(C43<>"","RAKE ","")&IF(D43<>"","YAKE",""))," "," + "),"Only "&TRIM(IF(B43<>"","Gemini","")&IF(C43<>"","RAKE","")&IF(D43<>"","YAKE","")))) -> Only RAKE | G43: Original Problem | H43: Generic word | I43: =IF(COUNTIF('Claude vs tools'!$K$2:$M$48,A43)>0,"★ Yes","")
A44: Programming Steps | D44: Programming Steps | E44: =COUNTA(B44:D44) -> 1 | F44: =IF(E44=3,"All three",IF(E44=2,SUBSTITUTE(TRIM(IF(B44<>"","Gemini ","")&IF(C44<>"","RAKE ","")&IF(D44<>"","YAKE",""))," "," + "),"Only "&TRIM(IF(B44<>"","Gemini","")&IF(C44<>"","RAKE","")&IF(D44<>"","YAKE","")))) -> Only YAKE | G44: Dynamic Programming Steps | I44: =IF(COUNTIF('Claude vs tools'!$K$2:$M$48,A44)>0,"★ Yes","")
A45: Pseudopolynomial Dynamic Programming | D45: Pseudopolynomial Dynamic Programming | E45: =COUNTA(B45:D45) -> 1 | F45: =IF(E45=3,"All three",IF(E45=2,SUBSTITUTE(TRIM(IF(B45<>"","Gemini ","")&IF(C45<>"","RAKE ","")&IF(D45<>"","YAKE",""))," "," + "),"Only "&TRIM(IF(B45<>"","Gemini","")&IF(C45<>"","RAKE","")&IF(D45<>"","YAKE","")))) -> Only YAKE | G45: Dynamic Programming, Pseudopolynomial | I45: =IF(COUNTIF('Claude vs tools'!$K$2:$M$48,A45)>0,"★ Yes","")
A46: Pseudopolynomial Rod | B46: Pseudopolynomial Rod | E46: =COUNTA(B46:D46) -> 1 | F46: =IF(E46=3,"All three",IF(E46=2,SUBSTITUTE(TRIM(IF(B46<>"","Gemini ","")&IF(C46<>"","RAKE ","")&IF(D46<>"","YAKE",""))," "," + "),"Only "&TRIM(IF(B46<>"","Gemini","")&IF(C46<>"","RAKE","")&IF(D46<>"","YAKE","")))) -> Only Gemini | G46: Pseudopolynomial, Pseudopolynomial Rod Cutting, Rod | I46: =IF(COUNTIF('Claude vs tools'!$K$2:$M$48,A46)>0,"★ Yes","")
A47: Pseudopolynomial Subset | B47: Pseudopolynomial Subset | E47: =COUNTA(B47:D47) -> 1 | F47: =IF(E47=3,"All three",IF(E47=2,SUBSTITUTE(TRIM(IF(B47<>"","Gemini ","")&IF(C47<>"","RAKE ","")&IF(D47<>"","YAKE",""))," "," + "),"Only "&TRIM(IF(B47<>"","Gemini","")&IF(C47<>"","RAKE","")&IF(D47<>"","YAKE","")))) -> Only Gemini | G47: Pseudopolynomial, Pseudopolynomial Subset Sum, Subset | I47: =IF(COUNTIF('Claude vs tools'!$K$2:$M$48,A47)>0,"★ Yes","")
A48: Radix Sort | B48: Radix Sort | E48: =COUNTA(B48:D48) -> 1 | F48: =IF(E48=3,"All three",IF(E48=2,SUBSTITUTE(TRIM(IF(B48<>"","Gemini ","")&IF(C48<>"","RAKE ","")&IF(D48<>"","YAKE",""))," "," + "),"Only "&TRIM(IF(B48<>"","Gemini","")&IF(C48<>"","RAKE","")&IF(D48<>"","YAKE","")))) -> Only Gemini | G48: Radix Sort Runs | I48: =IF(COUNTIF('Claude vs tools'!$K$2:$M$48,A48)>0,"★ Yes","") -> ★ Yes
A49: Radix Sort Runs | C49: Radix Sort Runs | E49: =COUNTA(B49:D49) -> 1 | F49: =IF(E49=3,"All three",IF(E49=2,SUBSTITUTE(TRIM(IF(B49<>"","Gemini ","")&IF(C49<>"","RAKE ","")&IF(D49<>"","YAKE",""))," "," + "),"Only "&TRIM(IF(B49<>"","Gemini","")&IF(C49<>"","RAKE","")&IF(D49<>"","YAKE","")))) -> Only RAKE | G49: Radix Sort | H49: Fragment of "radix sort runs in O(n)" | I49: =IF(COUNTIF('Claude vs tools'!$K$2:$M$48,A49)>0,"★ Yes","")
A50: Reachable Subproblems | B50: Reachable Subproblems | E50: =COUNTA(B50:D50) -> 1 | F50: =IF(E50=3,"All three",IF(E50=2,SUBSTITUTE(TRIM(IF(B50<>"","Gemini ","")&IF(C50<>"","RAKE ","")&IF(D50<>"","YAKE",""))," "," + "),"Only "&TRIM(IF(B50<>"","Gemini","")&IF(C50<>"","RAKE","")&IF(D50<>"","YAKE","")))) -> Only Gemini | G50: Subproblem | I50: =IF(COUNTIF('Claude vs tools'!$K$2:$M$48,A50)>0,"★ Yes","") -> ★ Yes
A51: Relate | C51: Relate | E51: =COUNTA(B51:D51) -> 1 | F51: =IF(E51=3,"All three",IF(E51=2,SUBSTITUTE(TRIM(IF(B51<>"","Gemini ","")&IF(C51<>"","RAKE ","")&IF(D51<>"","YAKE",""))," "," + "),"Only "&TRIM(IF(B51<>"","Gemini","")&IF(C51<>"","RAKE","")&IF(D51<>"","YAKE","")))) -> Only RAKE | H51: Name of step 2 of SRT BOT | I51: =IF(COUNTIF('Claude vs tools'!$K$2:$M$48,A51)>0,"★ Yes","") -> ★ Yes
A52: Relation | C52: Relation | E52: =COUNTA(B52:D52) -> 1 | F52: =IF(E52=3,"All three",IF(E52=2,SUBSTITUTE(TRIM(IF(B52<>"","Gemini ","")&IF(C52<>"","RAKE ","")&IF(D52<>"","YAKE",""))," "," + "),"Only "&TRIM(IF(B52<>"","Gemini","")&IF(C52<>"","RAKE","")&IF(D52<>"","YAKE","")))) -> Only RAKE | H52: Name of step 2 of SRT BOT | I52: =IF(COUNTIF('Claude vs tools'!$K$2:$M$48,A52)>0,"★ Yes","") -> ★ Yes
A53: Solve | B53: Solve | E53: =COUNTA(B53:D53) -> 1 | F53: =IF(E53=3,"All three",IF(E53=2,SUBSTITUTE(TRIM(IF(B53<>"","Gemini ","")&IF(C53<>"","RAKE ","")&IF(D53<>"","YAKE",""))," "," + "),"Only "&TRIM(IF(B53<>"","Gemini","")&IF(C53<>"","RAKE","")&IF(D53<>"","YAKE","")))) -> Only Gemini | G53: Solve Only Reachable | H53: Generic word | I53: =IF(COUNTIF('Claude vs tools'!$K$2:$M$48,A53)>0,"★ Yes","")
A54: Solve Only Reachable | B54: Solve Only Reachable | E54: =COUNTA(B54:D54) -> 1 | F54: =IF(E54=3,"All three",IF(E54=2,SUBSTITUTE(TRIM(IF(B54<>"","Gemini ","")&IF(C54<>"","RAKE ","")&IF(D54<>"","YAKE",""))," "," + "),"Only "&TRIM(IF(B54<>"","Gemini","")&IF(C54<>"","RAKE","")&IF(D54<>"","YAKE","")))) -> Only Gemini | G54: Solve | I54: =IF(COUNTIF('Claude vs tools'!$K$2:$M$48,A54)>0,"★ Yes","") -> ★ Yes
A55: Srt Bot | D55: Srt Bot | E55: =COUNTA(B55:D55) -> 1 | F55: =IF(E55=3,"All three",IF(E55=2,SUBSTITUTE(TRIM(IF(B55<>"","Gemini ","")&IF(C55<>"","RAKE ","")&IF(D55<>"","YAKE",""))," "," + "),"Only "&TRIM(IF(B55<>"","Gemini","")&IF(C55<>"","RAKE","")&IF(D55<>"","YAKE","")))) -> Only YAKE | H55: Lecture's name for the 6-step DP method (SRT BOT), split into two words | I55: =IF(COUNTIF('Claude vs tools'!$K$2:$M$48,A55)>0,"★ Yes","") -> ★ Yes
A56: Store Choices | C56: Store Choices | E56: =COUNTA(B56:D56) -> 1 | F56: =IF(E56=3,"All three",IF(E56=2,SUBSTITUTE(TRIM(IF(B56<>"","Gemini ","")&IF(C56<>"","RAKE ","")&IF(D56<>"","YAKE",""))," "," + "),"Only "&TRIM(IF(B56<>"","Gemini","")&IF(C56<>"","RAKE","")&IF(D56<>"","YAKE","")))) -> Only RAKE | H56: Part of the Rod Cutting solution (store choices) | I56: =IF(COUNTIF('Claude vs tools'!$K$2:$M$48,A56)>0,"★ Yes","")
A57: Sum | D57: Sum | E57: =COUNTA(B57:D57) -> 1 | F57: =IF(E57=3,"All three",IF(E57=2,SUBSTITUTE(TRIM(IF(B57<>"","Gemini ","")&IF(C57<>"","RAKE ","")&IF(D57<>"","YAKE",""))," "," + "),"Only "&TRIM(IF(B57<>"","Gemini","")&IF(C57<>"","RAKE","")&IF(D57<>"","YAKE","")))) -> Only YAKE | G57: Pseudopolynomial Subset Sum, Subset Sum | H57: Part of "Subset Sum", too short alone | I57: =IF(COUNTIF('Claude vs tools'!$K$2:$M$48,A57)>0,"★ Yes","")
A58: Top | B58: Top | E58: =COUNTA(B58:D58) -> 1 | F58: =IF(E58=3,"All three",IF(E58=2,SUBSTITUTE(TRIM(IF(B58<>"","Gemini ","")&IF(C58<>"","RAKE ","")&IF(D58<>"","YAKE",""))," "," + "),"Only "&TRIM(IF(B58<>"","Gemini","")&IF(C58<>"","RAKE","")&IF(D58<>"","YAKE","")))) -> Only Gemini | H58: Generic word (from "top down") | I58: =IF(COUNTIF('Claude vs tools'!$K$2:$M$48,A58)>0,"★ Yes","")
A59: Update Memo | B59: Update Memo | E59: =COUNTA(B59:D59) -> 1 | F59: =IF(E59=3,"All three",IF(E59=2,SUBSTITUTE(TRIM(IF(B59<>"","Gemini ","")&IF(C59<>"","RAKE ","")&IF(D59<>"","YAKE",""))," "," + "),"Only "&TRIM(IF(B59<>"","Gemini","")&IF(C59<>"","RAKE","")&IF(D59<>"","YAKE","")))) -> Only Gemini | H59: Code comment from the sample code, not a concept | I59: =IF(COUNTIF('Claude vs tools'!$K$2:$M$48,A59)>0,"★ Yes","")

Sheet Raw lists
A1: Gemini | B1: RAKE | C1: YAKE | E1: Gemini: in Claude's list? (1 = yes) | F1: RAKE: in Claude's list? (1 = yes) | G1: YAKE: in Claude's list? (1 = yes)
A2: Complexity | B2: Access Array Build | C2: Cutting | E2: =IF(COUNTIF('Claude vs tools'!$K$2:$M$48,A2)>0,1,0) -> 0 | F2: =IF(COUNTIF('Claude vs tools'!$K$2:$M$48,B2)>0,1,0) -> 0 | G2: =IF(COUNTIF('Claude vs tools'!$K$2:$M$48,C2)>0,1,0) -> 0
A3: Is This Polynomial Time? | B3: Alternating Coin Game | C3: Cutting Rod | E3: =IF(COUNTIF('Claude vs tools'!$K$2:$M$48,A3)>0,1,0) -> 0 | F3: =IF(COUNTIF('Claude vs tools'!$K$2:$M$48,B3)>0,1,0) -> 1 | G3: =IF(COUNTIF('Claude vs tools'!$K$2:$M$48,C3)>0,1,0) -> 1
A4: Is This Polynomial? | B4: Bellman – Ford | C4: Dynamic Programming | E4: =IF(COUNTIF('Claude vs tools'!$K$2:$M$48,A4)>0,1,0) -> 0 | F4: =IF(COUNTIF('Claude vs tools'!$K$2:$M$48,B4)>0,1,0) -> 1 | G4: =IF(COUNTIF('Claude vs tools'!$K$2:$M$48,C4)>0,1,0) -> 1
A5: Pseudopolynomial | B5: Bit Word RAM | C5: Dynamic Programming Steps | E5: =IF(COUNTIF('Claude vs tools'!$K$2:$M$48,A5)>0,1,0) -> 1 | F5: =IF(COUNTIF('Claude vs tools'!$K$2:$M$48,B5)>0,1,0) -> 1 | G5: =IF(COUNTIF('Claude vs tools'!$K$2:$M$48,C5)>0,1,0) -> 1
A6: Rod Cutting | B6: DAG Shortest Paths | C6: Input | E6: =IF(COUNTIF('Claude vs tools'!$K$2:$M$48,A6)>0,1,0) -> 1 | F6: =IF(COUNTIF('Claude vs tools'!$K$2:$M$48,B6)>0,1,0) -> 1 | G6: =IF(COUNTIF('Claude vs tools'!$K$2:$M$48,C6)>0,1,0) -> 0
A7: Subset Sum | B7: Draw Dependency Graph | C7: Original Problem | E7: =IF(COUNTIF('Claude vs tools'!$K$2:$M$48,A7)>0,1,0) -> 1 | F7: =IF(COUNTIF('Claude vs tools'!$K$2:$M$48,B7)>0,1,0) -> 0 | G7: =IF(COUNTIF('Claude vs tools'!$K$2:$M$48,C7)>0,1,0) -> 1
A8: Base Case | B8: First Item AI | C8: Piece | E8: =IF(COUNTIF('Claude vs tools'!$K$2:$M$48,A8)>0,1,0) -> 1 | F8: =IF(COUNTIF('Claude vs tools'!$K$2:$M$48,B8)>0,1,0) -> 0 | G8: =IF(COUNTIF('Claude vs tools'!$K$2:$M$48,C8)>0,1,0) -> 0
A9: Cutting Rod | B9: Floyd – Warshall | C9: Polynomial | E9: =IF(COUNTIF('Claude vs tools'!$K$2:$M$48,A9)>0,1,0) -> 1 | F9: =IF(COUNTIF('Claude vs tools'!$K$2:$M$48,B9)>0,1,0) -> 1 | G9: =IF(COUNTIF('Claude vs tools'!$K$2:$M$48,C9)>0,1,0) -> 1
A10: Def Cut | B10: Https :// Ocw | C10: Programming Steps | E10: =IF(COUNTIF('Claude vs tools'!$K$2:$M$48,A10)>0,1,0) -> 0 | F10: =IF(COUNTIF('Claude vs tools'!$K$2:$M$48,B10)>0,1,0) -> 0 | G10: =IF(COUNTIF('Claude vs tools'!$K$2:$M$48,C10)>0,1,0) -> 0
A11: Example | B11: Include First Item | C11: Pseudopolynomial | E11: =IF(COUNTIF('Claude vs tools'!$K$2:$M$48,A11)>0,1,0) -> 0 | F11: =IF(COUNTIF('Claude vs tools'!$K$2:$M$48,B11)>0,1,0) -> 0 | G11: =IF(COUNTIF('Claude vs tools'!$K$2:$M$48,C11)>0,1,0) -> 1
A12: Input | B12: Input | C12: Pseudopolynomial Dynamic Programming | E12: =IF(COUNTIF('Claude vs tools'!$K$2:$M$48,A12)>0,1,0) -> 0 | F12: =IF(COUNTIF('Claude vs tools'!$K$2:$M$48,B12)>0,1,0) -> 0 | G12: =IF(COUNTIF('Claude vs tools'!$K$2:$M$48,C12)>0,1,0) -> 0
A13: Input Size | B13: Integer | C13: Pseudopolynomial Rod Cutting | E13: =IF(COUNTIF('Claude vs tools'!$K$2:$M$48,A13)>0,1,0) -> 1 | F13: =IF(COUNTIF('Claude vs tools'!$K$2:$M$48,B13)>0,1,0) -> 0 | G13: =IF(COUNTIF('Claude vs tools'!$K$2:$M$48,C13)>0,1,0) -> 0
... A23: Pseudopolynomial Subset | B23: Rod | C23: Time | E23: =IF(COUNTIF('Claude vs tools'!$K$2:$M$48,A23)>0,1,0) -> 0 | F23: =IF(COUNTIF('Claude vs tools'!$K$2:$M$48,B23)>0,1,0) -> 0 | G23: =IF(COUNTIF('Claude vs tools'!$K$2:$M$48,C23)>0,1,0) -> 0
