Workbook

Sheet Claude vs tools
A1: # | B1: Claude's concept | C1: Gemini extracted | D1: RAKE extracted | E1: YAKE extracted | F1: Group | G1: Short description (from the PDF) | H1: Tools that found it | I1: Found by | K1: Accepted tool phrase 1 | L1: Accepted tool phrase 2 | M1: Accepted tool phrase 3 | N1: Accepted tool phrase 4 | O1: Accepted tool phrase 5 | P1: Accepted tool phrase 6 | R1: Legend
A2: 1 | B2: Polarization | C2: =IF(LEN(IF(K2="","",IFERROR(INDEX('Raw lists'!$A$2:$A$192,MATCH(K2,'Raw lists'!$A$2:$A$192,0))&" | ",""))&IF(L2="","",IFERROR(INDEX('Raw lists'!$A$2:$A$192,MATCH(L2,'Raw lists'!$A$2:$A$192,0))&" | ",""))&IF(M2="","",IFERROR(INDEX('Raw lists'!$A$2:$A$192,MATCH(M2,'Raw lists'!$A$2:$A$192,0))&" | ",""))&IF(N2="","",IFERROR(INDEX('Raw lists'!$A$2:$A$192,MATCH(N2,'Raw lists'!$A$2:$A$192,0))&" | ",""))&IF(O2="","",IFERROR(INDEX('Raw lists'!$A$2:$A$192,MATCH(O2,'Raw lists'!$A$2:$A$192,0))&" | ",""))&IF(P2="","",IFERROR(INDEX('Raw lists'!$A$2:$A$192,MATCH(P2,'Raw lists'!$A$2:$A$192,0))&" | ","")))=0,"",LEFT(IF(K2="","",IFERROR(INDEX('Raw lists'!$A$2:$A$192,MATCH(K2,'Raw lists'!$A$2:$A$192,0))&" | ",""))&IF(L2="","",IFERROR(INDEX('Raw lists'!$A$2:$A$192,MATCH(L2,'Raw lists'!$A$2:$A$192,0))&" | ",""))&IF(M2="","",IFERROR(INDEX('Raw lists'!$A$2:$A$192,MATCH(M2,'Raw lists'!$A$2:$A$192,0))&" | ",""))&IF(N2="","",IFERROR(INDEX('Raw lists'!$A$2:$A$192,MATCH(N2,'Raw lists'!$A$2:$A$192,0))&" | ",""))&IF(O2="","",IFERROR(INDEX('Raw lists'!$A$2:$A$192,MATCH(O2,'Raw lists'!$A$2:$A$192,0))&" | ",""))&IF(P2="","",IFERROR(INDEX('Raw lists'!$A$2:$A$192,MATCH(P2,'Raw lists'!$A$2:$A$192,0))&" | ","")),LEN(IF(K2="","",IFERROR(INDEX('Raw lists'!$A$2:$A$192,MATCH(K2,'Raw lists'!$A$2:$A$192,0))&" | ",""))&IF(L2="","",IFERROR(INDEX('Raw lists'!$A$2:$A$192,MATCH(L2,'Raw lists'!$A$2:$A$192,0))&" | ",""))&IF(M2="","",IFERROR(INDEX('Raw lists'!$A$2:$A$192,MATCH(M2,'Raw lists'!$A$2:$A$192,0))&" | ",""))&IF(N2="","",IFERROR(INDEX('Raw lists'!$A$2:$A$192,MATCH(N2,'Raw lists'!$A$2:$A$192,0))&" | ",""))&IF(O2="","",IFERROR(INDEX('Raw lists'!$A$2:$A$192,MATCH(O2,'Raw lists'!$A$2:$A$192,0))&" | ",""))&IF(P2="","",IFERROR(INDEX('Raw lists'!$A$2:$A$192,MATCH(P2,'Raw lists'!$A$2:$A$192,0))&" | ","")))-3)) -> Polarization | D2: =IF(LEN(IF(K2="","",IFERROR(INDEX('Raw lists'!$B$2:$B$627,MATCH(K2,'Raw lists'!$B$2:$B$627,0))&" | ",""))&IF(L2="","",IFERROR(INDEX('Raw lists'!$B$2:$B$627,MATCH(L2,'Raw lists'!$B$2:$B$627,0))&" | ",""))&IF(M2="","",IFERROR(INDEX('Raw lists'!$B$2:$B$627,MATCH(M2,'Raw lists'!$B$2:$B$627,0))&" | ",""))&IF(N2="","",IFERROR(INDEX('Raw lists'!$B$2:$B$627,MATCH(N2,'Raw lists'!$B$2:$B$627,0))&" | ",""))&IF(O2="","",IFERROR(INDEX('Raw lists'!$B$2:$B$627,MATCH(O2,'Raw lists'!$B$2:$B$627,0))&" | ",""))&IF(P2="","",IFERROR(INDEX('Raw lists'!$B$2:$B$627,MATCH(P2,'Raw lists'!$B$2:$B$627,0))&" | ","")))=0,"",LEFT(IF(K2="","",IFERROR(INDEX('Raw lists'!$B$2:$B$627,MATCH(K2,'Raw lists'!$B$2:$B$627,0))&" | ",""))&IF(L2="","",IFERROR(INDEX('Raw lists'!$B$2:$B$627,MATCH(L2,'Raw lists'!$B$2:$B$627,0))&" | ",""))&IF(M2="","",IFERROR(INDEX('Raw lists'!$B$2:$B$627,MATCH(M2,'Raw lists'!$B$2:$B$627,0))&" | ",""))&IF(N2="","",IFERROR(INDEX('Raw lists'!$B$2:$B$627,MATCH(N2,'Raw lists'!$B$2:$B$627,0))&" | ",""))&IF(O2="","",IFERROR(INDEX('Raw lists'!$B$2:$B$627,MATCH(O2,'Raw lists'!$B$2:$B$627,0))&" | ",""))&IF(P2="","",IFERROR(INDEX('Raw lists'!$B$2:$B$627,MATCH(P2,'Raw lists'!$B$2:$B$627,0))&" | ","")),LEN(IF(K2="","",IFERROR(INDEX('Raw lists'!$B$2:$B$627,MATCH(K2,'Raw lists'!$B$2:$B$627,0))&" | ",""))&IF(L2="","",IFERROR(INDEX('Raw lists'!$B$2:$B$627,MATCH(L2,'Raw lists'!$B$2:$B$627,0))&" | ",""))&IF(M2="","",IFERROR(INDEX('Raw lists'!$B$2:$B$627,MATCH(M2,'Raw lists'!$B$2:$B$627,0))&" | ",""))&IF(N2="","",IFERROR(INDEX('Raw lists'!$B$2:$B$627,MATCH(N2,'Raw lists'!$B$2:$B$627,0))&" | ",""))&IF(O2="","",IFERROR(INDEX('Raw lists'!$B$2:$B$627,MATCH(O2,'Raw lists'!$B$2:$B$627,0))&" | ",""))&IF(P2="","",IFERROR(INDEX('Raw lists'!$B$2:$B$627,MATCH(P2,'Raw lists'!$B$2:$B$627,0))&" | ","")))-3)) -> Polarization | E2: =IF(LEN(IF(K2="","",IFERROR(INDEX('Raw lists'!$C$2:$C$616,MATCH(K2,'Raw lists'!$C$2:$C$616,0))&" | ",""))&IF(L2="","",IFERROR(INDEX('Raw lists'!$C$2:$C$616,MATCH(L2,'Raw lists'!$C$2:$C$616,0))&" | ",""))&IF(M2="","",IFERROR(INDEX('Raw lists'!$C$2:$C$616,MATCH(M2,'Raw lists'!$C$2:$C$616,0))&" | ",""))&IF(N2="","",IFERROR(INDEX('Raw lists'!$C$2:$C$616,MATCH(N2,'Raw lists'!$C$2:$C$616,0))&" | ",""))&IF(O2="","",IFERROR(INDEX('Raw lists'!$C$2:$C$616,MATCH(O2,'Raw lists'!$C$2:$C$616,0))&" | ",""))&IF(P2="","",IFERROR(INDEX('Raw lists'!$C$2:$C$616,MATCH(P2,'Raw lists'!$C$2:$C$616,0))&" | ","")))=0,"",LEFT(IF(K2="","",IFERROR(INDEX('Raw lists'!$C$2:$C$616,MATCH(K2,'Raw lists'!$C$2:$C$616,0))&" | ",""))&IF(L2="","",IFERROR(INDEX('Raw lists'!$C$2:$C$616,MATCH(L2,'Raw lists'!$C$2:$C$616,0))&" | ",""))&IF(M2="","",IFERROR(INDEX('Raw lists'!$C$2:$C$616,MATCH(M2,'Raw lists'!$C$2:$C$616,0))&" | ",""))&IF(N2="","",IFERROR(INDEX('Raw lists'!$C$2:$C$616,MATCH(N2,'Raw lists'!$C$2:$C$616,0))&" | ",""))&IF(O2="","",IFERROR(INDEX('Raw lists'!$C$2:$C$616,MATCH(O2,'Raw lists'!$C$2:$C$616,0))&" | ",""))&IF(P2="","",IFERROR(INDEX('Raw lists'!$C$2:$C$616,MATCH(P2,'Raw lists'!$C$2:$C$616,0))&" | ","")),LEN(IF(K2="","",IFERROR(INDEX('Raw lists'!$C$2:$C$616,MATCH(K2,'Raw lists'!$C$2:$C$616,0))&" | ",""))&IF(L2="","",IFERROR(INDEX('Raw lists'!$C$2:$C$616,MATCH(L2,'Raw lists'!$C$2:$C$616,0))&" | ",""))&IF(M2="","",IFERROR(INDEX('Raw lists'!$C$2:$C$616,MATCH(M2,'Raw lists'!$C$2:$C$616,0))&" | ",""))&IF(N2="","",IFERROR(INDEX('Raw lists'!$C$2:$C$616,MATCH(N2,'Raw lists'!$C$2:$C$616,0))&" | ",""))&IF(O2="","",IFERROR(INDEX('Raw lists'!$C$2:$C$616,MATCH(O2,'Raw lists'!$C$2:$C$616,0))&" | ",""))&IF(P2="","",IFERROR(INDEX('Raw lists'!$C$2:$C$616,MATCH(P2,'Raw lists'!$C$2:$C$616,0))&" | ","")))-3)) -> Polarization | F2: Core | G2: Restricting the vibrations of a transverse wave to one plane. | H2: =COUNTIF(C2:E2,"?*") -> 3 | I2: =IF(H2=0,"None",IF(H2=3,"All three",IF(H2=1,"Only "&TRIM(IF(C2<>"","Gemini ","")&IF(D2<>"","RAKE ","")&IF(E2<>"","YAKE","")),SUBSTITUTE(TRIM(IF(C2<>"","Gemini ","")&IF(D2<>"","RAKE ","")&IF(E2<>"","YAKE",""))," "," + ")))) -> All three | K2: Polarization | R2: Found by all three tools
A3: 2 | B3: Transverse wave | C3: =IF(LEN(IF(K3="","",IFERROR(INDEX('Raw lists'!$A$2:$A$192,MATCH(K3,'Raw lists'!$A$2:$A$192,0))&" | ",""))&IF(L3="","",IFERROR(INDEX('Raw lists'!$A$2:$A$192,MATCH(L3,'Raw lists'!$A$2:$A$192,0))&" | ",""))&IF(M3="","",IFERROR(INDEX('Raw lists'!$A$2:$A$192,MATCH(M3,'Raw lists'!$A$2:$A$192,0))&" | ",""))&IF(N3="","",IFERROR(INDEX('Raw lists'!$A$2:$A$192,MATCH(N3,'Raw lists'!$A$2:$A$192,0))&" | ",""))&IF(O3="","",IFERROR(INDEX('Raw lists'!$A$2:$A$192,MATCH(O3,'Raw lists'!$A$2:$A$192,0))&" | ",""))&IF(P3="","",IFERROR(INDEX('Raw lists'!$A$2:$A$192,MATCH(P3,'Raw lists'!$A$2:$A$192,0))&" | ","")))=0,"",LEFT(IF(K3="","",IFERROR(INDEX('Raw lists'!$A$2:$A$192,MATCH(K3,'Raw lists'!$A$2:$A$192,0))&" | ",""))&IF(L3="","",IFERROR(INDEX('Raw lists'!$A$2:$A$192,MATCH(L3,'Raw lists'!$A$2:$A$192,0))&" | ",""))&IF(M3="","",IFERROR(INDEX('Raw lists'!$A$2:$A$192,MATCH(M3,'Raw lists'!$A$2:$A$192,0))&" | ",""))&IF(N3="","",IFERROR(INDEX('Raw lists'!$A$2:$A$192,MATCH(N3,'Raw lists'!$A$2:$A$192,0))&" | ",""))&IF(O3="","",IFERROR(INDEX('Raw lists'!$A$2:$A$192,MATCH(O3,'Raw lists'!$A$2:$A$192,0))&" | ",""))&IF(P3="","",IFERROR(INDEX('Raw lists'!$A$2:$A$192,MATCH(P3,'Raw lists'!$A$2:$A$192,0))&" | ","")),LEN(IF(K3="","",IFERROR(INDEX('Raw lists'!$A$2:$A$192,MATCH(K3,'Raw lists'!$A$2:$A$192,0))&" | ",""))&IF(L3="","",IFERROR(INDEX('Raw lists'!$A$2:$A$192,MATCH(L3,'Raw lists'!$A$2:$A$192,0))&" | ",""))&IF(M3="","",IFERROR(INDEX('Raw lists'!$A$2:$A$192,MATCH(M3,'Raw lists'!$A$2:$A$192,0))&" | ",""))&IF(N3="","",IFERROR(INDEX('Raw lists'!$A$2:$A$192,MATCH(N3,'Raw lists'!$A$2:$A$192,0))&" | ",""))&IF(O3="","",IFERROR(INDEX('Raw lists'!$A$2:$A$192,MATCH(O3,'Raw lists'!$A$2:$A$192,0))&" | ",""))&IF(P3="","",IFERROR(INDEX('Raw lists'!$A$2:$A$192,MATCH(P3,'Raw lists'!$A$2:$A$192,0))&" | ","")))-3)) | D3: =IF(LEN(IF(K3="","",IFERROR(INDEX('Raw lists'!$B$2:$B$627,MATCH(K3,'Raw lists'!$B$2:$B$627,0))&" | ",""))&IF(L3="","",IFERROR(INDEX('Raw lists'!$B$2:$B$627,MATCH(L3,'Raw lists'!$B$2:$B$627,0))&" | ",""))&IF(M3="","",IFERROR(INDEX('Raw lists'!$B$2:$B$627,MATCH(M3,'Raw lists'!$B$2:$B$627,0))&" | ",""))&IF(N3="","",IFERROR(INDEX('Raw lists'!$B$2:$B$627,MATCH(N3,'Raw lists'!$B$2:$B$627,0))&" | ",""))&IF(O3="","",IFERROR(INDEX('Raw lists'!$B$2:$B$627,MATCH(O3,'Raw lists'!$B$2:$B$627,0))&" | ",""))&IF(P3="","",IFERROR(INDEX('Raw lists'!$B$2:$B$627,MATCH(P3,'Raw lists'!$B$2:$B$627,0))&" | ","")))=0,"",LEFT(IF(K3="","",IFERROR(INDEX('Raw lists'!$B$2:$B$627,MATCH(K3,'Raw lists'!$B$2:$B$627,0))&" | ",""))&IF(L3="","",IFERROR(INDEX('Raw lists'!$B$2:$B$627,MATCH(L3,'Raw lists'!$B$2:$B$627,0))&" | ",""))&IF(M3="","",IFERROR(INDEX('Raw lists'!$B$2:$B$627,MATCH(M3,'Raw lists'!$B$2:$B$627,0))&" | ",""))&IF(N3="","",IFERROR(INDEX('Raw lists'!$B$2:$B$627,MATCH(N3,'Raw lists'!$B$2:$B$627,0))&" | ",""))&IF(O3="","",IFERROR(INDEX('Raw lists'!$B$2:$B$627,MATCH(O3,'Raw lists'!$B$2:$B$627,0))&" | ",""))&IF(P3="","",IFERROR(INDEX('Raw lists'!$B$2:$B$627,MATCH(P3,'Raw lists'!$B$2:$B$627,0))&" | ","")),LEN(IF(K3="","",IFERROR(INDEX('Raw lists'!$B$2:$B$627,MATCH(K3,'Raw lists'!$B$2:$B$627,0))&" | ",""))&IF(L3="","",IFERROR(INDEX('Raw lists'!$B$2:$B$627,MATCH(L3,'Raw lists'!$B$2:$B$627,0))&" | ",""))&IF(M3="","",IFERROR(INDEX('Raw lists'!$B$2:$B$627,MATCH(M3,'Raw lists'!$B$2:$B$627,0))&" | ",""))&IF(N3="","",IFERROR(INDEX('Raw lists'!$B$2:$B$627,MATCH(N3,'Raw lists'!$B$2:$B$627,0))&" | ",""))&IF(O3="","",IFERROR(INDEX('Raw lists'!$B$2:$B$627,MATCH(O3,'Raw lists'!$B$2:$B$627,0))&" | ",""))&IF(P3="","",IFERROR(INDEX('Raw lists'!$B$2:$B$627,MATCH(P3,'Raw lists'!$B$2:$B$627,0))&" | ","")))-3)) -> Transverse Wave | E3: =IF(LEN(IF(K3="","",IFERROR(INDEX('Raw lists'!$C$2:$C$616,MATCH(K3,'Raw lists'!$C$2:$C$616,0))&" | ",""))&IF(L3="","",IFERROR(INDEX('Raw lists'!$C$2:$C$616,MATCH(L3,'Raw lists'!$C$2:$C$616,0))&" | ",""))&IF(M3="","",IFERROR(INDEX('Raw lists'!$C$2:$C$616,MATCH(M3,'Raw lists'!$C$2:$C$616,0))&" | ",""))&IF(N3="","",IFERROR(INDEX('Raw lists'!$C$2:$C$616,MATCH(N3,'Raw lists'!$C$2:$C$616,0))&" | ",""))&IF(O3="","",IFERROR(INDEX('Raw lists'!$C$2:$C$616,MATCH(O3,'Raw lists'!$C$2:$C$616,0))&" | ",""))&IF(P3="","",IFERROR(INDEX('Raw lists'!$C$2:$C$616,MATCH(P3,'Raw lists'!$C$2:$C$616,0))&" | ","")))=0,"",LEFT(IF(K3="","",IFERROR(INDEX('Raw lists'!$C$2:$C$616,MATCH(K3,'Raw lists'!$C$2:$C$616,0))&" | ",""))&IF(L3="","",IFERROR(INDEX('Raw lists'!$C$2:$C$616,MATCH(L3,'Raw lists'!$C$2:$C$616,0))&" | ",""))&IF(M3="","",IFERROR(INDEX('Raw lists'!$C$2:$C$616,MATCH(M3,'Raw lists'!$C$2:$C$616,0))&" | ",""))&IF(N3="","",IFERROR(INDEX('Raw lists'!$C$2:$C$616,MATCH(N3,'Raw lists'!$C$2:$C$616,0))&" | ",""))&IF(O3="","",IFERROR(INDEX('Raw lists'!$C$2:$C$616,MATCH(O3,'Raw lists'!$C$2:$C$616,0))&" | ",""))&IF(P3="","",IFERROR(INDEX('Raw lists'!$C$2:$C$616,MATCH(P3,'Raw lists'!$C$2:$C$616,0))&" | ","")),LEN(IF(K3="","",IFERROR(INDEX('Raw lists'!$C$2:$C$616,MATCH(K3,'Raw lists'!$C$2:$C$616,0))&" | ",""))&IF(L3="","",IFERROR(INDEX('Raw lists'!$C$2:$C$616,MATCH(L3,'Raw lists'!$C$2:$C$616,0))&" | ",""))&IF(M3="","",IFERROR(INDEX('Raw lists'!$C$2:$C$616,MATCH(M3,'Raw lists'!$C$2:$C$616,0))&" | ",""))&IF(N3="","",IFERROR(INDEX('Raw lists'!$C$2:$C$616,MATCH(N3,'Raw lists'!$C$2:$C$616,0))&" | ",""))&IF(O3="","",IFERROR(INDEX('Raw lists'!$C$2:$C$616,MATCH(O3,'Raw lists'!$C$2:$C$616,0))&" | ",""))&IF(P3="","",IFERROR(INDEX('Raw lists'!$C$2:$C$616,MATCH(P3,'Raw lists'!$C$2:$C$616,0))&" | ","")))-3)) -> Transverse Wave | F3: Core | G3: Wave whose vibrations are perpendicular to its direction of propagation. | H3: =COUNTIF(C3:E3,"?*") -> 2 | I3: =IF(H3=0,"None",IF(H3=3,"All three",IF(H3=1,"Only "&TRIM(IF(C3<>"","Gemini ","")&IF(D3<>"","RAKE ","")&IF(E3<>"","YAKE","")),SUBSTITUTE(TRIM(IF(C3<>"","Gemini ","")&IF(D3<>"","RAKE ","")&IF(E3<>"","YAKE",""))," "," + ")))) -> RAKE + YAKE | K3: Transverse Wave | R3: Found by two tools
A4: 3 | B4: Longitudinal wave | C4: =IF(LEN(IF(K4="","",IFERROR(INDEX('Raw lists'!$A$2:$A$192,MATCH(K4,'Raw lists'!$A$2:$A$192,0))&" | ",""))&IF(L4="","",IFERROR(INDEX('Raw lists'!$A$2:$A$192,MATCH(L4,'Raw lists'!$A$2:$A$192,0))&" | ",""))&IF(M4="","",IFERROR(INDEX('Raw lists'!$A$2:$A$192,MATCH(M4,'Raw lists'!$A$2:$A$192,0))&" | ",""))&IF(N4="","",IFERROR(INDEX('Raw lists'!$A$2:$A$192,MATCH(N4,'Raw lists'!$A$2:$A$192,0))&" | ",""))&IF(O4="","",IFERROR(INDEX('Raw lists'!$A$2:$A$192,MATCH(O4,'Raw lists'!$A$2:$A$192,0))&" | ",""))&IF(P4="","",IFERROR(INDEX('Raw lists'!$A$2:$A$192,MATCH(P4,'Raw lists'!$A$2:$A$192,0))&" | ","")))=0,"",LEFT(IF(K4="","",IFERROR(INDEX('Raw lists'!$A$2:$A$192,MATCH(K4,'Raw lists'!$A$2:$A$192,0))&" | ",""))&IF(L4="","",IFERROR(INDEX('Raw lists'!$A$2:$A$192,MATCH(L4,'Raw lists'!$A$2:$A$192,0))&" | ",""))&IF(M4="","",IFERROR(INDEX('Raw lists'!$A$2:$A$192,MATCH(M4,'Raw lists'!$A$2:$A$192,0))&" | ",""))&IF(N4="","",IFERROR(INDEX('Raw lists'!$A$2:$A$192,MATCH(N4,'Raw lists'!$A$2:$A$192,0))&" | ",""))&IF(O4="","",IFERROR(INDEX('Raw lists'!$A$2:$A$192,MATCH(O4,'Raw lists'!$A$2:$A$192,0))&" | ",""))&IF(P4="","",IFERROR(INDEX('Raw lists'!$A$2:$A$192,MATCH(P4,'Raw lists'!$A$2:$A$192,0))&" | ","")),LEN(IF(K4="","",IFERROR(INDEX('Raw lists'!$A$2:$A$192,MATCH(K4,'Raw lists'!$A$2:$A$192,0))&" | ",""))&IF(L4="","",IFERROR(INDEX('Raw lists'!$A$2:$A$192,MATCH(L4,'Raw lists'!$A$2:$A$192,0))&" | ",""))&IF(M4="","",IFERROR(INDEX('Raw lists'!$A$2:$A$192,MATCH(M4,'Raw lists'!$A$2:$A$192,0))&" | ",""))&IF(N4="","",IFERROR(INDEX('Raw lists'!$A$2:$A$192,MATCH(N4,'Raw lists'!$A$2:$A$192,0))&" | ",""))&IF(O4="","",IFERROR(INDEX('Raw lists'!$A$2:$A$192,MATCH(O4,'Raw lists'!$A$2:$A$192,0))&" | ",""))&IF(P4="","",IFERROR(INDEX('Raw lists'!$A$2:$A$192,MATCH(P4,'Raw lists'!$A$2:$A$192,0))&" | ","")))-3)) | D4: =IF(LEN(IF(K4="","",IFERROR(INDEX('Raw lists'!$B$2:$B$627,MATCH(K4,'Raw lists'!$B$2:$B$627,0))&" | ",""))&IF(L4="","",IFERROR(INDEX('Raw lists'!$B$2:$B$627,MATCH(L4,'Raw lists'!$B$2:$B$627,0))&" | ",""))&IF(M4="","",IFERROR(INDEX('Raw lists'!$B$2:$B$627,MATCH(M4,'Raw lists'!$B$2:$B$627,0))&" | ",""))&IF(N4="","",IFERROR(INDEX('Raw lists'!$B$2:$B$627,MATCH(N4,'Raw lists'!$B$2:$B$627,0))&" | ",""))&IF(O4="","",IFERROR(INDEX('Raw lists'!$B$2:$B$627,MATCH(O4,'Raw lists'!$B$2:$B$627,0))&" | ",""))&IF(P4="","",IFERROR(INDEX('Raw lists'!$B$2:$B$627,MATCH(P4,'Raw lists'!$B$2:$B$627,0))&" | ","")))=0,"",LEFT(IF(K4="","",IFERROR(INDEX('Raw lists'!$B$2:$B$627,MATCH(K4,'Raw lists'!$B$2:$B$627,0))&" | ",""))&IF(L4="","",IFERROR(INDEX('Raw lists'!$B$2:$B$627,MATCH(L4,'Raw lists'!$B$2:$B$627,0))&" | ",""))&IF(M4="","",IFERROR(INDEX('Raw lists'!$B$2:$B$627,MATCH(M4,'Raw lists'!$B$2:$B$627,0))&" | ",""))&IF(N4="","",IFERROR(INDEX('Raw lists'!$B$2:$B$627,MATCH(N4,'Raw lists'!$B$2:$B$627,0))&" | ",""))&IF(O4="","",IFERROR(INDEX('Raw lists'!$B$2:$B$627,MATCH(O4,'Raw lists'!$B$2:$B$627,0))&" | ",""))&IF(P4="","",IFERROR(INDEX('Raw lists'!$B$2:$B$627,MATCH(P4,'Raw lists'!$B$2:$B$627,0))&" | ","")),LEN(IF(K4="","",IFERROR(INDEX('Raw lists'!$B$2:$B$627,MATCH(K4,'Raw lists'!$B$2:$B$627,0))&" | ",""))&IF(L4="","",IFERROR(INDEX('Raw lists'!$B$2:$B$627,MATCH(L4,'Raw lists'!$B$2:$B$627,0))&" | ",""))&IF(M4="","",IFERROR(INDEX('Raw lists'!$B$2:$B$627,MATCH(M4,'Raw lists'!$B$2:$B$627,0))&" | ",""))&IF(N4="","",IFERROR(INDEX('Raw lists'!$B$2:$B$627,MATCH(N4,'Raw lists'!$B$2:$B$627,0))&" | ",""))&IF(O4="","",IFERROR(INDEX('Raw lists'!$B$2:$B$627,MATCH(O4,'Raw lists'!$B$2:$B$627,0))&" | ",""))&IF(P4="","",IFERROR(INDEX('Raw lists'!$B$2:$B$627,MATCH(P4,'Raw lists'!$B$2:$B$627,0))&" | ","")))-3)) -> Longitudinal Waves | E4: =IF(LEN(IF(K4="","",IFERROR(INDEX('Raw lists'!$C$2:$C$616,MATCH(K4,'Raw lists'!$C$2:$C$616,0))&" | ",""))&IF(L4="","",IFERROR(INDEX('Raw lists'!$C$2:$C$616,MATCH(L4,'Raw lists'!$C$2:$C$616,0))&" | ",""))&IF(M4="","",IFERROR(INDEX('Raw lists'!$C$2:$C$616,MATCH(M4,'Raw lists'!$C$2:$C$616,0))&" | ",""))&IF(N4="","",IFERROR(INDEX('Raw lists'!$C$2:$C$616,MATCH(N4,'Raw lists'!$C$2:$C$616,0))&" | ",""))&IF(O4="","",IFERROR(INDEX('Raw lists'!$C$2:$C$616,MATCH(O4,'Raw lists'!$C$2:$C$616,0))&" | ",""))&IF(P4="","",IFERROR(INDEX('Raw lists'!$C$2:$C$616,MATCH(P4,'Raw lists'!$C$2:$C$616,0))&" | ","")))=0,"",LEFT(IF(K4="","",IFERROR(INDEX('Raw lists'!$C$2:$C$616,MATCH(K4,'Raw lists'!$C$2:$C$616,0))&" | ",""))&IF(L4="","",IFERROR(INDEX('Raw lists'!$C$2:$C$616,MATCH(L4,'Raw lists'!$C$2:$C$616,0))&" | ",""))&IF(M4="","",IFERROR(INDEX('Raw lists'!$C$2:$C$616,MATCH(M4,'Raw lists'!$C$2:$C$616,0))&" | ",""))&IF(N4="","",IFERROR(INDEX('Raw lists'!$C$2:$C$616,MATCH(N4,'Raw lists'!$C$2:$C$616,0))&" | ",""))&IF(O4="","",IFERROR(INDEX('Raw lists'!$C$2:$C$616,MATCH(O4,'Raw lists'!$C$2:$C$616,0))&" | ",""))&IF(P4="","",IFERROR(INDEX('Raw lists'!$C$2:$C$616,MATCH(P4,'Raw lists'!$C$2:$C$616,0))&" | ","")),LEN(IF(K4="","",IFERROR(INDEX('Raw lists'!$C$2:$C$616,MATCH(K4,'Raw lists'!$C$2:$C$616,0))&" | ",""))&IF(L4="","",IFERROR(INDEX('Raw lists'!$C$2:$C$616,MATCH(L4,'Raw lists'!$C$2:$C$616,0))&" | ",""))&IF(M4="","",IFERROR(INDEX('Raw lists'!$C$2:$C$616,MATCH(M4,'Raw lists'!$C$2:$C$616,0))&" | ",""))&IF(N4="","",IFERROR(INDEX('Raw lists'!$C$2:$C$616,MATCH(N4,'Raw lists'!$C$2:$C$616,0))&" | ",""))&IF(O4="","",IFERROR(INDEX('Raw lists'!$C$2:$C$616,MATCH(O4,'Raw lists'!$C$2:$C$616,0))&" | ",""))&IF(P4="","",IFERROR(INDEX('Raw lists'!$C$2:$C$616,MATCH(P4,'Raw lists'!$C$2:$C$616,0))&" | ","")))-3)) | F4: Core | G4: Wave that does not show polarization. | H4: =COUNTIF(C4:E4,"?*") -> 1 | I4: =IF(H4=0,"None",IF(H4=3,"All three",IF(H4=1,"Only "&TRIM(IF(C4<>"","Gemini ","")&IF(D4<>"","RAKE ","")&IF(E4<>"","YAKE","")),SUBSTITUTE(TRIM(IF(C4<>"","Gemini ","")&IF(D4<>"","RAKE ","")&IF(E4<>"","YAKE",""))," "," + ")))) -> Only RAKE | K4: Longitudinal Waves | L4: Longitudinal Wave | R4: Found by none of the tools
A5: 4 | B5: Polarized light (plane polarized) | C5: =IF(LEN(IF(K5="","",IFERROR(INDEX('Raw lists'!$A$2:$A$192,MATCH(K5,'Raw lists'!$A$2:$A$192,0))&" | ",""))&IF(L5="","",IFERROR(INDEX('Raw lists'!$A$2:$A$192,MATCH(L5,'Raw lists'!$A$2:$A$192,0))&" | ",""))&IF(M5="","",IFERROR(INDEX('Raw lists'!$A$2:$A$192,MATCH(M5,'Raw lists'!$A$2:$A$192,0))&" | ",""))&IF(N5="","",IFERROR(INDEX('Raw lists'!$A$2:$A$192,MATCH(N5,'Raw lists'!$A$2:$A$192,0))&" | ",""))&IF(O5="","",IFERROR(INDEX('Raw lists'!$A$2:$A$192,MATCH(O5,'Raw lists'!$A$2:$A$192,0))&" | ",""))&IF(P5="","",IFERROR(INDEX('Raw lists'!$A$2:$A$192,MATCH(P5,'Raw lists'!$A$2:$A$192,0))&" | ","")))=0,"",LEFT(IF(K5="","",IFERROR(INDEX('Raw lists'!$A$2:$A$192,MATCH(K5,'Raw lists'!$A$2:$A$192,0))&" | ",""))&IF(L5="","",IFERROR(INDEX('Raw lists'!$A$2:$A$192,MATCH(L5,'Raw lists'!$A$2:$A$192,0))&" | ",""))&IF(M5="","",IFERROR(INDEX('Raw lists'!$A$2:$A$192,MATCH(M5,'Raw lists'!$A$2:$A$192,0))&" | ",""))&IF(N5="","",IFERROR(INDEX('Raw lists'!$A$2:$A$192,MATCH(N5,'Raw lists'!$A$2:$A$192,0))&" | ",""))&IF(O5="","",IFERROR(INDEX('Raw lists'!$A$2:$A$192,MATCH(O5,'Raw lists'!$A$2:$A$192,0))&" | ",""))&IF(P5="","",IFERROR(INDEX('Raw lists'!$A$2:$A$192,MATCH(P5,'Raw lists'!$A$2:$A$192,0))&" | ","")),LEN(IF(K5="","",IFERROR(INDEX('Raw lists'!$A$2:$A$192,MATCH(K5,'Raw lists'!$A$2:$A$192,0))&" | ",""))&IF(L5="","",IFERROR(INDEX('Raw lists'!$A$2:$A$192,MATCH(L5,'Raw lists'!$A$2:$A$192,0))&" | ",""))&IF(M5="","",IFERROR(INDEX('Raw lists'!$A$2:$A$192,MATCH(M5,'Raw lists'!$A$2:$A$192,0))&" | ",""))&IF(N5="","",IFERROR(INDEX('Raw lists'!$A$2:$A$192,MATCH(N5,'Raw lists'!$A$2:$A$192,0))&" | ",""))&IF(O5="","",IFERROR(INDEX('Raw lists'!$A$2:$A$192,MATCH(O5,'Raw lists'!$A$2:$A$192,0))&" | ",""))&IF(P5="","",IFERROR(INDEX('Raw lists'!$A$2:$A$192,MATCH(P5,'Raw lists'!$A$2:$A$192,0))&" | ","")))-3)) -> Polarized Light | Plane Polarized Light | Plane-polarized Wave | D5: =IF(LEN(IF(K5="","",IFERROR(INDEX('Raw lists'!$B$2:$B$627,MATCH(K5,'Raw lists'!$B$2:$B$627,0))&" | ",""))&IF(L5="","",IFERROR(INDEX('Raw lists'!$B$2:$B$627,MATCH(L5,'Raw lists'!$B$2:$B$627,0))&" | ",""))&IF(M5="","",IFERROR(INDEX('Raw lists'!$B$2:$B$627,MATCH(M5,'Raw lists'!$B$2:$B$627,0))&" | ",""))&IF(N5="","",IFERROR(INDEX('Raw lists'!$B$2:$B$627,MATCH(N5,'Raw lists'!$B$2:$B$627,0))&" | ",""))&IF(O5="","",IFERROR(INDEX('Raw lists'!$B$2:$B$627,MATCH(O5,'Raw lists'!$B$2:$B$627,0))&" | ",""))&IF(P5="","",IFERROR(INDEX('Raw lists'!$B$2:$B$627,MATCH(P5,'Raw lists'!$B$2:$B$627,0))&" | ","")))=0,"",LEFT(IF(K5="","",IFERROR(INDEX('Raw lists'!$B$2:$B$627,MATCH(K5,'Raw lists'!$B$2:$B$627,0))&" | ",""))&IF(L5="","",IFERROR(INDEX('Raw lists'!$B$2:$B$627,MATCH(L5,'Raw lists'!$B$2:$B$627,0))&" | ",""))&IF(M5="","",IFERROR(INDEX('Raw lists'!$B$2:$B$627,MATCH(M5,'Raw lists'!$B$2:$B$627,0))&" | ",""))&IF(N5="","",IFERROR(INDEX('Raw lists'!$B$2:$B$627,MATCH(N5,'Raw lists'!$B$2:$B$627,0))&" | ",""))&IF(O5="","",IFERROR(INDEX('Raw lists'!$B$2:$B$627,MATCH(O5,'Raw lists'!$B$2:$B$627,0))&" | ",""))&IF(P5="","",IFERROR(INDEX('Raw lists'!$B$2:$B$627,MATCH(P5,'Raw lists'!$B$2:$B$627,0))&" | ","")),LEN(IF(K5="","",IFERROR(INDEX('Raw lists'!$B$2:$B$627,MATCH(K5,'Raw lists'!$B$2:$B$627,0))&" | ",""))&IF(L5="","",IFERROR(INDEX('Raw lists'!$B$2:$B$627,MATCH(L5,'Raw lists'!$B$2:$B$627,0))&" | ",""))&IF(M5="","",IFERROR(INDEX('Raw lists'!$B$2:$B$627,MATCH(M5,'Raw lists'!$B$2:$B$627,0))&" | ",""))&IF(N5="","",IFERROR(INDEX('Raw lists'!$B$2:$B$627,MATCH(N5,'Raw lists'!$B$2:$B$627,0))&" | ",""))&IF(O5="","",IFERROR(INDEX('Raw lists'!$B$2:$B$627,MATCH(O5,'Raw lists'!$B$2:$B$627,0))&" | ",""))&IF(P5="","",IFERROR(INDEX('Raw lists'!$B$2:$B$627,MATCH(P5,'Raw lists'!$B$2:$B$627,0))&" | ","")))-3)) -> Polarized Light | Plane Polarized Light | Plane Polarized | Linearly Polarized | E5: =IF(LEN(IF(K5="","",IFERROR(INDEX('Raw lists'!$C$2:$C$616,MATCH(K5,'Raw lists'!$C$2:$C$616,0))&" | ",""))&IF(L5="","",IFERROR(INDEX('Raw lists'!$C$2:$C$616,MATCH(L5,'Raw lists'!$C$2:$C$616,0))&" | ",""))&IF(M5="","",IFERROR(INDEX('Raw lists'!$C$2:$C$616,MATCH(M5,'Raw lists'!$C$2:$C$616,0))&" | ",""))&IF(N5="","",IFERROR(INDEX('Raw lists'!$C$2:$C$616,MATCH(N5,'Raw lists'!$C$2:$C$616,0))&" | ",""))&IF(O5="","",IFERROR(INDEX('Raw lists'!$C$2:$C$616,MATCH(O5,'Raw lists'!$C$2:$C$616,0))&" | ",""))&IF(P5="","",IFERROR(INDEX('Raw lists'!$C$2:$C$616,MATCH(P5,'Raw lists'!$C$2:$C$616,0))&" | ","")))=0,"",LEFT(IF(K5="","",IFERROR(INDEX('Raw lists'!$C$2:$C$616,MATCH(K5,'Raw lists'!$C$2:$C$616,0))&" | ",""))&IF(L5="","",IFERROR(INDEX('Raw lists'!$C$2:$C$616,MATCH(L5,'Raw lists'!$C$2:$C$616,0))&" | ",""))&IF(M5="","",IFERROR(INDEX('Raw lists'!$C$2:$C$616,MATCH(M5,'Raw lists'!$C$2:$C$616,0))&" | ",""))&IF(N5="","",IFERROR(INDEX('Raw lists'!$C$2:$C$616,MATCH(N5,'Raw lists'!$C$2:$C$616,0))&" | ",""))&IF(O5="","",IFERROR(INDEX('Raw lists'!$C$2:$C$616,MATCH(O5,'Raw lists'!$C$2:$C$616,0))&" | ",""))&IF(P5="","",IFERROR(INDEX('Raw lists'!$C$2:$C$616,MATCH(P5,'Raw lists'!$C$2:$C$616,0))&" | ","")),LEN(IF(K5="","",IFERROR(INDEX('Raw lists'!$C$2:$C$616,MATCH(K5,'Raw lists'!$C$2:$C$616,0))&" | ",""))&IF(L5="","",IFERROR(INDEX('Raw lists'!$C$2:$C$616,MATCH(L5,'Raw lists'!$C$2:$C$616,0))&" | ",""))&IF(M5="","",IFERROR(INDEX('Raw lists'!$C$2:$C$616,MATCH(M5,'Raw lists'!$C$2:$C$616,0))&" | ",""))&IF(N5="","",IFERROR(INDEX('Raw lists'!$C$2:$C$616,MATCH(N5,'Raw lists'!$C$2:$C$616,0))&" | ",""))&IF(O5="","",IFERROR(INDEX('Raw lists'!$C$2:$C$616,MATCH(O5,'Raw lists'!$C$2:$C$616,0))&" | ",""))&IF(P5="","",IFERROR(INDEX('Raw lists'!$C$2:$C$616,MATCH(P5,'Raw lists'!$C$2:$C$616,0))&" | ","")))-3)) -> Polarized Light | Plane Polarized Light | Plane Polarized | F5: Core | G5: Light vibrating along only one plane perpendicular to its direction of travel; also called linearly polarized. | H5: =COUNTIF(C5:E5,"?*") -> 3 | I5: =IF(H5=0,"None",IF(H5=3,"All three",IF(H5=1,"Only "&TRIM(IF(C5<>"","Gemini ","")&IF(D5<>"","RAKE ","")&IF(E5<>"","YAKE","")),SUBSTITUTE(TRIM(IF(C5<>"","Gemini ","")&IF(D5<>"","RAKE ","")&IF(E5<>"","YAKE",""))," "," + ")))) -> All three | K5: Polarized Light | L5: Plane Polarized Light | M5: Plane Polarized | N5: Plane-polarized Wave | O5: Plane Polarized Wave | P5: Linearly Polarized | R5: Extracted by tools, not in Claude's list
A6: 5 | B6: Unpolarized light | C6: =IF(LEN(IF(K6="","",IFERROR(INDEX('Raw lists'!$A$2:$A$192,MATCH(K6,'Raw lists'!$A$2:$A$192,0))&" | ",""))&IF(L6="","",IFERROR(INDEX('Raw lists'!$A$2:$A$192,MATCH(L6,'Raw lists'!$A$2:$A$192,0))&" | ",""))&IF(M6="","",IFERROR(INDEX('Raw lists'!$A$2:$A$192,MATCH(M6,'Raw lists'!$A$2:$A$192,0))&" | ",""))&IF(N6="","",IFERROR(INDEX('Raw lists'!$A$2:$A$192,MATCH(N6,'Raw lists'!$A$2:$A$192,0))&" | ",""))&IF(O6="","",IFERROR(INDEX('Raw lists'!$A$2:$A$192,MATCH(O6,'Raw lists'!$A$2:$A$192,0))&" | ",""))&IF(P6="","",IFERROR(INDEX('Raw lists'!$A$2:$A$192,MATCH(P6,'Raw lists'!$A$2:$A$192,0))&" | ","")))=0,"",LEFT(IF(K6="","",IFERROR(INDEX('Raw lists'!$A$2:$A$192,MATCH(K6,'Raw lists'!$A$2:$A$192,0))&" | ",""))&IF(L6="","",IFERROR(INDEX('Raw lists'!$A$2:$A$192,MATCH(L6,'Raw lists'!$A$2:$A$192,0))&" | ",""))&IF(M6="","",IFERROR(INDEX('Raw lists'!$A$2:$A$192,MATCH(M6,'Raw lists'!$A$2:$A$192,0))&" | ",""))&IF(N6="","",IFERROR(INDEX('Raw lists'!$A$2:$A$192,MATCH(N6,'Raw lists'!$A$2:$A$192,0))&" | ",""))&IF(O6="","",IFERROR(INDEX('Raw lists'!$A$2:$A$192,MATCH(O6,'Raw lists'!$A$2:$A$192,0))&" | ",""))&IF(P6="","",IFERROR(INDEX('Raw lists'!$A$2:$A$192,MATCH(P6,'Raw lists'!$A$2:$A$192,0))&" | ","")),LEN(IF(K6="","",IFERROR(INDEX('Raw lists'!$A$2:$A$192,MATCH(K6,'Raw lists'!$A$2:$A$192,0))&" | ",""))&IF(L6="","",IFERROR(INDEX('Raw lists'!$A$2:$A$192,MATCH(L6,'Raw lists'!$A$2:$A$192,0))&" | ",""))&IF(M6="","",IFERROR(INDEX('Raw lists'!$A$2:$A$192,MATCH(M6,'Raw lists'!$A$2:$A$192,0))&" | ",""))&IF(N6="","",IFERROR(INDEX('Raw lists'!$A$2:$A$192,MATCH(N6,'Raw lists'!$A$2:$A$192,0))&" | ",""))&IF(O6="","",IFERROR(INDEX('Raw lists'!$A$2:$A$192,MATCH(O6,'Raw lists'!$A$2:$A$192,0))&" | ",""))&IF(P6="","",IFERROR(INDEX('Raw lists'!$A$2:$A$192,MATCH(P6,'Raw lists'!$A$2:$A$192,0))&" | ","")))-3)) -> Unpolarized Light | D6: =IF(LEN(IF(K6="","",IFERROR(INDEX('Raw lists'!$B$2:$B$627,MATCH(K6,'Raw lists'!$B$2:$B$627,0))&" | ",""))&IF(L6="","",IFERROR(INDEX('Raw lists'!$B$2:$B$627,MATCH(L6,'Raw lists'!$B$2:$B$627,0))&" | ",""))&IF(M6="","",IFERROR(INDEX('Raw lists'!$B$2:$B$627,MATCH(M6,'Raw lists'!$B$2:$B$627,0))&" | ",""))&IF(N6="","",IFERROR(INDEX('Raw lists'!$B$2:$B$627,MATCH(N6,'Raw lists'!$B$2:$B$627,0))&" | ",""))&IF(O6="","",IFERROR(INDEX('Raw lists'!$B$2:$B$627,MATCH(O6,'Raw lists'!$B$2:$B$627,0))&" | ",""))&IF(P6="","",IFERROR(INDEX('Raw lists'!$B$2:$B$627,MATCH(P6,'Raw lists'!$B$2:$B$627,0))&" | ","")))=0,"",LEFT(IF(K6="","",IFERROR(INDEX('Raw lists'!$B$2:$B$627,MATCH(K6,'Raw lists'!$B$2:$B$627,0))&" | ",""))&IF(L6="","",IFERROR(INDEX('Raw lists'!$B$2:$B$627,MATCH(L6,'Raw lists'!$B$2:$B$627,0))&" | ",""))&IF(M6="","",IFERROR(INDEX('Raw lists'!$B$2:$B$627,MATCH(M6,'Raw lists'!$B$2:$B$627,0))&" | ",""))&IF(N6="","",IFERROR(INDEX('Raw lists'!$B$2:$B$627,MATCH(N6,'Raw lists'!$B$2:$B$627,0))&" | ",""))&IF(O6="","",IFERROR(INDEX('Raw lists'!$B$2:$B$627,MATCH(O6,'Raw lists'!$B$2:$B$627,0))&" | ",""))&IF(P6="","",IFERROR(INDEX('Raw lists'!$B$2:$B$627,MATCH(P6,'Raw lists'!$B$2:$B$627,0))&" | ","")),LEN(IF(K6="","",IFERROR(INDEX('Raw lists'!$B$2:$B$627,MATCH(K6,'Raw lists'!$B$2:$B$627,0))&" | ",""))&IF(L6="","",IFERROR(INDEX('Raw lists'!$B$2:$B$627,MATCH(L6,'Raw lists'!$B$2:$B$627,0))&" | ",""))&IF(M6="","",IFERROR(INDEX('Raw lists'!$B$2:$B$627,MATCH(M6,'Raw lists'!$B$2:$B$627,0))&" | ",""))&IF(N6="","",IFERROR(INDEX('Raw lists'!$B$2:$B$627,MATCH(N6,'Raw lists'!$B$2:$B$627,0))&" | ",""))&IF(O6="","",IFERROR(INDEX('Raw lists'!$B$2:$B$627,MATCH(O6,'Raw lists'!$B$2:$B$627,0))&" | ",""))&IF(P6="","",IFERROR(INDEX('Raw lists'!$B$2:$B$627,MATCH(P6,'Raw lists'!$B$2:$B$627,0))&" | ","")))-3)) -> Unpolarized Light | E6: =IF(LEN(IF(K6="","",IFERROR(INDEX('Raw lists'!$C$2:$C$616,MATCH(K6,'Raw lists'!$C$2:$C$616,0))&" | ",""))&IF(L6="","",IFERROR(INDEX('Raw lists'!$C$2:$C$616,MATCH(L6,'Raw lists'!$C$2:$C$616,0))&" | ",""))&IF(M6="","",IFERROR(INDEX('Raw lists'!$C$2:$C$616,MATCH(M6,'Raw lists'!$C$2:$C$616,0))&" | ",""))&IF(N6="","",IFERROR(INDEX('Raw lists'!$C$2:$C$616,MATCH(N6,'Raw lists'!$C$2:$C$616,0))&" | ",""))&IF(O6="","",IFERROR(INDEX('Raw lists'!$C$2:$C$616,MATCH(O6,'Raw lists'!$C$2:$C$616,0))&" | ",""))&IF(P6="","",IFERROR(INDEX('Raw lists'!$C$2:$C$616,MATCH(P6,'Raw lists'!$C$2:$C$616,0))&" | ","")))=0,"",LEFT(IF(K6="","",IFERROR(INDEX('Raw lists'!$C$2:$C$616,MATCH(K6,'Raw lists'!$C$2:$C$616,0))&" | ",""))&IF(L6="","",IFERROR(INDEX('Raw lists'!$C$2:$C$616,MATCH(L6,'Raw lists'!$C$2:$C$616,0))&" | ",""))&IF(M6="","",IFERROR(INDEX('Raw lists'!$C$2:$C$616,MATCH(M6,'Raw lists'!$C$2:$C$616,0))&" | ",""))&IF(N6="","",IFERROR(INDEX('Raw lists'!$C$2:$C$616,MATCH(N6,'Raw lists'!$C$2:$C$616,0))&" | ",""))&IF(O6="","",IFERROR(INDEX('Raw lists'!$C$2:$C$616,MATCH(O6,'Raw lists'!$C$2:$C$616,0))&" | ",""))&IF(P6="","",IFERROR(INDEX('Raw lists'!$C$2:$C$616,MATCH(P6,'Raw lists'!$C$2:$C$616,0))&" | ","")),LEN(IF(K6="","",IFERROR(INDEX('Raw lists'!$C$2:$C$616,MATCH(K6,'Raw lists'!$C$2:$C$616,0))&" | ",""))&IF(L6="","",IFERROR(INDEX('Raw lists'!$C$2:$C$616,MATCH(L6,'Raw lists'!$C$2:$C$616,0))&" | ",""))&IF(M6="","",IFERROR(INDEX('Raw lists'!$C$2:$C$616,MATCH(M6,'Raw lists'!$C$2:$C$616,0))&" | ",""))&IF(N6="","",IFERROR(INDEX('Raw lists'!$C$2:$C$616,MATCH(N6,'Raw lists'!$C$2:$C$616,0))&" | ",""))&IF(O6="","",IFERROR(INDEX('Raw lists'!$C$2:$C$616,MATCH(O6,'Raw lists'!$C$2:$C$616,0))&" | ",""))&IF(P6="","",IFERROR(INDEX('Raw lists'!$C$2:$C$616,MATCH(P6,'Raw lists'!$C$2:$C$616,0))&" | ","")))-3)) -> Un-polarized Light | Un-polarized | F6: Core | G6: Light vibrating along all possible directions perpendicular to its direction of propagation. | H6: =COUNTIF(C6:E6,"?*") -> 3 | I6: =IF(H6=0,"None",IF(H6=3,"All three",IF(H6=1,"Only "&TRIM(IF(C6<>"","Gemini ","")&IF(D6<>"","RAKE ","")&IF(E6<>"","YAKE","")),SUBSTITUTE(TRIM(IF(C6<>"","Gemini ","")&IF(D6<>"","RAKE ","")&IF(E6<>"","YAKE",""))," "," + ")))) -> All three | K6: Unpolarized Light | L6: Un-polarized Light | M6: Un-polarized | R6: Dark green cells show the phrase each tool extracted for that concept. If a tool matched more than one phrase they are separated by " | ". | T6: Tool | U6: Items returned | V6: Precision | W6: Recall | X6: F1 | Y6: Core-only recall
A7: 6 | B7: Electromagnetic theory of light | C7: =IF(LEN(IF(K7="","",IFERROR(INDEX('Raw lists'!$A$2:$A$192,MATCH(K7,'Raw lists'!$A$2:$A$192,0))&" | ",""))&IF(L7="","",IFERROR(INDEX('Raw lists'!$A$2:$A$192,MATCH(L7,'Raw lists'!$A$2:$A$192,0))&" | ",""))&IF(M7="","",IFERROR(INDEX('Raw lists'!$A$2:$A$192,MATCH(M7,'Raw lists'!$A$2:$A$192,0))&" | ",""))&IF(N7="","",IFERROR(INDEX('Raw lists'!$A$2:$A$192,MATCH(N7,'Raw lists'!$A$2:$A$192,0))&" | ",""))&IF(O7="","",IFERROR(INDEX('Raw lists'!$A$2:$A$192,MATCH(O7,'Raw lists'!$A$2:$A$192,0))&" | ",""))&IF(P7="","",IFERROR(INDEX('Raw lists'!$A$2:$A$192,MATCH(P7,'Raw lists'!$A$2:$A$192,0))&" | ","")))=0,"",LEFT(IF(K7="","",IFERROR(INDEX('Raw lists'!$A$2:$A$192,MATCH(K7,'Raw lists'!$A$2:$A$192,0))&" | ",""))&IF(L7="","",IFERROR(INDEX('Raw lists'!$A$2:$A$192,MATCH(L7,'Raw lists'!$A$2:$A$192,0))&" | ",""))&IF(M7="","",IFERROR(INDEX('Raw lists'!$A$2:$A$192,MATCH(M7,'Raw lists'!$A$2:$A$192,0))&" | ",""))&IF(N7="","",IFERROR(INDEX('Raw lists'!$A$2:$A$192,MATCH(N7,'Raw lists'!$A$2:$A$192,0))&" | ",""))&IF(O7="","",IFERROR(INDEX('Raw lists'!$A$2:$A$192,MATCH(O7,'Raw lists'!$A$2:$A$192,0))&" | ",""))&IF(P7="","",IFERROR(INDEX('Raw lists'!$A$2:$A$192,MATCH(P7,'Raw lists'!$A$2:$A$192,0))&" | ","")),LEN(IF(K7="","",IFERROR(INDEX('Raw lists'!$A$2:$A$192,MATCH(K7,'Raw lists'!$A$2:$A$192,0))&" | ",""))&IF(L7="","",IFERROR(INDEX('Raw lists'!$A$2:$A$192,MATCH(L7,'Raw lists'!$A$2:$A$192,0))&" | ",""))&IF(M7="","",IFERROR(INDEX('Raw lists'!$A$2:$A$192,MATCH(M7,'Raw lists'!$A$2:$A$192,0))&" | ",""))&IF(N7="","",IFERROR(INDEX('Raw lists'!$A$2:$A$192,MATCH(N7,'Raw lists'!$A$2:$A$192,0))&" | ",""))&IF(O7="","",IFERROR(INDEX('Raw lists'!$A$2:$A$192,MATCH(O7,'Raw lists'!$A$2:$A$192,0))&" | ",""))&IF(P7="","",IFERROR(INDEX('Raw lists'!$A$2:$A$192,MATCH(P7,'Raw lists'!$A$2:$A$192,0))&" | ","")))-3)) | D7: =IF(LEN(IF(K7="","",IFERROR(INDEX('Raw lists'!$B$2:$B$627,MATCH(K7,'Raw lists'!$B$2:$B$627,0))&" | ",""))&IF(L7="","",IFERROR(INDEX('Raw lists'!$B$2:$B$627,MATCH(L7,'Raw lists'!$B$2:$B$627,0))&" | ",""))&IF(M7="","",IFERROR(INDEX('Raw lists'!$B$2:$B$627,MATCH(M7,'Raw lists'!$B$2:$B$627,0))&" | ",""))&IF(N7="","",IFERROR(INDEX('Raw lists'!$B$2:$B$627,MATCH(N7,'Raw lists'!$B$2:$B$627,0))&" | ",""))&IF(O7="","",IFERROR(INDEX('Raw lists'!$B$2:$B$627,MATCH(O7,'Raw lists'!$B$2:$B$627,0))&" | ",""))&IF(P7="","",IFERROR(INDEX('Raw lists'!$B$2:$B$627,MATCH(P7,'Raw lists'!$B$2:$B$627,0))&" | ","")))=0,"",LEFT(IF(K7="","",IFERROR(INDEX('Raw lists'!$B$2:$B$627,MATCH(K7,'Raw lists'!$B$2:$B$627,0))&" | ",""))&IF(L7="","",IFERROR(INDEX('Raw lists'!$B$2:$B$627,MATCH(L7,'Raw lists'!$B$2:$B$627,0))&" | ",""))&IF(M7="","",IFERROR(INDEX('Raw lists'!$B$2:$B$627,MATCH(M7,'Raw lists'!$B$2:$B$627,0))&" | ",""))&IF(N7="","",IFERROR(INDEX('Raw lists'!$B$2:$B$627,MATCH(N7,'Raw lists'!$B$2:$B$627,0))&" | ",""))&IF(O7="","",IFERROR(INDEX('Raw lists'!$B$2:$B$627,MATCH(O7,'Raw lists'!$B$2:$B$627,0))&" | ",""))&IF(P7="","",IFERROR(INDEX('Raw lists'!$B$2:$B$627,MATCH(P7,'Raw lists'!$B$2:$B$627,0))&" | ","")),LEN(IF(K7="","",IFERROR(INDEX('Raw lists'!$B$2:$B$627,MATCH(K7,'Raw lists'!$B$2:$B$627,0))&" | ",""))&IF(L7="","",IFERROR(INDEX('Raw lists'!$B$2:$B$627,MATCH(L7,'Raw lists'!$B$2:$B$627,0))&" | ",""))&IF(M7="","",IFERROR(INDEX('Raw lists'!$B$2:$B$627,MATCH(M7,'Raw lists'!$B$2:$B$627,0))&" | ",""))&IF(N7="","",IFERROR(INDEX('Raw lists'!$B$2:$B$627,MATCH(N7,'Raw lists'!$B$2:$B$627,0))&" | ",""))&IF(O7="","",IFERROR(INDEX('Raw lists'!$B$2:$B$627,MATCH(O7,'Raw lists'!$B$2:$B$627,0))&" | ",""))&IF(P7="","",IFERROR(INDEX('Raw lists'!$B$2:$B$627,MATCH(P7,'Raw lists'!$B$2:$B$627,0))&" | ","")))-3)) -> Electromagnetic Theory | E7: =IF(LEN(IF(K7="","",IFERROR(INDEX('Raw lists'!$C$2:$C$616,MATCH(K7,'Raw lists'!$C$2:$C$616,0))&" | ",""))&IF(L7="","",IFERROR(INDEX('Raw lists'!$C$2:$C$616,MATCH(L7,'Raw lists'!$C$2:$C$616,0))&" | ",""))&IF(M7="","",IFERROR(INDEX('Raw lists'!$C$2:$C$616,MATCH(M7,'Raw lists'!$C$2:$C$616,0))&" | ",""))&IF(N7="","",IFERROR(INDEX('Raw lists'!$C$2:$C$616,MATCH(N7,'Raw lists'!$C$2:$C$616,0))&" | ",""))&IF(O7="","",IFERROR(INDEX('Raw lists'!$C$2:$C$616,MATCH(O7,'Raw lists'!$C$2:$C$616,0))&" | ",""))&IF(P7="","",IFERROR(INDEX('Raw lists'!$C$2:$C$616,MATCH(P7,'Raw lists'!$C$2:$C$616,0))&" | ","")))=0,"",LEFT(IF(K7="","",IFERROR(INDEX('Raw lists'!$C$2:$C$616,MATCH(K7,'Raw lists'!$C$2:$C$616,0))&" | ",""))&IF(L7="","",IFERROR(INDEX('Raw lists'!$C$2:$C$616,MATCH(L7,'Raw lists'!$C$2:$C$616,0))&" | ",""))&IF(M7="","",IFERROR(INDEX('Raw lists'!$C$2:$C$616,MATCH(M7,'Raw lists'!$C$2:$C$616,0))&" | ",""))&IF(N7="","",IFERROR(INDEX('Raw lists'!$C$2:$C$616,MATCH(N7,'Raw lists'!$C$2:$C$616,0))&" | ",""))&IF(O7="","",IFERROR(INDEX('Raw lists'!$C$2:$C$616,MATCH(O7,'Raw lists'!$C$2:$C$616,0))&" | ",""))&IF(P7="","",IFERROR(INDEX('Raw lists'!$C$2:$C$616,MATCH(P7,'Raw lists'!$C$2:$C$616,0))&" | ","")),LEN(IF(K7="","",IFERROR(INDEX('Raw lists'!$C$2:$C$616,MATCH(K7,'Raw lists'!$C$2:$C$616,0))&" | ",""))&IF(L7="","",IFERROR(INDEX('Raw lists'!$C$2:$C$616,MATCH(L7,'Raw lists'!$C$2:$C$616,0))&" | ",""))&IF(M7="","",IFERROR(INDEX('Raw lists'!$C$2:$C$616,MATCH(M7,'Raw lists'!$C$2:$C$616,0))&" | ",""))&IF(N7="","",IFERROR(INDEX('Raw lists'!$C$2:$C$616,MATCH(N7,'Raw lists'!$C$2:$C$616,0))&" | ",""))&IF(O7="","",IFERROR(INDEX('Raw lists'!$C$2:$C$616,MATCH(O7,'Raw lists'!$C$2:$C$616,0))&" | ",""))&IF(P7="","",IFERROR(INDEX('Raw lists'!$C$2:$C$616,MATCH(P7,'Raw lists'!$C$2:$C$616,0))&" | ","")))-3)) | F7: Core | G7: Light as electric and magnetic vectors vibrating in a plane transverse to the direction of propagation. | H7: =COUNTIF(C7:E7,"?*") -> 1 | I7: =IF(H7=0,"None",IF(H7=3,"All three",IF(H7=1,"Only "&TRIM(IF(C7<>"","Gemini ","")&IF(D7<>"","RAKE ","")&IF(E7<>"","YAKE","")),SUBSTITUTE(TRIM(IF(C7<>"","Gemini ","")&IF(D7<>"","RAKE ","")&IF(E7<>"","YAKE",""))," "," + ")))) -> Only RAKE | K7: Electromagnetic Theory | T7: Gemini | U7: 191 | V7: 0.42 | W7: 0.41 | X7: 0.42 | Y7: 0.39
A8: 7 | B8: Electric and magnetic vectors | C8: =IF(LEN(IF(K8="","",IFERROR(INDEX('Raw lists'!$A$2:$A$192,MATCH(K8,'Raw lists'!$A$2:$A$192,0))&" | ",""))&IF(L8="","",IFERROR(INDEX('Raw lists'!$A$2:$A$192,MATCH(L8,'Raw lists'!$A$2:$A$192,0))&" | ",""))&IF(M8="","",IFERROR(INDEX('Raw lists'!$A$2:$A$192,MATCH(M8,'Raw lists'!$A$2:$A$192,0))&" | ",""))&IF(N8="","",IFERROR(INDEX('Raw lists'!$A$2:$A$192,MATCH(N8,'Raw lists'!$A$2:$A$192,0))&" | ",""))&IF(O8="","",IFERROR(INDEX('Raw lists'!$A$2:$A$192,MATCH(O8,'Raw lists'!$A$2:$A$192,0))&" | ",""))&IF(P8="","",IFERROR(INDEX('Raw lists'!$A$2:$A$192,MATCH(P8,'Raw lists'!$A$2:$A$192,0))&" | ","")))=0,"",LEFT(IF(K8="","",IFERROR(INDEX('Raw lists'!$A$2:$A$192,MATCH(K8,'Raw lists'!$A$2:$A$192,0))&" | ",""))&IF(L8="","",IFERROR(INDEX('Raw lists'!$A$2:$A$192,MATCH(L8,'Raw lists'!$A$2:$A$192,0))&" | ",""))&IF(M8="","",IFERROR(INDEX('Raw lists'!$A$2:$A$192,MATCH(M8,'Raw lists'!$A$2:$A$192,0))&" | ",""))&IF(N8="","",IFERROR(INDEX('Raw lists'!$A$2:$A$192,MATCH(N8,'Raw lists'!$A$2:$A$192,0))&" | ",""))&IF(O8="","",IFERROR(INDEX('Raw lists'!$A$2:$A$192,MATCH(O8,'Raw lists'!$A$2:$A$192,0))&" | ",""))&IF(P8="","",IFERROR(INDEX('Raw lists'!$A$2:$A$192,MATCH(P8,'Raw lists'!$A$2:$A$192,0))&" | ","")),LEN(IF(K8="","",IFERROR(INDEX('Raw lists'!$A$2:$A$192,MATCH(K8,'Raw lists'!$A$2:$A$192,0))&" | ",""))&IF(L8="","",IFERROR(INDEX('Raw lists'!$A$2:$A$192,MATCH(L8,'Raw lists'!$A$2:$A$192,0))&" | ",""))&IF(M8="","",IFERROR(INDEX('Raw lists'!$A$2:$A$192,MATCH(M8,'Raw lists'!$A$2:$A$192,0))&" | ",""))&IF(N8="","",IFERROR(INDEX('Raw lists'!$A$2:$A$192,MATCH(N8,'Raw lists'!$A$2:$A$192,0))&" | ",""))&IF(O8="","",IFERROR(INDEX('Raw lists'!$A$2:$A$192,MATCH(O8,'Raw lists'!$A$2:$A$192,0))&" | ",""))&IF(P8="","",IFERROR(INDEX('Raw lists'!$A$2:$A$192,MATCH(P8,'Raw lists'!$A$2:$A$192,0))&" | ","")))-3)) | D8: =IF(LEN(IF(K8="","",IFERROR(INDEX('Raw lists'!$B$2:$B$627,MATCH(K8,'Raw lists'!$B$2:$B$627,0))&" | ",""))&IF(L8="","",IFERROR(INDEX('Raw lists'!$B$2:$B$627,MATCH(L8,'Raw lists'!$B$2:$B$627,0))&" | ",""))&IF(M8="","",IFERROR(INDEX('Raw lists'!$B$2:$B$627,MATCH(M8,'Raw lists'!$B$2:$B$627,0))&" | ",""))&IF(N8="","",IFERROR(INDEX('Raw lists'!$B$2:$B$627,MATCH(N8,'Raw lists'!$B$2:$B$627,0))&" | ",""))&IF(O8="","",IFERROR(INDEX('Raw lists'!$B$2:$B$627,MATCH(O8,'Raw lists'!$B$2:$B$627,0))&" | ",""))&IF(P8="","",IFERROR(INDEX('Raw lists'!$B$2:$B$627,MATCH(P8,'Raw lists'!$B$2:$B$627,0))&" | ","")))=0,"",LEFT(IF(K8="","",IFERROR(INDEX('Raw lists'!$B$2:$B$627,MATCH(K8,'Raw lists'!$B$2:$B$627,0))&" | ",""))&IF(L8="","",IFERROR(INDEX('Raw lists'!$B$2:$B$627,MATCH(L8,'Raw lists'!$B$2:$B$627,0))&" | ",""))&IF(M8="","",IFERROR(INDEX('Raw lists'!$B$2:$B$627,MATCH(M8,'Raw lists'!$B$2:$B$627,0))&" | ",""))&IF(N8="","",IFERROR(INDEX('Raw lists'!$B$2:$B$627,MATCH(N8,'Raw lists'!$B$2:$B$627,0))&" | ",""))&IF(O8="","",IFERROR(INDEX('Raw lists'!$B$2:$B$627,MATCH(O8,'Raw lists'!$B$2:$B$627,0))&" | ",""))&IF(P8="","",IFERROR(INDEX('Raw lists'!$B$2:$B$627,MATCH(P8,'Raw lists'!$B$2:$B$627,0))&" | ","")),LEN(IF(K8="","",IFERROR(INDEX('Raw lists'!$B$2:$B$627,MATCH(K8,'Raw lists'!$B$2:$B$627,0))&" | ",""))&IF(L8="","",IFERROR(INDEX('Raw lists'!$B$2:$B$627,MATCH(L8,'Raw lists'!$B$2:$B$627,0))&" | ",""))&IF(M8="","",IFERROR(INDEX('Raw lists'!$B$2:$B$627,MATCH(M8,'Raw lists'!$B$2:$B$627,0))&" | ",""))&IF(N8="","",IFERROR(INDEX('Raw lists'!$B$2:$B$627,MATCH(N8,'Raw lists'!$B$2:$B$627,0))&" | ",""))&IF(O8="","",IFERROR(INDEX('Raw lists'!$B$2:$B$627,MATCH(O8,'Raw lists'!$B$2:$B$627,0))&" | ",""))&IF(P8="","",IFERROR(INDEX('Raw lists'!$B$2:$B$627,MATCH(P8,'Raw lists'!$B$2:$B$627,0))&" | ","")))-3)) -> Electric Vector | Magnetic Vector | Magnetic Field Vectors | E8: =IF(LEN(IF(K8="","",IFERROR(INDEX('Raw lists'!$C$2:$C$616,MATCH(K8,'Raw lists'!$C$2:$C$616,0))&" | ",""))&IF(L8="","",IFERROR(INDEX('Raw lists'!$C$2:$C$616,MATCH(L8,'Raw lists'!$C$2:$C$616,0))&" | ",""))&IF(M8="","",IFERROR(INDEX('Raw lists'!$C$2:$C$616,MATCH(M8,'Raw lists'!$C$2:$C$616,0))&" | ",""))&IF(N8="","",IFERROR(INDEX('Raw lists'!$C$2:$C$616,MATCH(N8,'Raw lists'!$C$2:$C$616,0))&" | ",""))&IF(O8="","",IFERROR(INDEX('Raw lists'!$C$2:$C$616,MATCH(O8,'Raw lists'!$C$2:$C$616,0))&" | ",""))&IF(P8="","",IFERROR(INDEX('Raw lists'!$C$2:$C$616,MATCH(P8,'Raw lists'!$C$2:$C$616,0))&" | ","")))=0,"",LEFT(IF(K8="","",IFERROR(INDEX('Raw lists'!$C$2:$C$616,MATCH(K8,'Raw lists'!$C$2:$C$616,0))&" | ",""))&IF(L8="","",IFERROR(INDEX('Raw lists'!$C$2:$C$616,MATCH(L8,'Raw lists'!$C$2:$C$616,0))&" | ",""))&IF(M8="","",IFERROR(INDEX('Raw lists'!$C$2:$C$616,MATCH(M8,'Raw lists'!$C$2:$C$616,0))&" | ",""))&IF(N8="","",IFERROR(INDEX('Raw lists'!$C$2:$C$616,MATCH(N8,'Raw lists'!$C$2:$C$616,0))&" | ",""))&IF(O8="","",IFERROR(INDEX('Raw lists'!$C$2:$C$616,MATCH(O8,'Raw lists'!$C$2:$C$616,0))&" | ",""))&IF(P8="","",IFERROR(INDEX('Raw lists'!$C$2:$C$616,MATCH(P8,'Raw lists'!$C$2:$C$616,0))&" | ","")),LEN(IF(K8="","",IFERROR(INDEX('Raw lists'!$C$2:$C$616,MATCH(K8,'Raw lists'!$C$2:$C$616,0))&" | ",""))&IF(L8="","",IFERROR(INDEX('Raw lists'!$C$2:$C$616,MATCH(L8,'Raw lists'!$C$2:$C$616,0))&" | ",""))&IF(M8="","",IFERROR(INDEX('Raw lists'!$C$2:$C$616,MATCH(M8,'Raw lists'!$C$2:$C$616,0))&" | ",""))&IF(N8="","",IFERROR(INDEX('Raw lists'!$C$2:$C$616,MATCH(N8,'Raw lists'!$C$2:$C$616,0))&" | ",""))&IF(O8="","",IFERROR(INDEX('Raw lists'!$C$2:$C$616,MATCH(O8,'Raw lists'!$C$2:$C$616,0))&" | ",""))&IF(P8="","",IFERROR(INDEX('Raw lists'!$C$2:$C$616,MATCH(P8,'Raw lists'!$C$2:$C$616,0))&" | ","")))-3)) | F8: Core | G8: The vibrating vectors of light; only the electric vector is drawn when explaining polarization. | H8: =COUNTIF(C8:E8,"?*") -> 1 | I8: =IF(H8=0,"None",IF(H8=3,"All three",IF(H8=1,"Only "&TRIM(IF(C8<>"","Gemini ","")&IF(D8<>"","RAKE ","")&IF(E8<>"","YAKE","")),SUBSTITUTE(TRIM(IF(C8<>"","Gemini ","")&IF(D8<>"","RAKE ","")&IF(E8<>"","YAKE",""))," "," + ")))) -> Only RAKE | K8: Electric Vector | L8: Magnetic Vector | M8: Magnetic Field Vectors | R8: Rows 2 to 139 are Claude's concepts. The grey rows below them list every other item from the three text files. Columns K to P (grey headers) hold the tool phrases that count as a match; edit them and the green cells update. | T8: YAKE | U8: 615 | V8: 0.27 | W8: 0.71 | X8: 0.39 | Y8: 0.74
A9: 8 | B9: Tourmaline crystal | C9: =IF(LEN(IF(K9="","",IFERROR(INDEX('Raw lists'!$A$2:$A$192,MATCH(K9,'Raw lists'!$A$2:$A$192,0))&" | ",""))&IF(L9="","",IFERROR(INDEX('Raw lists'!$A$2:$A$192,MATCH(L9,'Raw lists'!$A$2:$A$192,0))&" | ",""))&IF(M9="","",IFERROR(INDEX('Raw lists'!$A$2:$A$192,MATCH(M9,'Raw lists'!$A$2:$A$192,0))&" | ",""))&IF(N9="","",IFERROR(INDEX('Raw lists'!$A$2:$A$192,MATCH(N9,'Raw lists'!$A$2:$A$192,0))&" | ",""))&IF(O9="","",IFERROR(INDEX('Raw lists'!$A$2:$A$192,MATCH(O9,'Raw lists'!$A$2:$A$192,0))&" | ",""))&IF(P9="","",IFERROR(INDEX('Raw lists'!$A$2:$A$192,MATCH(P9,'Raw lists'!$A$2:$A$192,0))&" | ","")))=0,"",LEFT(IF(K9="","",IFERROR(INDEX('Raw lists'!$A$2:$A$192,MATCH(K9,'Raw lists'!$A$2:$A$192,0))&" | ",""))&IF(L9="","",IFERROR(INDEX('Raw lists'!$A$2:$A$192,MATCH(L9,'Raw lists'!$A$2:$A$192,0))&" | ",""))&IF(M9="","",IFERROR(INDEX('Raw lists'!$A$2:$A$192,MATCH(M9,'Raw lists'!$A$2:$A$192,0))&" | ",""))&IF(N9="","",IFERROR(INDEX('Raw lists'!$A$2:$A$192,MATCH(N9,'Raw lists'!$A$2:$A$192,0))&" | ",""))&IF(O9="","",IFERROR(INDEX('Raw lists'!$A$2:$A$192,MATCH(O9,'Raw lists'!$A$2:$A$192,0))&" | ",""))&IF(P9="","",IFERROR(INDEX('Raw lists'!$A$2:$A$192,MATCH(P9,'Raw lists'!$A$2:$A$192,0))&" | ","")),LEN(IF(K9="","",IFERROR(INDEX('Raw lists'!$A$2:$A$192,MATCH(K9,'Raw lists'!$A$2:$A$192,0))&" | ",""))&IF(L9="","",IFERROR(INDEX('Raw lists'!$A$2:$A$192,MATCH(L9,'Raw lists'!$A$2:$A$192,0))&" | ",""))&IF(M9="","",IFERROR(INDEX('Raw lists'!$A$2:$A$192,MATCH(M9,'Raw lists'!$A$2:$A$192,0))&" | ",""))&IF(N9="","",IFERROR(INDEX('Raw lists'!$A$2:$A$192,MATCH(N9,'Raw lists'!$A$2:$A$192,0))&" | ",""))&IF(O9="","",IFERROR(INDEX('Raw lists'!$A$2:$A$192,MATCH(O9,'Raw lists'!$A$2:$A$192,0))&" | ",""))&IF(P9="","",IFERROR(INDEX('Raw lists'!$A$2:$A$192,MATCH(P9,'Raw lists'!$A$2:$A$192,0))&" | ","")))-3)) | D9: =IF(LEN(IF(K9="","",IFERROR(INDEX('Raw lists'!$B$2:$B$627,MATCH(K9,'Raw lists'!$B$2:$B$627,0))&" | ",""))&IF(L9="","",IFERROR(INDEX('Raw lists'!$B$2:$B$627,MATCH(L9,'Raw lists'!$B$2:$B$627,0))&" | ",""))&IF(M9="","",IFERROR(INDEX('Raw lists'!$B$2:$B$627,MATCH(M9,'Raw lists'!$B$2:$B$627,0))&" | ",""))&IF(N9="","",IFERROR(INDEX('Raw lists'!$B$2:$B$627,MATCH(N9,'Raw lists'!$B$2:$B$627,0))&" | ",""))&IF(O9="","",IFERROR(INDEX('Raw lists'!$B$2:$B$627,MATCH(O9,'Raw lists'!$B$2:$B$627,0))&" | ",""))&IF(P9="","",IFERROR(INDEX('Raw lists'!$B$2:$B$627,MATCH(P9,'Raw lists'!$B$2:$B$627,0))&" | ","")))=0,"",LEFT(IF(K9="","",IFERROR(INDEX('Raw lists'!$B$2:$B$627,MATCH(K9,'Raw lists'!$B$2:$B$627,0))&" | ",""))&IF(L9="","",IFERROR(INDEX('Raw lists'!$B$2:$B$627,MATCH(L9,'Raw lists'!$B$2:$B$627,0))&" | ",""))&IF(M9="","",IFERROR(INDEX('Raw lists'!$B$2:$B$627,MATCH(M9,'Raw lists'!$B$2:$B$627,0))&" | ",""))&IF(N9="","",IFERROR(INDEX('Raw lists'!$B$2:$B$627,MATCH(N9,'Raw lists'!$B$2:$B$627,0))&" | ",""))&IF(O9="","",IFERROR(INDEX('Raw lists'!$B$2:$B$627,MATCH(O9,'Raw lists'!$B$2:$B$627,0))&" | ",""))&IF(P9="","",IFERROR(INDEX('Raw lists'!$B$2:$B$627,MATCH(P9,'Raw lists'!$B$2:$B$627,0))&" | ","")),LEN(IF(K9="","",IFERROR(INDEX('Raw lists'!$B$2:$B$627,MATCH(K9,'Raw lists'!$B$2:$B$627,0))&" | ",""))&IF(L9="","",IFERROR(INDEX('Raw lists'!$B$2:$B$627,MATCH(L9,'Raw lists'!$B$2:$B$627,0))&" | ",""))&IF(M9="","",IFERROR(INDEX('Raw lists'!$B$2:$B$627,MATCH(M9,'Raw lists'!$B$2:$B$627,0))&" | ",""))&IF(N9="","",IFERROR(INDEX('Raw lists'!$B$2:$B$627,MATCH(N9,'Raw lists'!$B$2:$B$627,0))&" | ",""))&IF(O9="","",IFERROR(INDEX('Raw lists'!$B$2:$B$627,MATCH(O9,'Raw lists'!$B$2:$B$627,0))&" | ",""))&IF(P9="","",IFERROR(INDEX('Raw lists'!$B$2:$B$627,MATCH(P9,'Raw lists'!$B$2:$B$627,0))&" | ","")))-3)) -> Tourmaline | Single Tourmaline Crystal | E9: =IF(LEN(IF(K9="","",IFERROR(INDEX('Raw lists'!$C$2:$C$616,MATCH(K9,'Raw lists'!$C$2:$C$616,0))&" | ",""))&IF(L9="","",IFERROR(INDEX('Raw lists'!$C$2:$C$616,MATCH(L9,'Raw lists'!$C$2:$C$616,0))&" | ",""))&IF(M9="","",IFERROR(INDEX('Raw lists'!$C$2:$C$616,MATCH(M9,'Raw lists'!$C$2:$C$616,0))&" | ",""))&IF(N9="","",IFERROR(INDEX('Raw lists'!$C$2:$C$616,MATCH(N9,'Raw lists'!$C$2:$C$616,0))&" | ",""))&IF(O9="","",IFERROR(INDEX('Raw lists'!$C$2:$C$616,MATCH(O9,'Raw lists'!$C$2:$C$616,0))&" | ",""))&IF(P9="","",IFERROR(INDEX('Raw lists'!$C$2:$C$616,MATCH(P9,'Raw lists'!$C$2:$C$616,0))&" | ","")))=0,"",LEFT(IF(K9="","",IFERROR(INDEX('Raw lists'!$C$2:$C$616,MATCH(K9,'Raw lists'!$C$2:$C$616,0))&" | ",""))&IF(L9="","",IFERROR(INDEX('Raw lists'!$C$2:$C$616,MATCH(L9,'Raw lists'!$C$2:$C$616,0))&" | ",""))&IF(M9="","",IFERROR(INDEX('Raw lists'!$C$2:$C$616,MATCH(M9,'Raw lists'!$C$2:$C$616,0))&" | ",""))&IF(N9="","",IFERROR(INDEX('Raw lists'!$C$2:$C$616,MATCH(N9,'Raw lists'!$C$2:$C$616,0))&" | ",""))&IF(O9="","",IFERROR(INDEX('Raw lists'!$C$2:$C$616,MATCH(O9,'Raw lists'!$C$2:$C$616,0))&" | ",""))&IF(P9="","",IFERROR(INDEX('Raw lists'!$C$2:$C$616,MATCH(P9,'Raw lists'!$C$2:$C$616,0))&" | ","")),LEN(IF(K9="","",IFERROR(INDEX('Raw lists'!$C$2:$C$616,MATCH(K9,'Raw lists'!$C$2:$C$616,0))&" | ",""))&IF(L9="","",IFERROR(INDEX('Raw lists'!$C$2:$C$616,MATCH(L9,'Raw lists'!$C$2:$C$616,0))&" | ",""))&IF(M9="","",IFERROR(INDEX('Raw lists'!$C$2:$C$616,MATCH(M9,'Raw lists'!$C$2:$C$616,0))&" | ",""))&IF(N9="","",IFERROR(INDEX('Raw lists'!$C$2:$C$616,MATCH(N9,'Raw lists'!$C$2:$C$616,0))&" | ",""))&IF(O9="","",IFERROR(INDEX('Raw lists'!$C$2:$C$616,MATCH(O9,'Raw lists'!$C$2:$C$616,0))&" | ",""))&IF(P9="","",IFERROR(INDEX('Raw lists'!$C$2:$C$616,MATCH(P9,'Raw lists'!$C$2:$C$616,0))&" | ","")))-3)) | F9: Example | G9: Crystal used to show that rotating it changes the intensity of polarized light but not of unpolarized light. | H9: =COUNTIF(C9:E9,"?*") -> 1 | I9: =IF(H9=0,"None",IF(H9=3,"All three",IF(H9=1,"Only "&TRIM(IF(C9<>"","Gemini ","")&IF(D9<>"","RAKE ","")&IF(E9<>"","YAKE","")),SUBSTITUTE(TRIM(IF(C9<>"","Gemini ","")&IF(D9<>"","RAKE ","")&IF(E9<>"","YAKE",""))," "," + ")))) -> Only RAKE | K9: Tourmaline | L9: Single Tourmaline Crystal | T9: RAKE | U9: 626 | V9: 0.24 | W9: 0.7 | X9: 0.36 | Y9: 0.7
A10: 9 | B10: Principal section | C10: =IF(LEN(IF(K10="","",IFERROR(INDEX('Raw lists'!$A$2:$A$192,MATCH(K10,'Raw lists'!$A$2:$A$192,0))&" | ",""))&IF(L10="","",IFERROR(INDEX('Raw lists'!$A$2:$A$192,MATCH(L10,'Raw lists'!$A$2:$A$192,0))&" | ",""))&IF(M10="","",IFERROR(INDEX('Raw lists'!$A$2:$A$192,MATCH(M10,'Raw lists'!$A$2:$A$192,0))&" | ",""))&IF(N10="","",IFERROR(INDEX('Raw lists'!$A$2:$A$192,MATCH(N10,'Raw lists'!$A$2:$A$192,0))&" | ",""))&IF(O10="","",IFERROR(INDEX('Raw lists'!$A$2:$A$192,MATCH(O10,'Raw lists'!$A$2:$A$192,0))&" | ",""))&IF(P10="","",IFERROR(INDEX('Raw lists'!$A$2:$A$192,MATCH(P10,'Raw lists'!$A$2:$A$192,0))&" | ","")))=0,"",LEFT(IF(K10="","",IFERROR(INDEX('Raw lists'!$A$2:$A$192,MATCH(K10,'Raw lists'!$A$2:$A$192,0))&" | ",""))&IF(L10="","",IFERROR(INDEX('Raw lists'!$A$2:$A$192,MATCH(L10,'Raw lists'!$A$2:$A$192,0))&" | ",""))&IF(M10="","",IFERROR(INDEX('Raw lists'!$A$2:$A$192,MATCH(M10,'Raw lists'!$A$2:$A$192,0))&" | ",""))&IF(N10="","",IFERROR(INDEX('Raw lists'!$A$2:$A$192,MATCH(N10,'Raw lists'!$A$2:$A$192,0))&" | ",""))&IF(O10="","",IFERROR(INDEX('Raw lists'!$A$2:$A$192,MATCH(O10,'Raw lists'!$A$2:$A$192,0))&" | ",""))&IF(P10="","",IFERROR(INDEX('Raw lists'!$A$2:$A$192,MATCH(P10,'Raw lists'!$A$2:$A$192,0))&" | ","")),LEN(IF(K10="","",IFERROR(INDEX('Raw lists'!$A$2:$A$192,MATCH(K10,'Raw lists'!$A$2:$A$192,0))&" | ",""))&IF(L10="","",IFERROR(INDEX('Raw lists'!$A$2:$A$192,MATCH(L10,'Raw lists'!$A$2:$A$192,0))&" | ",""))&IF(M10="","",IFERROR(INDEX('Raw lists'!$A$2:$A$192,MATCH(M10,'Raw lists'!$A$2:$A$192,0))&" | ",""))&IF(N10="","",IFERROR(INDEX('Raw lists'!$A$2:$A$192,MATCH(N10,'Raw lists'!$A$2:$A$192,0))&" | ",""))&IF(O10="","",IFERROR(INDEX('Raw lists'!$A$2:$A$192,MATCH(O10,'Raw lists'!$A$2:$A$192,0))&" | ",""))&IF(P10="","",IFERROR(INDEX('Raw lists'!$A$2:$A$192,MATCH(P10,'Raw lists'!$A$2:$A$192,0))&" | ","")))-3)) -> Principal Section | D10: =IF(LEN(IF(K10="","",IFERROR(INDEX('Raw lists'!$B$2:$B$627,MATCH(K10,'Raw lists'!$B$2:$B$627,0))&" | ",""))&IF(L10="","",IFERROR(INDEX('Raw lists'!$B$2:$B$627,MATCH(L10,'Raw lists'!$B$2:$B$627,0))&" | ",""))&IF(M10="","",IFERROR(INDEX('Raw lists'!$B$2:$B$627,MATCH(M10,'Raw lists'!$B$2:$B$627,0))&" | ",""))&IF(N10="","",IFERROR(INDEX('Raw lists'!$B$2:$B$627,MATCH(N10,'Raw lists'!$B$2:$B$627,0))&" | ",""))&IF(O10="","",IFERROR(INDEX('Raw lists'!$B$2:$B$627,MATCH(O10,'Raw lists'!$B$2:$B$627,0))&" | ",""))&IF(P10="","",IFERROR(INDEX('Raw lists'!$B$2:$B$627,MATCH(P10,'Raw lists'!$B$2:$B$627,0))&" | ","")))=0,"",LEFT(IF(K10="","",IFERROR(INDEX('Raw lists'!$B$2:$B$627,MATCH(K10,'Raw lists'!$B$2:$B$627,0))&" | ",""))&IF(L10="","",IFERROR(INDEX('Raw lists'!$B$2:$B$627,MATCH(L10,'Raw lists'!$B$2:$B$627,0))&" | ",""))&IF(M10="","",IFERROR(INDEX('Raw lists'!$B$2:$B$627,MATCH(M10,'Raw lists'!$B$2:$B$627,0))&" | ",""))&IF(N10="","",IFERROR(INDEX('Raw lists'!$B$2:$B$627,MATCH(N10,'Raw lists'!$B$2:$B$627,0))&" | ",""))&IF(O10="","",IFERROR(INDEX('Raw lists'!$B$2:$B$627,MATCH(O10,'Raw lists'!$B$2:$B$627,0))&" | ",""))&IF(P10="","",IFERROR(INDEX('Raw lists'!$B$2:$B$627,MATCH(P10,'Raw lists'!$B$2:$B$627,0))&" | ","")),LEN(IF(K10="","",IFERROR(INDEX('Raw lists'!$B$2:$B$627,MATCH(K10,'Raw lists'!$B$2:$B$627,0))&" | ",""))&IF(L10="","",IFERROR(INDEX('Raw lists'!$B$2:$B$627,MATCH(L10,'Raw lists'!$B$2:$B$627,0))&" | ",""))&IF(M10="","",IFERROR(INDEX('Raw lists'!$B$2:$B$627,MATCH(M10,'Raw lists'!$B$2:$B$627,0))&" | ",""))&IF(N10="","",IFERROR(INDEX('Raw lists'!$B$2:$B$627,MATCH(N10,'Raw lists'!$B$2:$B$627,0))&" | ",""))&IF(O10="","",IFERROR(INDEX('Raw lists'!$B$2:$B$627,MATCH(O10,'Raw lists'!$B$2:$B$627,0))&" | ",""))&IF(P10="","",IFERROR(INDEX('Raw lists'!$B$2:$B$627,MATCH(P10,'Raw lists'!$B$2:$B$627,0))&" | ","")))-3)) -> Principal Section | E10: =IF(LEN(IF(K10="","",IFERROR(INDEX('Raw lists'!$C$2:$C$616,MATCH(K10,'Raw lists'!$C$2:$C$616,0))&" | ",""))&IF(L10="","",IFERROR(INDEX('Raw lists'!$C$2:$C$616,MATCH(L10,'Raw lists'!$C$2:$C$616,0))&" | ",""))&IF(M10="","",IFERROR(INDEX('Raw lists'!$C$2:$C$616,MATCH(M10,'Raw lists'!$C$2:$C$616,0))&" | ",""))&IF(N10="","",IFERROR(INDEX('Raw lists'!$C$2:$C$616,MATCH(N10,'Raw lists'!$C$2:$C$616,0))&" | ",""))&IF(O10="","",IFERROR(INDEX('Raw lists'!$C$2:$C$616,MATCH(O10,'Raw lists'!$C$2:$C$616,0))&" | ",""))&IF(P10="","",IFERROR(INDEX('Raw lists'!$C$2:$C$616,MATCH(P10,'Raw lists'!$C$2:$C$616,0))&" | ","")))=0,"",LEFT(IF(K10="","",IFERROR(INDEX('Raw lists'!$C$2:$C$616,MATCH(K10,'Raw lists'!$C$2:$C$616,0))&" | ",""))&IF(L10="","",IFERROR(INDEX('Raw lists'!$C$2:$C$616,MATCH(L10,'Raw lists'!$C$2:$C$616,0))&" | ",""))&IF(M10="","",IFERROR(INDEX('Raw lists'!$C$2:$C$616,MATCH(M10,'Raw lists'!$C$2:$C$616,0))&" | ",""))&IF(N10="","",IFERROR(INDEX('Raw lists'!$C$2:$C$616,MATCH(N10,'Raw lists'!$C$2:$C$616,0))&" | ",""))&IF(O10="","",IFERROR(INDEX('Raw lists'!$C$2:$C$616,MATCH(O10,'Raw lists'!$C$2:$C$616,0))&" | ",""))&IF(P10="","",IFERROR(INDEX('Raw lists'!$C$2:$C$616,MATCH(P10,'Raw lists'!$C$2:$C$616,0))&" | ","")),LEN(IF(K10="","",IFERROR(INDEX('Raw lists'!$C$2:$C$616,MATCH(K10,'Raw lists'!$C$2:$C$616,0))&" | ",""))&IF(L10="","",IFERROR(INDEX('Raw lists'!$C$2:$C$616,MATCH(L10,'Raw lists'!$C$2:$C$616,0))&" | ",""))&IF(M10="","",IFERROR(INDEX('Raw lists'!$C$2:$C$616,MATCH(M10,'Raw lists'!$C$2:$C$616,0))&" | ",""))&IF(N10="","",IFERROR(INDEX('Raw lists'!$C$2:$C$616,MATCH(N10,'Raw lists'!$C$2:$C$616,0))&" | ",""))&IF(O10="","",IFERROR(INDEX('Raw lists'!$C$2:$C$616,MATCH(O10,'Raw lists'!$C$2:$C$616,0))&" | ",""))&IF(P10="","",IFERROR(INDEX('Raw lists'!$C$2:$C$616,MATCH(P10,'Raw lists'!$C$2:$C$616,0))&" | ","")))-3)) -> Principal Section | F10: Core | G10: Plane containing the optic axis and perpendicular to the opposite faces of the crystal. | H10: =COUNTIF(C10:E10,"?*") -> 3 | I10: =IF(H10=0,"None",IF(H10=3,"All three",IF(H10=1,"Only "&TRIM(IF(C10<>"","Gemini ","")&IF(D10<>"","RAKE ","")&IF(E10<>"","YAKE","")),SUBSTITUTE(TRIM(IF(C10<>"","Gemini ","")&IF(D10<>"","RAKE ","")&IF(E10<>"","YAKE",""))," "," + ")))) -> All three | K10: Principal Section
A11: 10 | B11: Principal plane | C11: =IF(LEN(IF(K11="","",IFERROR(INDEX('Raw lists'!$A$2:$A$192,MATCH(K11,'Raw lists'!$A$2:$A$192,0))&" | ",""))&IF(L11="","",IFERROR(INDEX('Raw lists'!$A$2:$A$192,MATCH(L11,'Raw lists'!$A$2:$A$192,0))&" | ",""))&IF(M11="","",IFERROR(INDEX('Raw lists'!$A$2:$A$192,MATCH(M11,'Raw lists'!$A$2:$A$192,0))&" | ",""))&IF(N11="","",IFERROR(INDEX('Raw lists'!$A$2:$A$192,MATCH(N11,'Raw lists'!$A$2:$A$192,0))&" | ",""))&IF(O11="","",IFERROR(INDEX('Raw lists'!$A$2:$A$192,MATCH(O11,'Raw lists'!$A$2:$A$192,0))&" | ",""))&IF(P11="","",IFERROR(INDEX('Raw lists'!$A$2:$A$192,MATCH(P11,'Raw lists'!$A$2:$A$192,0))&" | ","")))=0,"",LEFT(IF(K11="","",IFERROR(INDEX('Raw lists'!$A$2:$A$192,MATCH(K11,'Raw lists'!$A$2:$A$192,0))&" | ",""))&IF(L11="","",IFERROR(INDEX('Raw lists'!$A$2:$A$192,MATCH(L11,'Raw lists'!$A$2:$A$192,0))&" | ",""))&IF(M11="","",IFERROR(INDEX('Raw lists'!$A$2:$A$192,MATCH(M11,'Raw lists'!$A$2:$A$192,0))&" | ",""))&IF(N11="","",IFERROR(INDEX('Raw lists'!$A$2:$A$192,MATCH(N11,'Raw lists'!$A$2:$A$192,0))&" | ",""))&IF(O11="","",IFERROR(INDEX('Raw lists'!$A$2:$A$192,MATCH(O11,'Raw lists'!$A$2:$A$192,0))&" | ",""))&IF(P11="","",IFERROR(INDEX('Raw lists'!$A$2:$A$192,MATCH(P11,'Raw lists'!$A$2:$A$192,0))&" | ","")),LEN(IF(K11="","",IFERROR(INDEX('Raw lists'!$A$2:$A$192,MATCH(K11,'Raw lists'!$A$2:$A$192,0))&" | ",""))&IF(L11="","",IFERROR(INDEX('Raw lists'!$A$2:$A$192,MATCH(L11,'Raw lists'!$A$2:$A$192,0))&" | ",""))&IF(M11="","",IFERROR(INDEX('Raw lists'!$A$2:$A$192,MATCH(M11,'Raw lists'!$A$2:$A$192,0))&" | ",""))&IF(N11="","",IFERROR(INDEX('Raw lists'!$A$2:$A$192,MATCH(N11,'Raw lists'!$A$2:$A$192,0))&" | ",""))&IF(O11="","",IFERROR(INDEX('Raw lists'!$A$2:$A$192,MATCH(O11,'Raw lists'!$A$2:$A$192,0))&" | ",""))&IF(P11="","",IFERROR(INDEX('Raw lists'!$A$2:$A$192,MATCH(P11,'Raw lists'!$A$2:$A$192,0))&" | ","")))-3)) -> Principal Plane Of The Ordinary Ray | Principal Plane Of The Extraordinary Ray | D11: =IF(LEN(IF(K11="","",IFERROR(INDEX('Raw lists'!$B$2:$B$627,MATCH(K11,'Raw lists'!$B$2:$B$627,0))&" | ",""))&IF(L11="","",IFERROR(INDEX('Raw lists'!$B$2:$B$627,MATCH(L11,'Raw lists'!$B$2:$B$627,0))&" | ",""))&IF(M11="","",IFERROR(INDEX('Raw lists'!$B$2:$B$627,MATCH(M11,'Raw lists'!$B$2:$B$627,0))&" | ",""))&IF(N11="","",IFERROR(INDEX('Raw lists'!$B$2:$B$627,MATCH(N11,'Raw lists'!$B$2:$B$627,0))&" | ",""))&IF(O11="","",IFERROR(INDEX('Raw lists'!$B$2:$B$627,MATCH(O11,'Raw lists'!$B$2:$B$627,0))&" | ",""))&IF(P11="","",IFERROR(INDEX('Raw lists'!$B$2:$B$627,MATCH(P11,'Raw lists'!$B$2:$B$627,0))&" | ","")))=0,"",LEFT(IF(K11="","",IFERROR(INDEX('Raw lists'!$B$2:$B$627,MATCH(K11,'Raw lists'!$B$2:$B$627,0))&" | ",""))&IF(L11="","",IFERROR(INDEX('Raw lists'!$B$2:$B$627,MATCH(L11,'Raw lists'!$B$2:$B$627,0))&" | ",""))&IF(M11="","",IFERROR(INDEX('Raw lists'!$B$2:$B$627,MATCH(M11,'Raw lists'!$B$2:$B$627,0))&" | ",""))&IF(N11="","",IFERROR(INDEX('Raw lists'!$B$2:$B$627,MATCH(N11,'Raw lists'!$B$2:$B$627,0))&" | ",""))&IF(O11="","",IFERROR(INDEX('Raw lists'!$B$2:$B$627,MATCH(O11,'Raw lists'!$B$2:$B$627,0))&" | ",""))&IF(P11="","",IFERROR(INDEX('Raw lists'!$B$2:$B$627,MATCH(P11,'Raw lists'!$B$2:$B$627,0))&" | ","")),LEN(IF(K11="","",IFERROR(INDEX('Raw lists'!$B$2:$B$627,MATCH(K11,'Raw lists'!$B$2:$B$627,0))&" | ",""))&IF(L11="","",IFERROR(INDEX('Raw lists'!$B$2:$B$627,MATCH(L11,'Raw lists'!$B$2:$B$627,0))&" | ",""))&IF(M11="","",IFERROR(INDEX('Raw lists'!$B$2:$B$627,MATCH(M11,'Raw lists'!$B$2:$B$627,0))&" | ",""))&IF(N11="","",IFERROR(INDEX('Raw lists'!$B$2:$B$627,MATCH(N11,'Raw lists'!$B$2:$B$627,0))&" | ",""))&IF(O11="","",IFERROR(INDEX('Raw lists'!$B$2:$B$627,MATCH(O11,'Raw lists'!$B$2:$B$627,0))&" | ",""))&IF(P11="","",IFERROR(INDEX('Raw lists'!$B$2:$B$627,MATCH(P11,'Raw lists'!$B$2:$B$627,0))&" | ","")))-3)) -> Principal Plane | E11: =IF(LEN(IF(K11="","",IFERROR(INDEX('Raw lists'!$C$2:$C$616,MATCH(K11,'Raw lists'!$C$2:$C$616,0))&" | ",""))&IF(L11="","",IFERROR(INDEX('Raw lists'!$C$2:$C$616,MATCH(L11,'Raw lists'!$C$2:$C$616,0))&" | ",""))&IF(M11="","",IFERROR(INDEX('Raw lists'!$C$2:$C$616,MATCH(M11,'Raw lists'!$C$2:$C$616,0))&" | ",""))&IF(N11="","",IFERROR(INDEX('Raw lists'!$C$2:$C$616,MATCH(N11,'Raw lists'!$C$2:$C$616,0))&" | ",""))&IF(O11="","",IFERROR(INDEX('Raw lists'!$C$2:$C$616,MATCH(O11,'Raw lists'!$C$2:$C$616,0))&" | ",""))&IF(P11="","",IFERROR(INDEX('Raw lists'!$C$2:$C$616,MATCH(P11,'Raw lists'!$C$2:$C$616,0))&" | ","")))=0,"",LEFT(IF(K11="","",IFERROR(INDEX('Raw lists'!$C$2:$C$616,MATCH(K11,'Raw lists'!$C$2:$C$616,0))&" | ",""))&IF(L11="","",IFERROR(INDEX('Raw lists'!$C$2:$C$616,MATCH(L11,'Raw lists'!$C$2:$C$616,0))&" | ",""))&IF(M11="","",IFERROR(INDEX('Raw lists'!$C$2:$C$616,MATCH(M11,'Raw lists'!$C$2:$C$616,0))&" | ",""))&IF(N11="","",IFERROR(INDEX('Raw lists'!$C$2:$C$616,MATCH(N11,'Raw lists'!$C$2:$C$616,0))&" | ",""))&IF(O11="","",IFERROR(INDEX('Raw lists'!$C$2:$C$616,MATCH(O11,'Raw lists'!$C$2:$C$616,0))&" | ",""))&IF(P11="","",IFERROR(INDEX('Raw lists'!$C$2:$C$616,MATCH(P11,'Raw lists'!$C$2:$C$616,0))&" | ","")),LEN(IF(K11="","",IFERROR(INDEX('Raw lists'!$C$2:$C$616,MATCH(K11,'Raw lists'!$C$2:$C$616,0))&" | ",""))&IF(L11="","",IFERROR(INDEX('Raw lists'!$C$2:$C$616,MATCH(L11,'Raw lists'!$C$2:$C$616,0))&" | ",""))&IF(M11="","",IFERROR(INDEX('Raw lists'!$C$2:$C$616,MATCH(M11,'Raw lists'!$C$2:$C$616,0))&" | ",""))&IF(N11="","",IFERROR(INDEX('Raw lists'!$C$2:$C$616,MATCH(N11,'Raw lists'!$C$2:$C$616,0))&" | ",""))&IF(O11="","",IFERROR(INDEX('Raw lists'!$C$2:$C$616,MATCH(O11,'Raw lists'!$C$2:$C$616,0))&" | ",""))&IF(P11="","",IFERROR(INDEX('Raw lists'!$C$2:$C$616,MATCH(P11,'Raw lists'!$C$2:$C$616,0))&" | ","")))-3)) -> Principal Plane | F11: Core | G11: Plane containing the optic axis and the ordinary ray, or the optic axis and the extraordinary ray. | H11: =COUNTIF(C11:E11,"?*") -> 3 | I11: =IF(H11=0,"None",IF(H11=3,"All three",IF(H11=1,"Only "&TRIM(IF(C11<>"","Gemini ","")&IF(D11<>"","RAKE ","")&IF(E11<>"","YAKE","")),SUBSTITUTE(TRIM(IF(C11<>"","Gemini ","")&IF(D11<>"","RAKE ","")&IF(E11<>"","YAKE",""))," "," + ")))) -> All three | K11: Principal Plane | L11: Principal Plane Of The Ordinary Ray | M11: Principal Plane Of The Extraordinary Ray
A12: 11 | B12: Optic axis | C12: =IF(LEN(IF(K12="","",IFERROR(INDEX('Raw lists'!$A$2:$A$192,MATCH(K12,'Raw lists'!$A$2:$A$192,0))&" | ",""))&IF(L12="","",IFERROR(INDEX('Raw lists'!$A$2:$A$192,MATCH(L12,'Raw lists'!$A$2:$A$192,0))&" | ",""))&IF(M12="","",IFERROR(INDEX('Raw lists'!$A$2:$A$192,MATCH(M12,'Raw lists'!$A$2:$A$192,0))&" | ",""))&IF(N12="","",IFERROR(INDEX('Raw lists'!$A$2:$A$192,MATCH(N12,'Raw lists'!$A$2:$A$192,0))&" | ",""))&IF(O12="","",IFERROR(INDEX('Raw lists'!$A$2:$A$192,MATCH(O12,'Raw lists'!$A$2:$A$192,0))&" | ",""))&IF(P12="","",IFERROR(INDEX('Raw lists'!$A$2:$A$192,MATCH(P12,'Raw lists'!$A$2:$A$192,0))&" | ","")))=0,"",LEFT(IF(K12="","",IFERROR(INDEX('Raw lists'!$A$2:$A$192,MATCH(K12,'Raw lists'!$A$2:$A$192,0))&" | ",""))&IF(L12="","",IFERROR(INDEX('Raw lists'!$A$2:$A$192,MATCH(L12,'Raw lists'!$A$2:$A$192,0))&" | ",""))&IF(M12="","",IFERROR(INDEX('Raw lists'!$A$2:$A$192,MATCH(M12,'Raw lists'!$A$2:$A$192,0))&" | ",""))&IF(N12="","",IFERROR(INDEX('Raw lists'!$A$2:$A$192,MATCH(N12,'Raw lists'!$A$2:$A$192,0))&" | ",""))&IF(O12="","",IFERROR(INDEX('Raw lists'!$A$2:$A$192,MATCH(O12,'Raw lists'!$A$2:$A$192,0))&" | ",""))&IF(P12="","",IFERROR(INDEX('Raw lists'!$A$2:$A$192,MATCH(P12,'Raw lists'!$A$2:$A$192,0))&" | ","")),LEN(IF(K12="","",IFERROR(INDEX('Raw lists'!$A$2:$A$192,MATCH(K12,'Raw lists'!$A$2:$A$192,0))&" | ",""))&IF(L12="","",IFERROR(INDEX('Raw lists'!$A$2:$A$192,MATCH(L12,'Raw lists'!$A$2:$A$192,0))&" | ",""))&IF(M12="","",IFERROR(INDEX('Raw lists'!$A$2:$A$192,MATCH(M12,'Raw lists'!$A$2:$A$192,0))&" | ",""))&IF(N12="","",IFERROR(INDEX('Raw lists'!$A$2:$A$192,MATCH(N12,'Raw lists'!$A$2:$A$192,0))&" | ",""))&IF(O12="","",IFERROR(INDEX('Raw lists'!$A$2:$A$192,MATCH(O12,'Raw lists'!$A$2:$A$192,0))&" | ",""))&IF(P12="","",IFERROR(INDEX('Raw lists'!$A$2:$A$192,MATCH(P12,'Raw lists'!$A$2:$A$192,0))&" | ","")))-3)) | D12: =IF(LEN(IF(K12="","",IFERROR(INDEX('Raw lists'!$B$2:$B$627,MATCH(K12,'Raw lists'!$B$2:$B$627,0))&" | ",""))&IF(L12="","",IFERROR(INDEX('Raw lists'!$B$2:$B$627,MATCH(L12,'Raw lists'!$B$2:$B$627,0))&" | ",""))&IF(M12="","",IFERROR(INDEX('Raw lists'!$B$2:$B$627,MATCH(M12,'Raw lists'!$B$2:$B$627,0))&" | ",""))&IF(N12="","",IFERROR(INDEX('Raw lists'!$B$2:$B$627,MATCH(N12,'Raw lists'!$B$2:$B$627,0))&" | ",""))&IF(O12="","",IFERROR(INDEX('Raw lists'!$B$2:$B$627,MATCH(O12,'Raw lists'!$B$2:$B$627,0))&" | ",""))&IF(P12="","",IFERROR(INDEX('Raw lists'!$B$2:$B$627,MATCH(P12,'Raw lists'!$B$2:$B$627,0))&" | ","")))=0,"",LEFT(IF(K12="","",IFERROR(INDEX('Raw lists'!$B$2:$B$627,MATCH(K12,'Raw lists'!$B$2:$B$627,0))&" | ",""))&IF(L12="","",IFERROR(INDEX('Raw lists'!$B$2:$B$627,MATCH(L12,'Raw lists'!$B$2:$B$627,0))&" | ",""))&IF(M12="","",IFERROR(INDEX('Raw lists'!$B$2:$B$627,MATCH(M12,'Raw lists'!$B$2:$B$627,0))&" | ",""))&IF(N12="","",IFERROR(INDEX('Raw lists'!$B$2:$B$627,MATCH(N12,'Raw lists'!$B$2:$B$627,0))&" | ",""))&IF(O12="","",IFERROR(INDEX('Raw lists'!$B$2:$B$627,MATCH(O12,'Raw lists'!$B$2:$B$627,0))&" | ",""))&IF(P12="","",IFERROR(INDEX('Raw lists'!$B$2:$B$627,MATCH(P12,'Raw lists'!$B$2:$B$627,0))&" | ","")),LEN(IF(K12="","",IFERROR(INDEX('Raw lists'!$B$2:$B$627,MATCH(K12,'Raw lists'!$B$2:$B$627,0))&" | ",""))&IF(L12="","",IFERROR(INDEX('Raw lists'!$B$2:$B$627,MATCH(L12,'Raw lists'!$B$2:$B$627,0))&" | ",""))&IF(M12="","",IFERROR(INDEX('Raw lists'!$B$2:$B$627,MATCH(M12,'Raw lists'!$B$2:$B$627,0))&" | ",""))&IF(N12="","",IFERROR(INDEX('Raw lists'!$B$2:$B$627,MATCH(N12,'Raw lists'!$B$2:$B$627,0))&" | ",""))&IF(O12="","",IFERROR(INDEX('Raw lists'!$B$2:$B$627,MATCH(O12,'Raw lists'!$B$2:$B$627,0))&" | ",""))&IF(P12="","",IFERROR(INDEX('Raw lists'!$B$2:$B$627,MATCH(P12,'Raw lists'!$B$2:$B$627,0))&" | ","")))-3)) -> Optic Axis | E12: =IF(LEN(IF(K12="","",IFERROR(INDEX('Raw lists'!$C$2:$C$616,MATCH(K12,'Raw lists'!$C$2:$C$616,0))&" | ",""))&IF(L12="","",IFERROR(INDEX('Raw lists'!$C$2:$C$616,MATCH(L12,'Raw lists'!$C$2:$C$616,0))&" | ",""))&IF(M12="","",IFERROR(INDEX('Raw lists'!$C$2:$C$616,MATCH(M12,'Raw lists'!$C$2:$C$616,0))&" | ",""))&IF(N12="","",IFERROR(INDEX('Raw lists'!$C$2:$C$616,MATCH(N12,'Raw lists'!$C$2:$C$616,0))&" | ",""))&IF(O12="","",IFERROR(INDEX('Raw lists'!$C$2:$C$616,MATCH(O12,'Raw lists'!$C$2:$C$616,0))&" | ",""))&IF(P12="","",IFERROR(INDEX('Raw lists'!$C$2:$C$616,MATCH(P12,'Raw lists'!$C$2:$C$616,0))&" | ","")))=0,"",LEFT(IF(K12="","",IFERROR(INDEX('Raw lists'!$C$2:$C$616,MATCH(K12,'Raw lists'!$C$2:$C$616,0))&" | ",""))&IF(L12="","",IFERROR(INDEX('Raw lists'!$C$2:$C$616,MATCH(L12,'Raw lists'!$C$2:$C$616,0))&" | ",""))&IF(M12="","",IFERROR(INDEX('Raw lists'!$C$2:$C$616,MATCH(M12,'Raw lists'!$C$2:$C$616,0))&" | ",""))&IF(N12="","",IFERROR(INDEX('Raw lists'!$C$2:$C$616,MATCH(N12,'Raw lists'!$C$2:$C$616,0))&" | ",""))&IF(O12="","",IFERROR(INDEX('Raw lists'!$C$2:$C$616,MATCH(O12,'Raw lists'!$C$2:$C$616,0))&" | ",""))&IF(P12="","",IFERROR(INDEX('Raw lists'!$C$2:$C$616,MATCH(P12,'Raw lists'!$C$2:$C$616,0))&" | ","")),LEN(IF(K12="","",IFERROR(INDEX('Raw lists'!$C$2:$C$616,MATCH(K12,'Raw lists'!$C$2:$C$616,0))&" | ",""))&IF(L12="","",IFERROR(INDEX('Raw lists'!$C$2:$C$616,MATCH(L12,'Raw lists'!$C$2:$C$616,0))&" | ",""))&IF(M12="","",IFERROR(INDEX('Raw lists'!$C$2:$C$616,MATCH(M12,'Raw lists'!$C$2:$C$616,0))&" | ",""))&IF(N12="","",IFERROR(INDEX('Raw lists'!$C$2:$C$616,MATCH(N12,'Raw lists'!$C$2:$C$616,0))&" | ",""))&IF(O12="","",IFERROR(INDEX('Raw lists'!$C$2:$C$616,MATCH(O12,'Raw lists'!$C$2:$C$616,0))&" | ",""))&IF(P12="","",IFERROR(INDEX('Raw lists'!$C$2:$C$616,MATCH(P12,'Raw lists'!$C$2:$C$616,0))&" | ","")))-3)) -> Optic Axis | F12: Core | G12: Direction in the crystal along which double refraction does not take place. | H12: =COUNTIF(C12:E12,"?*") -> 2 | I12: =IF(H12=0,"None",IF(H12=3,"All three",IF(H12=1,"Only "&TRIM(IF(C12<>"","Gemini ","")&IF(D12<>"","RAKE ","")&IF(E12<>"","YAKE","")),SUBSTITUTE(TRIM(IF(C12<>"","Gemini ","")&IF(D12<>"","RAKE ","")&IF(E12<>"","YAKE",""))," "," + ")))) -> RAKE + YAKE | K12: Optic Axis
A13: 12 | B13: Calcite crystal | C13: =IF(LEN(IF(K13="","",IFERROR(INDEX('Raw lists'!$A$2:$A$192,MATCH(K13,'Raw lists'!$A$2:$A$192,0))&" | ",""))&IF(L13="","",IFERROR(INDEX('Raw lists'!$A$2:$A$192,MATCH(L13,'Raw lists'!$A$2:$A$192,0))&" | ",""))&IF(M13="","",IFERROR(INDEX('Raw lists'!$A$2:$A$192,MATCH(M13,'Raw lists'!$A$2:$A$192,0))&" | ",""))&IF(N13="","",IFERROR(INDEX('Raw lists'!$A$2:$A$192,MATCH(N13,'Raw lists'!$A$2:$A$192,0))&" | ",""))&IF(O13="","",IFERROR(INDEX('Raw lists'!$A$2:$A$192,MATCH(O13,'Raw lists'!$A$2:$A$192,0))&" | ",""))&IF(P13="","",IFERROR(INDEX('Raw lists'!$A$2:$A$192,MATCH(P13,'Raw lists'!$A$2:$A$192,0))&" | ","")))=0,"",LEFT(IF(K13="","",IFERROR(INDEX('Raw lists'!$A$2:$A$192,MATCH(K13,'Raw lists'!$A$2:$A$192,0))&" | ",""))&IF(L13="","",IFERROR(INDEX('Raw lists'!$A$2:$A$192,MATCH(L13,'Raw lists'!$A$2:$A$192,0))&" | ",""))&IF(M13="","",IFERROR(INDEX('Raw lists'!$A$2:$A$192,MATCH(M13,'Raw lists'!$A$2:$A$192,0))&" | ",""))&IF(N13="","",IFERROR(INDEX('Raw lists'!$A$2:$A$192,MATCH(N13,'Raw lists'!$A$2:$A$192,0))&" | ",""))&IF(O13="","",IFERROR(INDEX('Raw lists'!$A$2:$A$192,MATCH(O13,'Raw lists'!$A$2:$A$192,0))&" | ",""))&IF(P13="","",IFERROR(INDEX('Raw lists'!$A$2:$A$192,MATCH(P13,'Raw lists'!$A$2:$A$192,0))&" | ","")),LEN(IF(K13="","",IFERROR(INDEX('Raw lists'!$A$2:$A$192,MATCH(K13,'Raw lists'!$A$2:$A$192,0))&" | ",""))&IF(L13="","",IFERROR(INDEX('Raw lists'!$A$2:$A$192,MATCH(L13,'Raw lists'!$A$2:$A$192,0))&" | ",""))&IF(M13="","",IFERROR(INDEX('Raw lists'!$A$2:$A$192,MATCH(M13,'Raw lists'!$A$2:$A$192,0))&" | ",""))&IF(N13="","",IFERROR(INDEX('Raw lists'!$A$2:$A$192,MATCH(N13,'Raw lists'!$A$2:$A$192,0))&" | ",""))&IF(O13="","",IFERROR(INDEX('Raw lists'!$A$2:$A$192,MATCH(O13,'Raw lists'!$A$2:$A$192,0))&" | ",""))&IF(P13="","",IFERROR(INDEX('Raw lists'!$A$2:$A$192,MATCH(P13,'Raw lists'!$A$2:$A$192,0))&" | ","")))-3)) | D13: =IF(LEN(IF(K13="","",IFERROR(INDEX('Raw lists'!$B$2:$B$627,MATCH(K13,'Raw lists'!$B$2:$B$627,0))&" | ",""))&IF(L13="","",IFERROR(INDEX('Raw lists'!$B$2:$B$627,MATCH(L13,'Raw lists'!$B$2:$B$627,0))&" | ",""))&IF(M13="","",IFERROR(INDEX('Raw lists'!$B$2:$B$627,MATCH(M13,'Raw lists'!$B$2:$B$627,0))&" | ",""))&IF(N13="","",IFERROR(INDEX('Raw lists'!$B$2:$B$627,MATCH(N13,'Raw lists'!$B$2:$B$627,0))&" | ",""))&IF(O13="","",IFERROR(INDEX('Raw lists'!$B$2:$B$627,MATCH(O13,'Raw lists'!$B$2:$B$627,0))&" | ",""))&IF(P13="","",IFERROR(INDEX('Raw lists'!$B$2:$B$627,MATCH(P13,'Raw lists'!$B$2:$B$627,0))&" | ","")))=0,"",LEFT(IF(K13="","",IFERROR(INDEX('Raw lists'!$B$2:$B$627,MATCH(K13,'Raw lists'!$B$2:$B$627,0))&" | ",""))&IF(L13="","",IFERROR(INDEX('Raw lists'!$B$2:$B$627,MATCH(L13,'Raw lists'!$B$2:$B$627,0))&" | ",""))&IF(M13="","",IFERROR(INDEX('Raw lists'!$B$2:$B$627,MATCH(M13,'Raw lists'!$B$2:$B$627,0))&" | ",""))&IF(N13="","",IFERROR(INDEX('Raw lists'!$B$2:$B$627,MATCH(N13,'Raw lists'!$B$2:$B$627,0))&" | ",""))&IF(O13="","",IFERROR(INDEX('Raw lists'!$B$2:$B$627,MATCH(O13,'Raw lists'!$B$2:$B$627,0))&" | ",""))&IF(P13="","",IFERROR(INDEX('Raw lists'!$B$2:$B$627,MATCH(P13,'Raw lists'!$B$2:$B$627,0))&" | ","")),LEN(IF(K13="","",IFERROR(INDEX('Raw lists'!$B$2:$B$627,MATCH(K13,'Raw lists'!$B$2:$B$627,0))&" | ",""))&IF(L13="","",IFERROR(INDEX('Raw lists'!$B$2:$B$627,MATCH(L13,'Raw lists'!$B$2:$B$627,0))&" | ",""))&IF(M13="","",IFERROR(INDEX('Raw lists'!$B$2:$B$627,MATCH(M13,'Raw lists'!$B$2:$B$627,0))&" | ",""))&IF(N13="","",IFERROR(INDEX('Raw lists'!$B$2:$B$627,MATCH(N13,'Raw lists'!$B$2:$B$627,0))&" | ",""))&IF(O13="","",IFERROR(INDEX('Raw lists'!$B$2:$B$627,MATCH(O13,'Raw lists'!$B$2:$B$627,0))&" | ",""))&IF(P13="","",IFERROR(INDEX('Raw lists'!$B$2:$B$627,MATCH(P13,'Raw lists'!$B$2:$B$627,0))&" | ","")))-3)) -> Calcite | Calcite Crystal | E13: =IF(LEN(IF(K13="","",IFERROR(INDEX('Raw lists'!$C$2:$C$616,MATCH(K13,'Raw lists'!$C$2:$C$616,0))&" | ",""))&IF(L13="","",IFERROR(INDEX('Raw lists'!$C$2:$C$616,MATCH(L13,'Raw lists'!$C$2:$C$616,0))&" | ",""))&IF(M13="","",IFERROR(INDEX('Raw lists'!$C$2:$C$616,MATCH(M13,'Raw lists'!$C$2:$C$616,0))&" | ",""))&IF(N13="","",IFERROR(INDEX('Raw lists'!$C$2:$C$616,MATCH(N13,'Raw lists'!$C$2:$C$616,0))&" | ",""))&IF(O13="","",IFERROR(INDEX('Raw lists'!$C$2:$C$616,MATCH(O13,'Raw lists'!$C$2:$C$616,0))&" | ",""))&IF(P13="","",IFERROR(INDEX('Raw lists'!$C$2:$C$616,MATCH(P13,'Raw lists'!$C$2:$C$616,0))&" | ","")))=0,"",LEFT(IF(K13="","",IFERROR(INDEX('Raw lists'!$C$2:$C$616,MATCH(K13,'Raw lists'!$C$2:$C$616,0))&" | ",""))&IF(L13="","",IFERROR(INDEX('Raw lists'!$C$2:$C$616,MATCH(L13,'Raw lists'!$C$2:$C$616,0))&" | ",""))&IF(M13="","",IFERROR(INDEX('Raw lists'!$C$2:$C$616,MATCH(M13,'Raw lists'!$C$2:$C$616,0))&" | ",""))&IF(N13="","",IFERROR(INDEX('Raw lists'!$C$2:$C$616,MATCH(N13,'Raw lists'!$C$2:$C$616,0))&" | ",""))&IF(O13="","",IFERROR(INDEX('Raw lists'!$C$2:$C$616,MATCH(O13,'Raw lists'!$C$2:$C$616,0))&" | ",""))&IF(P13="","",IFERROR(INDEX('Raw lists'!$C$2:$C$616,MATCH(P13,'Raw lists'!$C$2:$C$616,0))&" | ","")),LEN(IF(K13="","",IFERROR(INDEX('Raw lists'!$C$2:$C$616,MATCH(K13,'Raw lists'!$C$2:$C$616,0))&" | ",""))&IF(L13="","",IFERROR(INDEX('Raw lists'!$C$2:$C$616,MATCH(L13,'Raw lists'!$C$2:$C$616,0))&" | ",""))&IF(M13="","",IFERROR(INDEX('Raw lists'!$C$2:$C$616,MATCH(M13,'Raw lists'!$C$2:$C$616,0))&" | ",""))&IF(N13="","",IFERROR(INDEX('Raw lists'!$C$2:$C$616,MATCH(N13,'Raw lists'!$C$2:$C$616,0))&" | ",""))&IF(O13="","",IFERROR(INDEX('Raw lists'!$C$2:$C$616,MATCH(O13,'Raw lists'!$C$2:$C$616,0))&" | ",""))&IF(P13="","",IFERROR(INDEX('Raw lists'!$C$2:$C$616,MATCH(P13,'Raw lists'!$C$2:$C$616,0))&" | ","")))-3)) -> Calcite | Calcite Crystal | F13: Example | G13: Crystal in which double refraction was first observed (Bartholinus, 1669). | H13: =COUNTIF(C13:E13,"?*") -> 2 | I13: =IF(H13=0,"None",IF(H13=3,"All three",IF(H13=1,"Only "&TRIM(IF(C13<>"","Gemini ","")&IF(D13<>"","RAKE ","")&IF(E13<>"","YAKE","")),SUBSTITUTE(TRIM(IF(C13<>"","Gemini ","")&IF(D13<>"","RAKE ","")&IF(E13<>"","YAKE",""))," "," + ")))) -> RAKE + YAKE | K13: Calcite | L13: Calcite Crystal
A14: 13 | B14: Double refraction (birefringence) | C14: =IF(LEN(IF(K14="","",IFERROR(INDEX('Raw lists'!$A$2:$A$192,MATCH(K14,'Raw lists'!$A$2:$A$192,0))&" | ",""))&IF(L14="","",IFERROR(INDEX('Raw lists'!$A$2:$A$192,MATCH(L14,'Raw lists'!$A$2:$A$192,0))&" | ",""))&IF(M14="","",IFERROR(INDEX('Raw lists'!$A$2:$A$192,MATCH(M14,'Raw lists'!$A$2:$A$192,0))&" | ",""))&IF(N14="","",IFERROR(INDEX('Raw lists'!$A$2:$A$192,MATCH(N14,'Raw lists'!$A$2:$A$192,0))&" | ",""))&IF(O14="","",IFERROR(INDEX('Raw lists'!$A$2:$A$192,MATCH(O14,'Raw lists'!$A$2:$A$192,0))&" | ",""))&IF(P14="","",IFERROR(INDEX('Raw lists'!$A$2:$A$192,MATCH(P14,'Raw lists'!$A$2:$A$192,0))&" | ","")))=0,"",LEFT(IF(K14="","",IFERROR(INDEX('Raw lists'!$A$2:$A$192,MATCH(K14,'Raw lists'!$A$2:$A$192,0))&" | ",""))&IF(L14="","",IFERROR(INDEX('Raw lists'!$A$2:$A$192,MATCH(L14,'Raw lists'!$A$2:$A$192,0))&" | ",""))&IF(M14="","",IFERROR(INDEX('Raw lists'!$A$2:$A$192,MATCH(M14,'Raw lists'!$A$2:$A$192,0))&" | ",""))&IF(N14="","",IFERROR(INDEX('Raw lists'!$A$2:$A$192,MATCH(N14,'Raw lists'!$A$2:$A$192,0))&" | ",""))&IF(O14="","",IFERROR(INDEX('Raw lists'!$A$2:$A$192,MATCH(O14,'Raw lists'!$A$2:$A$192,0))&" | ",""))&IF(P14="","",IFERROR(INDEX('Raw lists'!$A$2:$A$192,MATCH(P14,'Raw lists'!$A$2:$A$192,0))&" | ","")),LEN(IF(K14="","",IFERROR(INDEX('Raw lists'!$A$2:$A$192,MATCH(K14,'Raw lists'!$A$2:$A$192,0))&" | ",""))&IF(L14="","",IFERROR(INDEX('Raw lists'!$A$2:$A$192,MATCH(L14,'Raw lists'!$A$2:$A$192,0))&" | ",""))&IF(M14="","",IFERROR(INDEX('Raw lists'!$A$2:$A$192,MATCH(M14,'Raw lists'!$A$2:$A$192,0))&" | ",""))&IF(N14="","",IFERROR(INDEX('Raw lists'!$A$2:$A$192,MATCH(N14,'Raw lists'!$A$2:$A$192,0))&" | ",""))&IF(O14="","",IFERROR(INDEX('Raw lists'!$A$2:$A$192,MATCH(O14,'Raw lists'!$A$2:$A$192,0))&" | ",""))&IF(P14="","",IFERROR(INDEX('Raw lists'!$A$2:$A$192,MATCH(P14,'Raw lists'!$A$2:$A$192,0))&" | ","")))-3)) -> Double Refraction | D14: =IF(LEN(IF(K14="","",IFERROR(INDEX('Raw lists'!$B$2:$B$627,MATCH(K14,'Raw lists'!$B$2:$B$627,0))&" | ",""))&IF(L14="","",IFERROR(INDEX('Raw lists'!$B$2:$B$627,MATCH(L14,'Raw lists'!$B$2:$B$627,0))&" | ",""))&IF(M14="","",IFERROR(INDEX('Raw lists'!$B$2:$B$627,MATCH(M14,'Raw lists'!$B$2:$B$627,0))&" | ",""))&IF(N14="","",IFERROR(INDEX('Raw lists'!$B$2:$B$627,MATCH(N14,'Raw lists'!$B$2:$B$627,0))&" | ",""))&IF(O14="","",IFERROR(INDEX('Raw lists'!$B$2:$B$627,MATCH(O14,'Raw lists'!$B$2:$B$627,0))&" | ",""))&IF(P14="","",IFERROR(INDEX('Raw lists'!$B$2:$B$627,MATCH(P14,'Raw lists'!$B$2:$B$627,0))&" | ","")))=0,"",LEFT(IF(K14="","",IFERROR(INDEX('Raw lists'!$B$2:$B$627,MATCH(K14,'Raw lists'!$B$2:$B$627,0))&" | ",""))&IF(L14="","",IFERROR(INDEX('Raw lists'!$B$2:$B$627,MATCH(L14,'Raw lists'!$B$2:$B$627,0))&" | ",""))&IF(M14="","",IFERROR(INDEX('Raw lists'!$B$2:$B$627,MATCH(M14,'Raw lists'!$B$2:$B$627,0))&" | ",""))&IF(N14="","",IFERROR(INDEX('Raw lists'!$B$2:$B$627,MATCH(N14,'Raw lists'!$B$2:$B$627,0))&" | ",""))&IF(O14="","",IFERROR(INDEX('Raw lists'!$B$2:$B$627,MATCH(O14,'Raw lists'!$B$2:$B$627,0))&" | ",""))&IF(P14="","",IFERROR(INDEX('Raw lists'!$B$2:$B$627,MATCH(P14,'Raw lists'!$B$2:$B$627,0))&" | ","")),LEN(IF(K14="","",IFERROR(INDEX('Raw lists'!$B$2:$B$627,MATCH(K14,'Raw lists'!$B$2:$B$627,0))&" | ",""))&IF(L14="","",IFERROR(INDEX('Raw lists'!$B$2:$B$627,MATCH(L14,'Raw lists'!$B$2:$B$627,0))&" | ",""))&IF(M14="","",IFERROR(INDEX('Raw lists'!$B$2:$B$627,MATCH(M14,'Raw lists'!$B$2:$B$627,0))&" | ",""))&IF(N14="","",IFERROR(INDEX('Raw lists'!$B$2:$B$627,MATCH(N14,'Raw lists'!$B$2:$B$627,0))&" | ",""))&IF(O14="","",IFERROR(INDEX('Raw lists'!$B$2:$B$627,MATCH(O14,'Raw lists'!$B$2:$B$627,0))&" | ",""))&IF(P14="","",IFERROR(INDEX('Raw lists'!$B$2:$B$627,MATCH(P14,'Raw lists'!$B$2:$B$627,0))&" | ","")))-3)) -> Double Refraction | E14: =IF(LEN(IF(K14="","",IFERROR(INDEX('Raw lists'!$C$2:$C$616,MATCH(K14,'Raw lists'!$C$2:$C$616,0))&" | ",""))&IF(L14="","",IFERROR(INDEX('Raw lists'!$C$2:$C$616,MATCH(L14,'Raw lists'!$C$2:$C$616,0))&" | ",""))&IF(M14="","",IFERROR(INDEX('Raw lists'!$C$2:$C$616,MATCH(M14,'Raw lists'!$C$2:$C$616,0))&" | ",""))&IF(N14="","",IFERROR(INDEX('Raw lists'!$C$2:$C$616,MATCH(N14,'Raw lists'!$C$2:$C$616,0))&" | ",""))&IF(O14="","",IFERROR(INDEX('Raw lists'!$C$2:$C$616,MATCH(O14,'Raw lists'!$C$2:$C$616,0))&" | ",""))&IF(P14="","",IFERROR(INDEX('Raw lists'!$C$2:$C$616,MATCH(P14,'Raw lists'!$C$2:$C$616,0))&" | ","")))=0,"",LEFT(IF(K14="","",IFERROR(INDEX('Raw lists'!$C$2:$C$616,MATCH(K14,'Raw lists'!$C$2:$C$616,0))&" | ",""))&IF(L14="","",IFERROR(INDEX('Raw lists'!$C$2:$C$616,MATCH(L14,'Raw lists'!$C$2:$C$616,0))&" | ",""))&IF(M14="","",IFERROR(INDEX('Raw lists'!$C$2:$C$616,MATCH(M14,'Raw lists'!$C$2:$C$616,0))&" | ",""))&IF(N14="","",IFERROR(INDEX('Raw lists'!$C$2:$C$616,MATCH(N14,'Raw lists'!$C$2:$C$616,0))&" | ",""))&IF(O14="","",IFERROR(INDEX('Raw lists'!$C$2:$C$616,MATCH(O14,'Raw lists'!$C$2:$C$616,0))&" | ",""))&IF(P14="","",IFERROR(INDEX('Raw lists'!$C$2:$C$616,MATCH(P14,'Raw lists'!$C$2:$C$616,0))&" | ","")),LEN(IF(K14="","",IFERROR(INDEX('Raw lists'!$C$2:$C$616,MATCH(K14,'Raw lists'!$C$2:$C$616,0))&" | ",""))&IF(L14="","",IFERROR(INDEX('Raw lists'!$C$2:$C$616,MATCH(L14,'Raw lists'!$C$2:$C$616,0))&" | ",""))&IF(M14="","",IFERROR(INDEX('Raw lists'!$C$2:$C$616,MATCH(M14,'Raw lists'!$C$2:$C$616,0))&" | ",""))&IF(N14="","",IFERROR(INDEX('Raw lists'!$C$2:$C$616,MATCH(N14,'Raw lists'!$C$2:$C$616,0))&" | ",""))&IF(O14="","",IFERROR(INDEX('Raw lists'!$C$2:$C$616,MATCH(O14,'Raw lists'!$C$2:$C$616,0))&" | ",""))&IF(P14="","",IFERROR(INDEX('Raw lists'!$C$2:$C$616,MATCH(P14,'Raw lists'!$C$2:$C$616,0))&" | ","")))-3)) -> Double Refraction | F14: Core | G14: A crystal produces two refracted rays with different properties. | H14: =COUNTIF(C14:E14,"?*") -> 3 | I14: =IF(H14=0,"None",IF(H14=3,"All three",IF(H14=1,"Only "&TRIM(IF(C14<>"","Gemini ","")&IF(D14<>"","RAKE ","")&IF(E14<>"","YAKE","")),SUBSTITUTE(TRIM(IF(C14<>"","Gemini ","")&IF(D14<>"","RAKE ","")&IF(E14<>"","YAKE",""))," "," + ")))) -> All three | K14: Double Refraction | L14: Birefringence
A15: 14 | B15: Birefringent crystal | C15: =IF(LEN(IF(K15="","",IFERROR(INDEX('Raw lists'!$A$2:$A$192,MATCH(K15,'Raw lists'!$A$2:$A$192,0))&" | ",""))&IF(L15="","",IFERROR(INDEX('Raw lists'!$A$2:$A$192,MATCH(L15,'Raw lists'!$A$2:$A$192,0))&" | ",""))&IF(M15="","",IFERROR(INDEX('Raw lists'!$A$2:$A$192,MATCH(M15,'Raw lists'!$A$2:$A$192,0))&" | ",""))&IF(N15="","",IFERROR(INDEX('Raw lists'!$A$2:$A$192,MATCH(N15,'Raw lists'!$A$2:$A$192,0))&" | ",""))&IF(O15="","",IFERROR(INDEX('Raw lists'!$A$2:$A$192,MATCH(O15,'Raw lists'!$A$2:$A$192,0))&" | ",""))&IF(P15="","",IFERROR(INDEX('Raw lists'!$A$2:$A$192,MATCH(P15,'Raw lists'!$A$2:$A$192,0))&" | ","")))=0,"",LEFT(IF(K15="","",IFERROR(INDEX('Raw lists'!$A$2:$A$192,MATCH(K15,'Raw lists'!$A$2:$A$192,0))&" | ",""))&IF(L15="","",IFERROR(INDEX('Raw lists'!$A$2:$A$192,MATCH(L15,'Raw lists'!$A$2:$A$192,0))&" | ",""))&IF(M15="","",IFERROR(INDEX('Raw lists'!$A$2:$A$192,MATCH(M15,'Raw lists'!$A$2:$A$192,0))&" | ",""))&IF(N15="","",IFERROR(INDEX('Raw lists'!$A$2:$A$192,MATCH(N15,'Raw lists'!$A$2:$A$192,0))&" | ",""))&IF(O15="","",IFERROR(INDEX('Raw lists'!$A$2:$A$192,MATCH(O15,'Raw lists'!$A$2:$A$192,0))&" | ",""))&IF(P15="","",IFERROR(INDEX('Raw lists'!$A$2:$A$192,MATCH(P15,'Raw lists'!$A$2:$A$192,0))&" | ","")),LEN(IF(K15="","",IFERROR(INDEX('Raw lists'!$A$2:$A$192,MATCH(K15,'Raw lists'!$A$2:$A$192,0))&" | ",""))&IF(L15="","",IFERROR(INDEX('Raw lists'!$A$2:$A$192,MATCH(L15,'Raw lists'!$A$2:$A$192,0))&" | ",""))&IF(M15="","",IFERROR(INDEX('Raw lists'!$A$2:$A$192,MATCH(M15,'Raw lists'!$A$2:$A$192,0))&" | ",""))&IF(N15="","",IFERROR(INDEX('Raw lists'!$A$2:$A$192,MATCH(N15,'Raw lists'!$A$2:$A$192,0))&" | ",""))&IF(O15="","",IFERROR(INDEX('Raw lists'!$A$2:$A$192,MATCH(O15,'Raw lists'!$A$2:$A$192,0))&" | ",""))&IF(P15="","",IFERROR(INDEX('Raw lists'!$A$2:$A$192,MATCH(P15,'Raw lists'!$A$2:$A$192,0))&" | ","")))-3)) | D15: =IF(LEN(IF(K15="","",IFERROR(INDEX('Raw lists'!$B$2:$B$627,MATCH(K15,'Raw lists'!$B$2:$B$627,0))&" | ",""))&IF(L15="","",IFERROR(INDEX('Raw lists'!$B$2:$B$627,MATCH(L15,'Raw lists'!$B$2:$B$627,0))&" | ",""))&IF(M15="","",IFERROR(INDEX('Raw lists'!$B$2:$B$627,MATCH(M15,'Raw lists'!$B$2:$B$627,0))&" | ",""))&IF(N15="","",IFERROR(INDEX('Raw lists'!$B$2:$B$627,MATCH(N15,'Raw lists'!$B$2:$B$627,0))&" | ",""))&IF(O15="","",IFERROR(INDEX('Raw lists'!$B$2:$B$627,MATCH(O15,'Raw lists'!$B$2:$B$627,0))&" | ",""))&IF(P15="","",IFERROR(INDEX('Raw lists'!$B$2:$B$627,MATCH(P15,'Raw lists'!$B$2:$B$627,0))&" | ","")))=0,"",LEFT(IF(K15="","",IFERROR(INDEX('Raw lists'!$B$2:$B$627,MATCH(K15,'Raw lists'!$B$2:$B$627,0))&" | ",""))&IF(L15="","",IFERROR(INDEX('Raw lists'!$B$2:$B$627,MATCH(L15,'Raw lists'!$B$2:$B$627,0))&" | ",""))&IF(M15="","",IFERROR(INDEX('Raw lists'!$B$2:$B$627,MATCH(M15,'Raw lists'!$B$2:$B$627,0))&" | ",""))&IF(N15="","",IFERROR(INDEX('Raw lists'!$B$2:$B$627,MATCH(N15,'Raw lists'!$B$2:$B$627,0))&" | ",""))&IF(O15="","",IFERROR(INDEX('Raw lists'!$B$2:$B$627,MATCH(O15,'Raw lists'!$B$2:$B$627,0))&" | ",""))&IF(P15="","",IFERROR(INDEX('Raw lists'!$B$2:$B$627,MATCH(P15,'Raw lists'!$B$2:$B$627,0))&" | ","")),LEN(IF(K15="","",IFERROR(INDEX('Raw lists'!$B$2:$B$627,MATCH(K15,'Raw lists'!$B$2:$B$627,0))&" | ",""))&IF(L15="","",IFERROR(INDEX('Raw lists'!$B$2:$B$627,MATCH(L15,'Raw lists'!$B$2:$B$627,0))&" | ",""))&IF(M15="","",IFERROR(INDEX('Raw lists'!$B$2:$B$627,MATCH(M15,'Raw lists'!$B$2:$B$627,0))&" | ",""))&IF(N15="","",IFERROR(INDEX('Raw lists'!$B$2:$B$627,MATCH(N15,'Raw lists'!$B$2:$B$627,0))&" | ",""))&IF(O15="","",IFERROR(INDEX('Raw lists'!$B$2:$B$627,MATCH(O15,'Raw lists'!$B$2:$B$627,0))&" | ",""))&IF(P15="","",IFERROR(INDEX('Raw lists'!$B$2:$B$627,MATCH(P15,'Raw lists'!$B$2:$B$627,0))&" | ","")))-3)) -> Doubly Refracting Crystal | E15: =IF(LEN(IF(K15="","",IFERROR(INDEX('Raw lists'!$C$2:$C$616,MATCH(K15,'Raw lists'!$C$2:$C$616,0))&" | ",""))&IF(L15="","",IFERROR(INDEX('Raw lists'!$C$2:$C$616,MATCH(L15,'Raw lists'!$C$2:$C$616,0))&" | ",""))&IF(M15="","",IFERROR(INDEX('Raw lists'!$C$2:$C$616,MATCH(M15,'Raw lists'!$C$2:$C$616,0))&" | ",""))&IF(N15="","",IFERROR(INDEX('Raw lists'!$C$2:$C$616,MATCH(N15,'Raw lists'!$C$2:$C$616,0))&" | ",""))&IF(O15="","",IFERROR(INDEX('Raw lists'!$C$2:$C$616,MATCH(O15,'Raw lists'!$C$2:$C$616,0))&" | ",""))&IF(P15="","",IFERROR(INDEX('Raw lists'!$C$2:$C$616,MATCH(P15,'Raw lists'!$C$2:$C$616,0))&" | ","")))=0,"",LEFT(IF(K15="","",IFERROR(INDEX('Raw lists'!$C$2:$C$616,MATCH(K15,'Raw lists'!$C$2:$C$616,0))&" | ",""))&IF(L15="","",IFERROR(INDEX('Raw lists'!$C$2:$C$616,MATCH(L15,'Raw lists'!$C$2:$C$616,0))&" | ",""))&IF(M15="","",IFERROR(INDEX('Raw lists'!$C$2:$C$616,MATCH(M15,'Raw lists'!$C$2:$C$616,0))&" | ",""))&IF(N15="","",IFERROR(INDEX('Raw lists'!$C$2:$C$616,MATCH(N15,'Raw lists'!$C$2:$C$616,0))&" | ",""))&IF(O15="","",IFERROR(INDEX('Raw lists'!$C$2:$C$616,MATCH(O15,'Raw lists'!$C$2:$C$616,0))&" | ",""))&IF(P15="","",IFERROR(INDEX('Raw lists'!$C$2:$C$616,MATCH(P15,'Raw lists'!$C$2:$C$616,0))&" | ","")),LEN(IF(K15="","",IFERROR(INDEX('Raw lists'!$C$2:$C$616,MATCH(K15,'Raw lists'!$C$2:$C$616,0))&" | ",""))&IF(L15="","",IFERROR(INDEX('Raw lists'!$C$2:$C$616,MATCH(L15,'Raw lists'!$C$2:$C$616,0))&" | ",""))&IF(M15="","",IFERROR(INDEX('Raw lists'!$C$2:$C$616,MATCH(M15,'Raw lists'!$C$2:$C$616,0))&" | ",""))&IF(N15="","",IFERROR(INDEX('Raw lists'!$C$2:$C$616,MATCH(N15,'Raw lists'!$C$2:$C$616,0))&" | ",""))&IF(O15="","",IFERROR(INDEX('Raw lists'!$C$2:$C$616,MATCH(O15,'Raw lists'!$C$2:$C$616,0))&" | ",""))&IF(P15="","",IFERROR(INDEX('Raw lists'!$C$2:$C$616,MATCH(P15,'Raw lists'!$C$2:$C$616,0))&" | ","")))-3)) | F15: Core | G15: A crystal that shows double refraction. | H15: =COUNTIF(C15:E15,"?*") -> 1 | I15: =IF(H15=0,"None",IF(H15=3,"All three",IF(H15=1,"Only "&TRIM(IF(C15<>"","Gemini ","")&IF(D15<>"","RAKE ","")&IF(E15<>"","YAKE","")),SUBSTITUTE(TRIM(IF(C15<>"","Gemini ","")&IF(D15<>"","RAKE ","")&IF(E15<>"","YAKE",""))," "," + ")))) -> Only RAKE | K15: Doubly Refracting Crystal | L15: Birefringent
A16: 15 | B16: Anisotropic materials | C16: =IF(LEN(IF(K16="","",IFERROR(INDEX('Raw lists'!$A$2:$A$192,MATCH(K16,'Raw lists'!$A$2:$A$192,0))&" | ",""))&IF(L16="","",IFERROR(INDEX('Raw lists'!$A$2:$A$192,MATCH(L16,'Raw lists'!$A$2:$A$192,0))&" | ",""))&IF(M16="","",IFERROR(INDEX('Raw lists'!$A$2:$A$192,MATCH(M16,'Raw lists'!$A$2:$A$192,0))&" | ",""))&IF(N16="","",IFERROR(INDEX('Raw lists'!$A$2:$A$192,MATCH(N16,'Raw lists'!$A$2:$A$192,0))&" | ",""))&IF(O16="","",IFERROR(INDEX('Raw lists'!$A$2:$A$192,MATCH(O16,'Raw lists'!$A$2:$A$192,0))&" | ",""))&IF(P16="","",IFERROR(INDEX('Raw lists'!$A$2:$A$192,MATCH(P16,'Raw lists'!$A$2:$A$192,0))&" | ","")))=0,"",LEFT(IF(K16="","",IFERROR(INDEX('Raw lists'!$A$2:$A$192,MATCH(K16,'Raw lists'!$A$2:$A$192,0))&" | ",""))&IF(L16="","",IFERROR(INDEX('Raw lists'!$A$2:$A$192,MATCH(L16,'Raw lists'!$A$2:$A$192,0))&" | ",""))&IF(M16="","",IFERROR(INDEX('Raw lists'!$A$2:$A$192,MATCH(M16,'Raw lists'!$A$2:$A$192,0))&" | ",""))&IF(N16="","",IFERROR(INDEX('Raw lists'!$A$2:$A$192,MATCH(N16,'Raw lists'!$A$2:$A$192,0))&" | ",""))&IF(O16="","",IFERROR(INDEX('Raw lists'!$A$2:$A$192,MATCH(O16,'Raw lists'!$A$2:$A$192,0))&" | ",""))&IF(P16="","",IFERROR(INDEX('Raw lists'!$A$2:$A$192,MATCH(P16,'Raw lists'!$A$2:$A$192,0))&" | ","")),LEN(IF(K16="","",IFERROR(INDEX('Raw lists'!$A$2:$A$192,MATCH(K16,'Raw lists'!$A$2:$A$192,0))&" | ",""))&IF(L16="","",IFERROR(INDEX('Raw lists'!$A$2:$A$192,MATCH(L16,'Raw lists'!$A$2:$A$192,0))&" | ",""))&IF(M16="","",IFERROR(INDEX('Raw lists'!$A$2:$A$192,MATCH(M16,'Raw lists'!$A$2:$A$192,0))&" | ",""))&IF(N16="","",IFERROR(INDEX('Raw lists'!$A$2:$A$192,MATCH(N16,'Raw lists'!$A$2:$A$192,0))&" | ",""))&IF(O16="","",IFERROR(INDEX('Raw lists'!$A$2:$A$192,MATCH(O16,'Raw lists'!$A$2:$A$192,0))&" | ",""))&IF(P16="","",IFERROR(INDEX('Raw lists'!$A$2:$A$192,MATCH(P16,'Raw lists'!$A$2:$A$192,0))&" | ","")))-3)) | D16: =IF(LEN(IF(K16="","",IFERROR(INDEX('Raw lists'!$B$2:$B$627,MATCH(K16,'Raw lists'!$B$2:$B$627,0))&" | ",""))&IF(L16="","",IFERROR(INDEX('Raw lists'!$B$2:$B$627,MATCH(L16,'Raw lists'!$B$2:$B$627,0))&" | ",""))&IF(M16="","",IFERROR(INDEX('Raw lists'!$B$2:$B$627,MATCH(M16,'Raw lists'!$B$2:$B$627,0))&" | ",""))&IF(N16="","",IFERROR(INDEX('Raw lists'!$B$2:$B$627,MATCH(N16,'Raw lists'!$B$2:$B$627,0))&" | ",""))&IF(O16="","",IFERROR(INDEX('Raw lists'!$B$2:$B$627,MATCH(O16,'Raw lists'!$B$2:$B$627,0))&" | ",""))&IF(P16="","",IFERROR(INDEX('Raw lists'!$B$2:$B$627,MATCH(P16,'Raw lists'!$B$2:$B$627,0))&" | ","")))=0,"",LEFT(IF(K16="","",IFERROR(INDEX('Raw lists'!$B$2:$B$627,MATCH(K16,'Raw lists'!$B$2:$B$627,0))&" | ",""))&IF(L16="","",IFERROR(INDEX('Raw lists'!$B$2:$B$627,MATCH(L16,'Raw lists'!$B$2:$B$627,0))&" | ",""))&IF(M16="","",IFERROR(INDEX('Raw lists'!$B$2:$B$627,MATCH(M16,'Raw lists'!$B$2:$B$627,0))&" | ",""))&IF(N16="","",IFERROR(INDEX('Raw lists'!$B$2:$B$627,MATCH(N16,'Raw lists'!$B$2:$B$627,0))&" | ",""))&IF(O16="","",IFERROR(INDEX('Raw lists'!$B$2:$B$627,MATCH(O16,'Raw lists'!$B$2:$B$627,0))&" | ",""))&IF(P16="","",IFERROR(INDEX('Raw lists'!$B$2:$B$627,MATCH(P16,'Raw lists'!$B$2:$B$627,0))&" | ","")),LEN(IF(K16="","",IFERROR(INDEX('Raw lists'!$B$2:$B$627,MATCH(K16,'Raw lists'!$B$2:$B$627,0))&" | ",""))&IF(L16="","",IFERROR(INDEX('Raw lists'!$B$2:$B$627,MATCH(L16,'Raw lists'!$B$2:$B$627,0))&" | ",""))&IF(M16="","",IFERROR(INDEX('Raw lists'!$B$2:$B$627,MATCH(M16,'Raw lists'!$B$2:$B$627,0))&" | ",""))&IF(N16="","",IFERROR(INDEX('Raw lists'!$B$2:$B$627,MATCH(N16,'Raw lists'!$B$2:$B$627,0))&" | ",""))&IF(O16="","",IFERROR(INDEX('Raw lists'!$B$2:$B$627,MATCH(O16,'Raw lists'!$B$2:$B$627,0))&" | ",""))&IF(P16="","",IFERROR(INDEX('Raw lists'!$B$2:$B$627,MATCH(P16,'Raw lists'!$B$2:$B$627,0))&" | ","")))-3)) | E16: =IF(LEN(IF(K16="","",IFERROR(INDEX('Raw lists'!$C$2:$C$616,MATCH(K16,'Raw lists'!$C$2:$C$616,0))&" | ",""))&IF(L16="","",IFERROR(INDEX('Raw lists'!$C$2:$C$616,MATCH(L16,'Raw lists'!$C$2:$C$616,0))&" | ",""))&IF(M16="","",IFERROR(INDEX('Raw lists'!$C$2:$C$616,MATCH(M16,'Raw lists'!$C$2:$C$616,0))&" | ",""))&IF(N16="","",IFERROR(INDEX('Raw lists'!$C$2:$C$616,MATCH(N16,'Raw lists'!$C$2:$C$616,0))&" | ",""))&IF(O16="","",IFERROR(INDEX('Raw lists'!$C$2:$C$616,MATCH(O16,'Raw lists'!$C$2:$C$616,0))&" | ",""))&IF(P16="","",IFERROR(INDEX('Raw lists'!$C$2:$C$616,MATCH(P16,'Raw lists'!$C$2:$C$616,0))&" | ","")))=0,"",LEFT(IF(K16="","",IFERROR(INDEX('Raw lists'!$C$2:$C$616,MATCH(K16,'Raw lists'!$C$2:$C$616,0))&" | ",""))&IF(L16="","",IFERROR(INDEX('Raw lists'!$C$2:$C$616,MATCH(L16,'Raw lists'!$C$2:$C$616,0))&" | ",""))&IF(M16="","",IFERROR(INDEX('Raw lists'!$C$2:$C$616,MATCH(M16,'Raw lists'!$C$2:$C$616,0))&" | ",""))&IF(N16="","",IFERROR(INDEX('Raw lists'!$C$2:$C$616,MATCH(N16,'Raw lists'!$C$2:$C$616,0))&" | ",""))&IF(O16="","",IFERROR(INDEX('Raw lists'!$C$2:$C$616,MATCH(O16,'Raw lists'!$C$2:$C$616,0))&" | ",""))&IF(P16="","",IFERROR(INDEX('Raw lists'!$C$2:$C$616,MATCH(P16,'Raw lists'!$C$2:$C$616,0))&" | ","")),LEN(IF(K16="","",IFERROR(INDEX('Raw lists'!$C$2:$C$616,MATCH(K16,'Raw lists'!$C$2:$C$616,0))&" | ",""))&IF(L16="","",IFERROR(INDEX('Raw lists'!$C$2:$C$616,MATCH(L16,'Raw lists'!$C$2:$C$616,0))&" | ",""))&IF(M16="","",IFERROR(INDEX('Raw lists'!$C$2:$C$616,MATCH(M16,'Raw lists'!$C$2:$C$616,0))&" | ",""))&IF(N16="","",IFERROR(INDEX('Raw lists'!$C$2:$C$616,MATCH(N16,'Raw lists'!$C$2:$C$616,0))&" | ",""))&IF(O16="","",IFERROR(INDEX('Raw lists'!$C$2:$C$616,MATCH(O16,'Raw lists'!$C$2:$C$616,0))&" | ",""))&IF(P16="","",IFERROR(INDEX('Raw lists'!$C$2:$C$616,MATCH(P16,'Raw lists'!$C$2:$C$616,0))&" | ","")))-3)) -> Anisotropic Materials | F16: Core | G16: Materials that all exhibit double refraction. | H16: =COUNTIF(C16:E16,"?*") -> 1 | I16: =IF(H16=0,"None",IF(H16=3,"All three",IF(H16=1,"Only "&TRIM(IF(C16<>"","Gemini ","")&IF(D16<>"","RAKE ","")&IF(E16<>"","YAKE","")),SUBSTITUTE(TRIM(IF(C16<>"","Gemini ","")&IF(D16<>"","RAKE ","")&IF(E16<>"","YAKE",""))," "," + ")))) -> Only YAKE | K16: Anisotropic Materials
A17: 16 | B17: Ordinary ray (O-ray) | C17: =IF(LEN(IF(K17="","",IFERROR(INDEX('Raw lists'!$A$2:$A$192,MATCH(K17,'Raw lists'!$A$2:$A$192,0))&" | ",""))&IF(L17="","",IFERROR(INDEX('Raw lists'!$A$2:$A$192,MATCH(L17,'Raw lists'!$A$2:$A$192,0))&" | ",""))&IF(M17="","",IFERROR(INDEX('Raw lists'!$A$2:$A$192,MATCH(M17,'Raw lists'!$A$2:$A$192,0))&" | ",""))&IF(N17="","",IFERROR(INDEX('Raw lists'!$A$2:$A$192,MATCH(N17,'Raw lists'!$A$2:$A$192,0))&" | ",""))&IF(O17="","",IFERROR(INDEX('Raw lists'!$A$2:$A$192,MATCH(O17,'Raw lists'!$A$2:$A$192,0))&" | ",""))&IF(P17="","",IFERROR(INDEX('Raw lists'!$A$2:$A$192,MATCH(P17,'Raw lists'!$A$2:$A$192,0))&" | ","")))=0,"",LEFT(IF(K17="","",IFERROR(INDEX('Raw lists'!$A$2:$A$192,MATCH(K17,'Raw lists'!$A$2:$A$192,0))&" | ",""))&IF(L17="","",IFERROR(INDEX('Raw lists'!$A$2:$A$192,MATCH(L17,'Raw lists'!$A$2:$A$192,0))&" | ",""))&IF(M17="","",IFERROR(INDEX('Raw lists'!$A$2:$A$192,MATCH(M17,'Raw lists'!$A$2:$A$192,0))&" | ",""))&IF(N17="","",IFERROR(INDEX('Raw lists'!$A$2:$A$192,MATCH(N17,'Raw lists'!$A$2:$A$192,0))&" | ",""))&IF(O17="","",IFERROR(INDEX('Raw lists'!$A$2:$A$192,MATCH(O17,'Raw lists'!$A$2:$A$192,0))&" | ",""))&IF(P17="","",IFERROR(INDEX('Raw lists'!$A$2:$A$192,MATCH(P17,'Raw lists'!$A$2:$A$192,0))&" | ","")),LEN(IF(K17="","",IFERROR(INDEX('Raw lists'!$A$2:$A$192,MATCH(K17,'Raw lists'!$A$2:$A$192,0))&" | ",""))&IF(L17="","",IFERROR(INDEX('Raw lists'!$A$2:$A$192,MATCH(L17,'Raw lists'!$A$2:$A$192,0))&" | ",""))&IF(M17="","",IFERROR(INDEX('Raw lists'!$A$2:$A$192,MATCH(M17,'Raw lists'!$A$2:$A$192,0))&" | ",""))&IF(N17="","",IFERROR(INDEX('Raw lists'!$A$2:$A$192,MATCH(N17,'Raw lists'!$A$2:$A$192,0))&" | ",""))&IF(O17="","",IFERROR(INDEX('Raw lists'!$A$2:$A$192,MATCH(O17,'Raw lists'!$A$2:$A$192,0))&" | ",""))&IF(P17="","",IFERROR(INDEX('Raw lists'!$A$2:$A$192,MATCH(P17,'Raw lists'!$A$2:$A$192,0))&" | ","")))-3)) -> Ordinary Ray | O-ray | D17: =IF(LEN(IF(K17="","",IFERROR(INDEX('Raw lists'!$B$2:$B$627,MATCH(K17,'Raw lists'!$B$2:$B$627,0))&" | ",""))&IF(L17="","",IFERROR(INDEX('Raw lists'!$B$2:$B$627,MATCH(L17,'Raw lists'!$B$2:$B$627,0))&" | ",""))&IF(M17="","",IFERROR(INDEX('Raw lists'!$B$2:$B$627,MATCH(M17,'Raw lists'!$B$2:$B$627,0))&" | ",""))&IF(N17="","",IFERROR(INDEX('Raw lists'!$B$2:$B$627,MATCH(N17,'Raw lists'!$B$2:$B$627,0))&" | ",""))&IF(O17="","",IFERROR(INDEX('Raw lists'!$B$2:$B$627,MATCH(O17,'Raw lists'!$B$2:$B$627,0))&" | ",""))&IF(P17="","",IFERROR(INDEX('Raw lists'!$B$2:$B$627,MATCH(P17,'Raw lists'!$B$2:$B$627,0))&" | ","")))=0,"",LEFT(IF(K17="","",IFERROR(INDEX('Raw lists'!$B$2:$B$627,MATCH(K17,'Raw lists'!$B$2:$B$627,0))&" | ",""))&IF(L17="","",IFERROR(INDEX('Raw lists'!$B$2:$B$627,MATCH(L17,'Raw lists'!$B$2:$B$627,0))&" | ",""))&IF(M17="","",IFERROR(INDEX('Raw lists'!$B$2:$B$627,MATCH(M17,'Raw lists'!$B$2:$B$627,0))&" | ",""))&IF(N17="","",IFERROR(INDEX('Raw lists'!$B$2:$B$627,MATCH(N17,'Raw lists'!$B$2:$B$627,0))&" | ",""))&IF(O17="","",IFERROR(INDEX('Raw lists'!$B$2:$B$627,MATCH(O17,'Raw lists'!$B$2:$B$627,0))&" | ",""))&IF(P17="","",IFERROR(INDEX('Raw lists'!$B$2:$B$627,MATCH(P17,'Raw lists'!$B$2:$B$627,0))&" | ","")),LEN(IF(K17="","",IFERROR(INDEX('Raw lists'!$B$2:$B$627,MATCH(K17,'Raw lists'!$B$2:$B$627,0))&" | ",""))&IF(L17="","",IFERROR(INDEX('Raw lists'!$B$2:$B$627,MATCH(L17,'Raw lists'!$B$2:$B$627,0))&" | ",""))&IF(M17="","",IFERROR(INDEX('Raw lists'!$B$2:$B$627,MATCH(M17,'Raw lists'!$B$2:$B$627,0))&" | ",""))&IF(N17="","",IFERROR(INDEX('Raw lists'!$B$2:$B$627,MATCH(N17,'Raw lists'!$B$2:$B$627,0))&" | ",""))&IF(O17="","",IFERROR(INDEX('Raw lists'!$B$2:$B$627,MATCH(O17,'Raw lists'!$B$2:$B$627,0))&" | ",""))&IF(P17="","",IFERROR(INDEX('Raw lists'!$B$2:$B$627,MATCH(P17,'Raw lists'!$B$2:$B$627,0))&" | ","")))-3)) -> Ordinary Ray | E17: =IF(LEN(IF(K17="","",IFERROR(INDEX('Raw lists'!$C$2:$C$616,MATCH(K17,'Raw lists'!$C$2:$C$616,0))&" | ",""))&IF(L17="","",IFERROR(INDEX('Raw lists'!$C$2:$C$616,MATCH(L17,'Raw lists'!$C$2:$C$616,0))&" | ",""))&IF(M17="","",IFERROR(INDEX('Raw lists'!$C$2:$C$616,MATCH(M17,'Raw lists'!$C$2:$C$616,0))&" | ",""))&IF(N17="","",IFERROR(INDEX('Raw lists'!$C$2:$C$616,MATCH(N17,'Raw lists'!$C$2:$C$616,0))&" | ",""))&IF(O17="","",IFERROR(INDEX('Raw lists'!$C$2:$C$616,MATCH(O17,'Raw lists'!$C$2:$C$616,0))&" | ",""))&IF(P17="","",IFERROR(INDEX('Raw lists'!$C$2:$C$616,MATCH(P17,'Raw lists'!$C$2:$C$616,0))&" | ","")))=0,"",LEFT(IF(K17="","",IFERROR(INDEX('Raw lists'!$C$2:$C$616,MATCH(K17,'Raw lists'!$C$2:$C$616,0))&" | ",""))&IF(L17="","",IFERROR(INDEX('Raw lists'!$C$2:$C$616,MATCH(L17,'Raw lists'!$C$2:$C$616,0))&" | ",""))&IF(M17="","",IFERROR(INDEX('Raw lists'!$C$2:$C$616,MATCH(M17,'Raw lists'!$C$2:$C$616,0))&" | ",""))&IF(N17="","",IFERROR(INDEX('Raw lists'!$C$2:$C$616,MATCH(N17,'Raw lists'!$C$2:$C$616,0))&" | ",""))&IF(O17="","",IFERROR(INDEX('Raw lists'!$C$2:$C$616,MATCH(O17,'Raw lists'!$C$2:$C$616,0))&" | ",""))&IF(P17="","",IFERROR(INDEX('Raw lists'!$C$2:$C$616,MATCH(P17,'Raw lists'!$C$2:$C$616,0))&" | ","")),LEN(IF(K17="","",IFERROR(INDEX('Raw lists'!$C$2:$C$616,MATCH(K17,'Raw lists'!$C$2:$C$616,0))&" | ",""))&IF(L17="","",IFERROR(INDEX('Raw lists'!$C$2:$C$616,MATCH(L17,'Raw lists'!$C$2:$C$616,0))&" | ",""))&IF(M17="","",IFERROR(INDEX('Raw lists'!$C$2:$C$616,MATCH(M17,'Raw lists'!$C$2:$C$616,0))&" | ",""))&IF(N17="","",IFERROR(INDEX('Raw lists'!$C$2:$C$616,MATCH(N17,'Raw lists'!$C$2:$C$616,0))&" | ",""))&IF(O17="","",IFERROR(INDEX('Raw lists'!$C$2:$C$616,MATCH(O17,'Raw lists'!$C$2:$C$616,0))&" | ",""))&IF(P17="","",IFERROR(INDEX('Raw lists'!$C$2:$C$616,MATCH(P17,'Raw lists'!$C$2:$C$616,0))&" | ","")))-3)) -> Ordinary Ray | O-ray | F17: Core | G17: The refracted ray that obeys Snell's law. | H17: =COUNTIF(C17:E17,"?*") -> 3 | I17: =IF(H17=0,"None",IF(H17=3,"All three",IF(H17=1,"Only "&TRIM(IF(C17<>"","Gemini ","")&IF(D17<>"","RAKE ","")&IF(E17<>"","YAKE","")),SUBSTITUTE(TRIM(IF(C17<>"","Gemini ","")&IF(D17<>"","RAKE ","")&IF(E17<>"","YAKE",""))," "," + ")))) -> All three | K17: Ordinary Ray | L17: O-ray | M17: O Ray
A18: 17 | B18: Extraordinary ray (E-ray) | C18: =IF(LEN(IF(K18="","",IFERROR(INDEX('Raw lists'!$A$2:$A$192,MATCH(K18,'Raw lists'!$A$2:$A$192,0))&" | ",""))&IF(L18="","",IFERROR(INDEX('Raw lists'!$A$2:$A$192,MATCH(L18,'Raw lists'!$A$2:$A$192,0))&" | ",""))&IF(M18="","",IFERROR(INDEX('Raw lists'!$A$2:$A$192,MATCH(M18,'Raw lists'!$A$2:$A$192,0))&" | ",""))&IF(N18="","",IFERROR(INDEX('Raw lists'!$A$2:$A$192,MATCH(N18,'Raw lists'!$A$2:$A$192,0))&" | ",""))&IF(O18="","",IFERROR(INDEX('Raw lists'!$A$2:$A$192,MATCH(O18,'Raw lists'!$A$2:$A$192,0))&" | ",""))&IF(P18="","",IFERROR(INDEX('Raw lists'!$A$2:$A$192,MATCH(P18,'Raw lists'!$A$2:$A$192,0))&" | ","")))=0,"",LEFT(IF(K18="","",IFERROR(INDEX('Raw lists'!$A$2:$A$192,MATCH(K18,'Raw lists'!$A$2:$A$192,0))&" | ",""))&IF(L18="","",IFERROR(INDEX('Raw lists'!$A$2:$A$192,MATCH(L18,'Raw lists'!$A$2:$A$192,0))&" | ",""))&IF(M18="","",IFERROR(INDEX('Raw lists'!$A$2:$A$192,MATCH(M18,'Raw lists'!$A$2:$A$192,0))&" | ",""))&IF(N18="","",IFERROR(INDEX('Raw lists'!$A$2:$A$192,MATCH(N18,'Raw lists'!$A$2:$A$192,0))&" | ",""))&IF(O18="","",IFERROR(INDEX('Raw lists'!$A$2:$A$192,MATCH(O18,'Raw lists'!$A$2:$A$192,0))&" | ",""))&IF(P18="","",IFERROR(INDEX('Raw lists'!$A$2:$A$192,MATCH(P18,'Raw lists'!$A$2:$A$192,0))&" | ","")),LEN(IF(K18="","",IFERROR(INDEX('Raw lists'!$A$2:$A$192,MATCH(K18,'Raw lists'!$A$2:$A$192,0))&" | ",""))&IF(L18="","",IFERROR(INDEX('Raw lists'!$A$2:$A$192,MATCH(L18,'Raw lists'!$A$2:$A$192,0))&" | ",""))&IF(M18="","",IFERROR(INDEX('Raw lists'!$A$2:$A$192,MATCH(M18,'Raw lists'!$A$2:$A$192,0))&" | ",""))&IF(N18="","",IFERROR(INDEX('Raw lists'!$A$2:$A$192,MATCH(N18,'Raw lists'!$A$2:$A$192,0))&" | ",""))&IF(O18="","",IFERROR(INDEX('Raw lists'!$A$2:$A$192,MATCH(O18,'Raw lists'!$A$2:$A$192,0))&" | ",""))&IF(P18="","",IFERROR(INDEX('Raw lists'!$A$2:$A$192,MATCH(P18,'Raw lists'!$A$2:$A$192,0))&" | ","")))-3)) -> Extraordinary Ray | D18: =IF(LEN(IF(K18="","",IFERROR(INDEX('Raw lists'!$B$2:$B$627,MATCH(K18,'Raw lists'!$B$2:$B$627,0))&" | ",""))&IF(L18="","",IFERROR(INDEX('Raw lists'!$B$2:$B$627,MATCH(L18,'Raw lists'!$B$2:$B$627,0))&" | ",""))&IF(M18="","",IFERROR(INDEX('Raw lists'!$B$2:$B$627,MATCH(M18,'Raw lists'!$B$2:$B$627,0))&" | ",""))&IF(N18="","",IFERROR(INDEX('Raw lists'!$B$2:$B$627,MATCH(N18,'Raw lists'!$B$2:$B$627,0))&" | ",""))&IF(O18="","",IFERROR(INDEX('Raw lists'!$B$2:$B$627,MATCH(O18,'Raw lists'!$B$2:$B$627,0))&" | ",""))&IF(P18="","",IFERROR(INDEX('Raw lists'!$B$2:$B$627,MATCH(P18,'Raw lists'!$B$2:$B$627,0))&" | ","")))=0,"",LEFT(IF(K18="","",IFERROR(INDEX('Raw lists'!$B$2:$B$627,MATCH(K18,'Raw lists'!$B$2:$B$627,0))&" | ",""))&IF(L18="","",IFERROR(INDEX('Raw lists'!$B$2:$B$627,MATCH(L18,'Raw lists'!$B$2:$B$627,0))&" | ",""))&IF(M18="","",IFERROR(INDEX('Raw lists'!$B$2:$B$627,MATCH(M18,'Raw lists'!$B$2:$B$627,0))&" | ",""))&IF(N18="","",IFERROR(INDEX('Raw lists'!$B$2:$B$627,MATCH(N18,'Raw lists'!$B$2:$B$627,0))&" | ",""))&IF(O18="","",IFERROR(INDEX('Raw lists'!$B$2:$B$627,MATCH(O18,'Raw lists'!$B$2:$B$627,0))&" | ",""))&IF(P18="","",IFERROR(INDEX('Raw lists'!$B$2:$B$627,MATCH(P18,'Raw lists'!$B$2:$B$627,0))&" | ","")),LEN(IF(K18="","",IFERROR(INDEX('Raw lists'!$B$2:$B$627,MATCH(K18,'Raw lists'!$B$2:$B$627,0))&" | ",""))&IF(L18="","",IFERROR(INDEX('Raw lists'!$B$2:$B$627,MATCH(L18,'Raw lists'!$B$2:$B$627,0))&" | ",""))&IF(M18="","",IFERROR(INDEX('Raw lists'!$B$2:$B$627,MATCH(M18,'Raw lists'!$B$2:$B$627,0))&" | ",""))&IF(N18="","",IFERROR(INDEX('Raw lists'!$B$2:$B$627,MATCH(N18,'Raw lists'!$B$2:$B$627,0))&" | ",""))&IF(O18="","",IFERROR(INDEX('Raw lists'!$B$2:$B$627,MATCH(O18,'Raw lists'!$B$2:$B$627,0))&" | ",""))&IF(P18="","",IFERROR(INDEX('Raw lists'!$B$2:$B$627,MATCH(P18,'Raw lists'!$B$2:$B$627,0))&" | ","")))-3)) -> Extraordinary Ray | E18: =IF(LEN(IF(K18="","",IFERROR(INDEX('Raw lists'!$C$2:$C$616,MATCH(K18,'Raw lists'!$C$2:$C$616,0))&" | ",""))&IF(L18="","",IFERROR(INDEX('Raw lists'!$C$2:$C$616,MATCH(L18,'Raw lists'!$C$2:$C$616,0))&" | ",""))&IF(M18="","",IFERROR(INDEX('Raw lists'!$C$2:$C$616,MATCH(M18,'Raw lists'!$C$2:$C$616,0))&" | ",""))&IF(N18="","",IFERROR(INDEX('Raw lists'!$C$2:$C$616,MATCH(N18,'Raw lists'!$C$2:$C$616,0))&" | ",""))&IF(O18="","",IFERROR(INDEX('Raw lists'!$C$2:$C$616,MATCH(O18,'Raw lists'!$C$2:$C$616,0))&" | ",""))&IF(P18="","",IFERROR(INDEX('Raw lists'!$C$2:$C$616,MATCH(P18,'Raw lists'!$C$2:$C$616,0))&" | ","")))=0,"",LEFT(IF(K18="","",IFERROR(INDEX('Raw lists'!$C$2:$C$616,MATCH(K18,'Raw lists'!$C$2:$C$616,0))&" | ",""))&IF(L18="","",IFERROR(INDEX('Raw lists'!$C$2:$C$616,MATCH(L18,'Raw lists'!$C$2:$C$616,0))&" | ",""))&IF(M18="","",IFERROR(INDEX('Raw lists'!$C$2:$C$616,MATCH(M18,'Raw lists'!$C$2:$C$616,0))&" | ",""))&IF(N18="","",IFERROR(INDEX('Raw lists'!$C$2:$C$616,MATCH(N18,'Raw lists'!$C$2:$C$616,0))&" | ",""))&IF(O18="","",IFERROR(INDEX('Raw lists'!$C$2:$C$616,MATCH(O18,'Raw lists'!$C$2:$C$616,0))&" | ",""))&IF(P18="","",IFERROR(INDEX('Raw lists'!$C$2:$C$616,MATCH(P18,'Raw lists'!$C$2:$C$616,0))&" | ","")),LEN(IF(K18="","",IFERROR(INDEX('Raw lists'!$C$2:$C$616,MATCH(K18,'Raw lists'!$C$2:$C$616,0))&" | ",""))&IF(L18="","",IFERROR(INDEX('Raw lists'!$C$2:$C$616,MATCH(L18,'Raw lists'!$C$2:$C$616,0))&" | ",""))&IF(M18="","",IFERROR(INDEX('Raw lists'!$C$2:$C$616,MATCH(M18,'Raw lists'!$C$2:$C$616,0))&" | ",""))&IF(N18="","",IFERROR(INDEX('Raw lists'!$C$2:$C$616,MATCH(N18,'Raw lists'!$C$2:$C$616,0))&" | ",""))&IF(O18="","",IFERROR(INDEX('Raw lists'!$C$2:$C$616,MATCH(O18,'Raw lists'!$C$2:$C$616,0))&" | ",""))&IF(P18="","",IFERROR(INDEX('Raw lists'!$C$2:$C$616,MATCH(P18,'Raw lists'!$C$2:$C$616,0))&" | ","")))-3)) -> Extraordinary Ray | E-ray | F18: Core | G18: The refracted ray that does not obey Snell's law. | H18: =COUNTIF(C18:E18,"?*") -> 3 | I18: =IF(H18=0,"None",IF(H18=3,"All three",IF(H18=1,"Only "&TRIM(IF(C18<>"","Gemini ","")&IF(D18<>"","RAKE ","")&IF(E18<>"","YAKE","")),SUBSTITUTE(TRIM(IF(C18<>"","Gemini ","")&IF(D18<>"","RAKE ","")&IF(E18<>"","YAKE",""))," "," + ")))) -> All three | K18: Extraordinary Ray | L18: E-ray | M18: E Ray
A19: 18 | B19: Snell's law | C19: =IF(LEN(IF(K19="","",IFERROR(INDEX('Raw lists'!$A$2:$A$192,MATCH(K19,'Raw lists'!$A$2:$A$192,0))&" | ",""))&IF(L19="","",IFERROR(INDEX('Raw lists'!$A$2:$A$192,MATCH(L19,'Raw lists'!$A$2:$A$192,0))&" | ",""))&IF(M19="","",IFERROR(INDEX('Raw lists'!$A$2:$A$192,MATCH(M19,'Raw lists'!$A$2:$A$192,0))&" | ",""))&IF(N19="","",IFERROR(INDEX('Raw lists'!$A$2:$A$192,MATCH(N19,'Raw lists'!$A$2:$A$192,0))&" | ",""))&IF(O19="","",IFERROR(INDEX('Raw lists'!$A$2:$A$192,MATCH(O19,'Raw lists'!$A$2:$A$192,0))&" | ",""))&IF(P19="","",IFERROR(INDEX('Raw lists'!$A$2:$A$192,MATCH(P19,'Raw lists'!$A$2:$A$192,0))&" | ","")))=0,"",LEFT(IF(K19="","",IFERROR(INDEX('Raw lists'!$A$2:$A$192,MATCH(K19,'Raw lists'!$A$2:$A$192,0))&" | ",""))&IF(L19="","",IFERROR(INDEX('Raw lists'!$A$2:$A$192,MATCH(L19,'Raw lists'!$A$2:$A$192,0))&" | ",""))&IF(M19="","",IFERROR(INDEX('Raw lists'!$A$2:$A$192,MATCH(M19,'Raw lists'!$A$2:$A$192,0))&" | ",""))&IF(N19="","",IFERROR(INDEX('Raw lists'!$A$2:$A$192,MATCH(N19,'Raw lists'!$A$2:$A$192,0))&" | ",""))&IF(O19="","",IFERROR(INDEX('Raw lists'!$A$2:$A$192,MATCH(O19,'Raw lists'!$A$2:$A$192,0))&" | ",""))&IF(P19="","",IFERROR(INDEX('Raw lists'!$A$2:$A$192,MATCH(P19,'Raw lists'!$A$2:$A$192,0))&" | ","")),LEN(IF(K19="","",IFERROR(INDEX('Raw lists'!$A$2:$A$192,MATCH(K19,'Raw lists'!$A$2:$A$192,0))&" | ",""))&IF(L19="","",IFERROR(INDEX('Raw lists'!$A$2:$A$192,MATCH(L19,'Raw lists'!$A$2:$A$192,0))&" | ",""))&IF(M19="","",IFERROR(INDEX('Raw lists'!$A$2:$A$192,MATCH(M19,'Raw lists'!$A$2:$A$192,0))&" | ",""))&IF(N19="","",IFERROR(INDEX('Raw lists'!$A$2:$A$192,MATCH(N19,'Raw lists'!$A$2:$A$192,0))&" | ",""))&IF(O19="","",IFERROR(INDEX('Raw lists'!$A$2:$A$192,MATCH(O19,'Raw lists'!$A$2:$A$192,0))&" | ",""))&IF(P19="","",IFERROR(INDEX('Raw lists'!$A$2:$A$192,MATCH(P19,'Raw lists'!$A$2:$A$192,0))&" | ","")))-3)) | D19: =IF(LEN(IF(K19="","",IFERROR(INDEX('Raw lists'!$B$2:$B$627,MATCH(K19,'Raw lists'!$B$2:$B$627,0))&" | ",""))&IF(L19="","",IFERROR(INDEX('Raw lists'!$B$2:$B$627,MATCH(L19,'Raw lists'!$B$2:$B$627,0))&" | ",""))&IF(M19="","",IFERROR(INDEX('Raw lists'!$B$2:$B$627,MATCH(M19,'Raw lists'!$B$2:$B$627,0))&" | ",""))&IF(N19="","",IFERROR(INDEX('Raw lists'!$B$2:$B$627,MATCH(N19,'Raw lists'!$B$2:$B$627,0))&" | ",""))&IF(O19="","",IFERROR(INDEX('Raw lists'!$B$2:$B$627,MATCH(O19,'Raw lists'!$B$2:$B$627,0))&" | ",""))&IF(P19="","",IFERROR(INDEX('Raw lists'!$B$2:$B$627,MATCH(P19,'Raw lists'!$B$2:$B$627,0))&" | ","")))=0,"",LEFT(IF(K19="","",IFERROR(INDEX('Raw lists'!$B$2:$B$627,MATCH(K19,'Raw lists'!$B$2:$B$627,0))&" | ",""))&IF(L19="","",IFERROR(INDEX('Raw lists'!$B$2:$B$627,MATCH(L19,'Raw lists'!$B$2:$B$627,0))&" | ",""))&IF(M19="","",IFERROR(INDEX('Raw lists'!$B$2:$B$627,MATCH(M19,'Raw lists'!$B$2:$B$627,0))&" | ",""))&IF(N19="","",IFERROR(INDEX('Raw lists'!$B$2:$B$627,MATCH(N19,'Raw lists'!$B$2:$B$627,0))&" | ",""))&IF(O19="","",IFERROR(INDEX('Raw lists'!$B$2:$B$627,MATCH(O19,'Raw lists'!$B$2:$B$627,0))&" | ",""))&IF(P19="","",IFERROR(INDEX('Raw lists'!$B$2:$B$627,MATCH(P19,'Raw lists'!$B$2:$B$627,0))&" | ","")),LEN(IF(K19="","",IFERROR(INDEX('Raw lists'!$B$2:$B$627,MATCH(K19,'Raw lists'!$B$2:$B$627,0))&" | ",""))&IF(L19="","",IFERROR(INDEX('Raw lists'!$B$2:$B$627,MATCH(L19,'Raw lists'!$B$2:$B$627,0))&" | ",""))&IF(M19="","",IFERROR(INDEX('Raw lists'!$B$2:$B$627,MATCH(M19,'Raw lists'!$B$2:$B$627,0))&" | ",""))&IF(N19="","",IFERROR(INDEX('Raw lists'!$B$2:$B$627,MATCH(N19,'Raw lists'!$B$2:$B$627,0))&" | ",""))&IF(O19="","",IFERROR(INDEX('Raw lists'!$B$2:$B$627,MATCH(O19,'Raw lists'!$B$2:$B$627,0))&" | ",""))&IF(P19="","",IFERROR(INDEX('Raw lists'!$B$2:$B$627,MATCH(P19,'Raw lists'!$B$2:$B$627,0))&" | ","")))-3)) | E19: =IF(LEN(IF(K19="","",IFERROR(INDEX('Raw lists'!$C$2:$C$616,MATCH(K19,'Raw lists'!$C$2:$C$616,0))&" | ",""))&IF(L19="","",IFERROR(INDEX('Raw lists'!$C$2:$C$616,MATCH(L19,'Raw lists'!$C$2:$C$616,0))&" | ",""))&IF(M19="","",IFERROR(INDEX('Raw lists'!$C$2:$C$616,MATCH(M19,'Raw lists'!$C$2:$C$616,0))&" | ",""))&IF(N19="","",IFERROR(INDEX('Raw lists'!$C$2:$C$616,MATCH(N19,'Raw lists'!$C$2:$C$616,0))&" | ",""))&IF(O19="","",IFERROR(INDEX('Raw lists'!$C$2:$C$616,MATCH(O19,'Raw lists'!$C$2:$C$616,0))&" | ",""))&IF(P19="","",IFERROR(INDEX('Raw lists'!$C$2:$C$616,MATCH(P19,'Raw lists'!$C$2:$C$616,0))&" | ","")))=0,"",LEFT(IF(K19="","",IFERROR(INDEX('Raw lists'!$C$2:$C$616,MATCH(K19,'Raw lists'!$C$2:$C$616,0))&" | ",""))&IF(L19="","",IFERROR(INDEX('Raw lists'!$C$2:$C$616,MATCH(L19,'Raw lists'!$C$2:$C$616,0))&" | ",""))&IF(M19="","",IFERROR(INDEX('Raw lists'!$C$2:$C$616,MATCH(M19,'Raw lists'!$C$2:$C$616,0))&" | ",""))&IF(N19="","",IFERROR(INDEX('Raw lists'!$C$2:$C$616,MATCH(N19,'Raw lists'!$C$2:$C$616,0))&" | ",""))&IF(O19="","",IFERROR(INDEX('Raw lists'!$C$2:$C$616,MATCH(O19,'Raw lists'!$C$2:$C$616,0))&" | ",""))&IF(P19="","",IFERROR(INDEX('Raw lists'!$C$2:$C$616,MATCH(P19,'Raw lists'!$C$2:$C$616,0))&" | ","")),LEN(IF(K19="","",IFERROR(INDEX('Raw lists'!$C$2:$C$616,MATCH(K19,'Raw lists'!$C$2:$C$616,0))&" | ",""))&IF(L19="","",IFERROR(INDEX('Raw lists'!$C$2:$C$616,MATCH(L19,'Raw lists'!$C$2:$C$616,0))&" | ",""))&IF(M19="","",IFERROR(INDEX('Raw lists'!$C$2:$C$616,MATCH(M19,'Raw lists'!$C$2:$C$616,0))&" | ",""))&IF(N19="","",IFERROR(INDEX('Raw lists'!$C$2:$C$616,MATCH(N19,'Raw lists'!$C$2:$C$616,0))&" | ",""))&IF(O19="","",IFERROR(INDEX('Raw lists'!$C$2:$C$616,MATCH(O19,'Raw lists'!$C$2:$C$616,0))&" | ",""))&IF(P19="","",IFERROR(INDEX('Raw lists'!$C$2:$C$616,MATCH(P19,'Raw lists'!$C$2:$C$616,0))&" | ","")))-3)) -> Snell Law | F19: Core | G19: Law of refraction obeyed by the ordinary ray. | H19: =COUNTIF(C19:E19,"?*") -> 1 | I19: =IF(H19=0,"None",IF(H19=3,"All three",IF(H19=1,"Only "&TRIM(IF(C19<>"","Gemini ","")&IF(D19<>"","RAKE ","")&IF(E19<>"","YAKE","")),SUBSTITUTE(TRIM(IF(C19<>"","Gemini ","")&IF(D19<>"","RAKE ","")&IF(E19<>"","YAKE",""))," "," + ")))) -> Only YAKE | K19: Snell Law | L19: Snell's Law | M19: Snells Law
A20: 19 | B20: Huygens' theory | C20: =IF(LEN(IF(K20="","",IFERROR(INDEX('Raw lists'!$A$2:$A$192,MATCH(K20,'Raw lists'!$A$2:$A$192,0))&" | ",""))&IF(L20="","",IFERROR(INDEX('Raw lists'!$A$2:$A$192,MATCH(L20,'Raw lists'!$A$2:$A$192,0))&" | ",""))&IF(M20="","",IFERROR(INDEX('Raw lists'!$A$2:$A$192,MATCH(M20,'Raw lists'!$A$2:$A$192,0))&" | ",""))&IF(N20="","",IFERROR(INDEX('Raw lists'!$A$2:$A$192,MATCH(N20,'Raw lists'!$A$2:$A$192,0))&" | ",""))&IF(O20="","",IFERROR(INDEX('Raw lists'!$A$2:$A$192,MATCH(O20,'Raw lists'!$A$2:$A$192,0))&" | ",""))&IF(P20="","",IFERROR(INDEX('Raw lists'!$A$2:$A$192,MATCH(P20,'Raw lists'!$A$2:$A$192,0))&" | ","")))=0,"",LEFT(IF(K20="","",IFERROR(INDEX('Raw lists'!$A$2:$A$192,MATCH(K20,'Raw lists'!$A$2:$A$192,0))&" | ",""))&IF(L20="","",IFERROR(INDEX('Raw lists'!$A$2:$A$192,MATCH(L20,'Raw lists'!$A$2:$A$192,0))&" | ",""))&IF(M20="","",IFERROR(INDEX('Raw lists'!$A$2:$A$192,MATCH(M20,'Raw lists'!$A$2:$A$192,0))&" | ",""))&IF(N20="","",IFERROR(INDEX('Raw lists'!$A$2:$A$192,MATCH(N20,'Raw lists'!$A$2:$A$192,0))&" | ",""))&IF(O20="","",IFERROR(INDEX('Raw lists'!$A$2:$A$192,MATCH(O20,'Raw lists'!$A$2:$A$192,0))&" | ",""))&IF(P20="","",IFERROR(INDEX('Raw lists'!$A$2:$A$192,MATCH(P20,'Raw lists'!$A$2:$A$192,0))&" | ","")),LEN(IF(K20="","",IFERROR(INDEX('Raw lists'!$A$2:$A$192,MATCH(K20,'Raw lists'!$A$2:$A$192,0))&" | ",""))&IF(L20="","",IFERROR(INDEX('Raw lists'!$A$2:$A$192,MATCH(L20,'Raw lists'!$A$2:$A$192,0))&" | ",""))&IF(M20="","",IFERROR(INDEX('Raw lists'!$A$2:$A$192,MATCH(M20,'Raw lists'!$A$2:$A$192,0))&" | ",""))&IF(N20="","",IFERROR(INDEX('Raw lists'!$A$2:$A$192,MATCH(N20,'Raw lists'!$A$2:$A$192,0))&" | ",""))&IF(O20="","",IFERROR(INDEX('Raw lists'!$A$2:$A$192,MATCH(O20,'Raw lists'!$A$2:$A$192,0))&" | ",""))&IF(P20="","",IFERROR(INDEX('Raw lists'!$A$2:$A$192,MATCH(P20,'Raw lists'!$A$2:$A$192,0))&" | ","")))-3)) | D20: =IF(LEN(IF(K20="","",IFERROR(INDEX('Raw lists'!$B$2:$B$627,MATCH(K20,'Raw lists'!$B$2:$B$627,0))&" | ",""))&IF(L20="","",IFERROR(INDEX('Raw lists'!$B$2:$B$627,MATCH(L20,'Raw lists'!$B$2:$B$627,0))&" | ",""))&IF(M20="","",IFERROR(INDEX('Raw lists'!$B$2:$B$627,MATCH(M20,'Raw lists'!$B$2:$B$627,0))&" | ",""))&IF(N20="","",IFERROR(INDEX('Raw lists'!$B$2:$B$627,MATCH(N20,'Raw lists'!$B$2:$B$627,0))&" | ",""))&IF(O20="","",IFERROR(INDEX('Raw lists'!$B$2:$B$627,MATCH(O20,'Raw lists'!$B$2:$B$627,0))&" | ",""))&IF(P20="","",IFERROR(INDEX('Raw lists'!$B$2:$B$627,MATCH(P20,'Raw lists'!$B$2:$B$627,0))&" | ","")))=0,"",LEFT(IF(K20="","",IFERROR(INDEX('Raw lists'!$B$2:$B$627,MATCH(K20,'Raw lists'!$B$2:$B$627,0))&" | ",""))&IF(L20="","",IFERROR(INDEX('Raw lists'!$B$2:$B$627,MATCH(L20,'Raw lists'!$B$2:$B$627,0))&" | ",""))&IF(M20="","",IFERROR(INDEX('Raw lists'!$B$2:$B$627,MATCH(M20,'Raw lists'!$B$2:$B$627,0))&" | ",""))&IF(N20="","",IFERROR(INDEX('Raw lists'!$B$2:$B$627,MATCH(N20,'Raw lists'!$B$2:$B$627,0))&" | ",""))&IF(O20="","",IFERROR(INDEX('Raw lists'!$B$2:$B$627,MATCH(O20,'Raw lists'!$B$2:$B$627,0))&" | ",""))&IF(P20="","",IFERROR(INDEX('Raw lists'!$B$2:$B$627,MATCH(P20,'Raw lists'!$B$2:$B$627,0))&" | ","")),LEN(IF(K20="","",IFERROR(INDEX('Raw lists'!$B$2:$B$627,MATCH(K20,'Raw lists'!$B$2:$B$627,0))&" | ",""))&IF(L20="","",IFERROR(INDEX('Raw lists'!$B$2:$B$627,MATCH(L20,'Raw lists'!$B$2:$B$627,0))&" | ",""))&IF(M20="","",IFERROR(INDEX('Raw lists'!$B$2:$B$627,MATCH(M20,'Raw lists'!$B$2:$B$627,0))&" | ",""))&IF(N20="","",IFERROR(INDEX('Raw lists'!$B$2:$B$627,MATCH(N20,'Raw lists'!$B$2:$B$627,0))&" | ",""))&IF(O20="","",IFERROR(INDEX('Raw lists'!$B$2:$B$627,MATCH(O20,'Raw lists'!$B$2:$B$627,0))&" | ",""))&IF(P20="","",IFERROR(INDEX('Raw lists'!$B$2:$B$627,MATCH(P20,'Raw lists'!$B$2:$B$627,0))&" | ","")))-3)) -> Huygen | E20: =IF(LEN(IF(K20="","",IFERROR(INDEX('Raw lists'!$C$2:$C$616,MATCH(K20,'Raw lists'!$C$2:$C$616,0))&" | ",""))&IF(L20="","",IFERROR(INDEX('Raw lists'!$C$2:$C$616,MATCH(L20,'Raw lists'!$C$2:$C$616,0))&" | ",""))&IF(M20="","",IFERROR(INDEX('Raw lists'!$C$2:$C$616,MATCH(M20,'Raw lists'!$C$2:$C$616,0))&" | ",""))&IF(N20="","",IFERROR(INDEX('Raw lists'!$C$2:$C$616,MATCH(N20,'Raw lists'!$C$2:$C$616,0))&" | ",""))&IF(O20="","",IFERROR(INDEX('Raw lists'!$C$2:$C$616,MATCH(O20,'Raw lists'!$C$2:$C$616,0))&" | ",""))&IF(P20="","",IFERROR(INDEX('Raw lists'!$C$2:$C$616,MATCH(P20,'Raw lists'!$C$2:$C$616,0))&" | ","")))=0,"",LEFT(IF(K20="","",IFERROR(INDEX('Raw lists'!$C$2:$C$616,MATCH(K20,'Raw lists'!$C$2:$C$616,0))&" | ",""))&IF(L20="","",IFERROR(INDEX('Raw lists'!$C$2:$C$616,MATCH(L20,'Raw lists'!$C$2:$C$616,0))&" | ",""))&IF(M20="","",IFERROR(INDEX('Raw lists'!$C$2:$C$616,MATCH(M20,'Raw lists'!$C$2:$C$616,0))&" | ",""))&IF(N20="","",IFERROR(INDEX('Raw lists'!$C$2:$C$616,MATCH(N20,'Raw lists'!$C$2:$C$616,0))&" | ",""))&IF(O20="","",IFERROR(INDEX('Raw lists'!$C$2:$C$616,MATCH(O20,'Raw lists'!$C$2:$C$616,0))&" | ",""))&IF(P20="","",IFERROR(INDEX('Raw lists'!$C$2:$C$616,MATCH(P20,'Raw lists'!$C$2:$C$616,0))&" | ","")),LEN(IF(K20="","",IFERROR(INDEX('Raw lists'!$C$2:$C$616,MATCH(K20,'Raw lists'!$C$2:$C$616,0))&" | ",""))&IF(L20="","",IFERROR(INDEX('Raw lists'!$C$2:$C$616,MATCH(L20,'Raw lists'!$C$2:$C$616,0))&" | ",""))&IF(M20="","",IFERROR(INDEX('Raw lists'!$C$2:$C$616,MATCH(M20,'Raw lists'!$C$2:$C$616,0))&" | ",""))&IF(N20="","",IFERROR(INDEX('Raw lists'!$C$2:$C$616,MATCH(N20,'Raw lists'!$C$2:$C$616,0))&" | ",""))&IF(O20="","",IFERROR(INDEX('Raw lists'!$C$2:$C$616,MATCH(O20,'Raw lists'!$C$2:$C$616,0))&" | ",""))&IF(P20="","",IFERROR(INDEX('Raw lists'!$C$2:$C$616,MATCH(P20,'Raw lists'!$C$2:$C$616,0))&" | ","")))-3)) -> Huygen | Huygen Theory | F20: Core | G20: Explains double refraction using the principle of secondary wavelets. | H20: =COUNTIF(C20:E20,"?*") -> 2 | I20: =IF(H20=0,"None",IF(H20=3,"All three",IF(H20=1,"Only "&TRIM(IF(C20<>"","Gemini ","")&IF(D20<>"","RAKE ","")&IF(E20<>"","YAKE","")),SUBSTITUTE(TRIM(IF(C20<>"","Gemini ","")&IF(D20<>"","RAKE ","")&IF(E20<>"","YAKE",""))," "," + ")))) -> RAKE + YAKE | K20: Huygen | L20: Huygen Theory | M20: Huygens Theory
A21: 20 | B21: Secondary wavelets | C21: =IF(LEN(IF(K21="","",IFERROR(INDEX('Raw lists'!$A$2:$A$192,MATCH(K21,'Raw lists'!$A$2:$A$192,0))&" | ",""))&IF(L21="","",IFERROR(INDEX('Raw lists'!$A$2:$A$192,MATCH(L21,'Raw lists'!$A$2:$A$192,0))&" | ",""))&IF(M21="","",IFERROR(INDEX('Raw lists'!$A$2:$A$192,MATCH(M21,'Raw lists'!$A$2:$A$192,0))&" | ",""))&IF(N21="","",IFERROR(INDEX('Raw lists'!$A$2:$A$192,MATCH(N21,'Raw lists'!$A$2:$A$192,0))&" | ",""))&IF(O21="","",IFERROR(INDEX('Raw lists'!$A$2:$A$192,MATCH(O21,'Raw lists'!$A$2:$A$192,0))&" | ",""))&IF(P21="","",IFERROR(INDEX('Raw lists'!$A$2:$A$192,MATCH(P21,'Raw lists'!$A$2:$A$192,0))&" | ","")))=0,"",LEFT(IF(K21="","",IFERROR(INDEX('Raw lists'!$A$2:$A$192,MATCH(K21,'Raw lists'!$A$2:$A$192,0))&" | ",""))&IF(L21="","",IFERROR(INDEX('Raw lists'!$A$2:$A$192,MATCH(L21,'Raw lists'!$A$2:$A$192,0))&" | ",""))&IF(M21="","",IFERROR(INDEX('Raw lists'!$A$2:$A$192,MATCH(M21,'Raw lists'!$A$2:$A$192,0))&" | ",""))&IF(N21="","",IFERROR(INDEX('Raw lists'!$A$2:$A$192,MATCH(N21,'Raw lists'!$A$2:$A$192,0))&" | ",""))&IF(O21="","",IFERROR(INDEX('Raw lists'!$A$2:$A$192,MATCH(O21,'Raw lists'!$A$2:$A$192,0))&" | ",""))&IF(P21="","",IFERROR(INDEX('Raw lists'!$A$2:$A$192,MATCH(P21,'Raw lists'!$A$2:$A$192,0))&" | ","")),LEN(IF(K21="","",IFERROR(INDEX('Raw lists'!$A$2:$A$192,MATCH(K21,'Raw lists'!$A$2:$A$192,0))&" | ",""))&IF(L21="","",IFERROR(INDEX('Raw lists'!$A$2:$A$192,MATCH(L21,'Raw lists'!$A$2:$A$192,0))&" | ",""))&IF(M21="","",IFERROR(INDEX('Raw lists'!$A$2:$A$192,MATCH(M21,'Raw lists'!$A$2:$A$192,0))&" | ",""))&IF(N21="","",IFERROR(INDEX('Raw lists'!$A$2:$A$192,MATCH(N21,'Raw lists'!$A$2:$A$192,0))&" | ",""))&IF(O21="","",IFERROR(INDEX('Raw lists'!$A$2:$A$192,MATCH(O21,'Raw lists'!$A$2:$A$192,0))&" | ",""))&IF(P21="","",IFERROR(INDEX('Raw lists'!$A$2:$A$192,MATCH(P21,'Raw lists'!$A$2:$A$192,0))&" | ","")))-3)) | D21: =IF(LEN(IF(K21="","",IFERROR(INDEX('Raw lists'!$B$2:$B$627,MATCH(K21,'Raw lists'!$B$2:$B$627,0))&" | ",""))&IF(L21="","",IFERROR(INDEX('Raw lists'!$B$2:$B$627,MATCH(L21,'Raw lists'!$B$2:$B$627,0))&" | ",""))&IF(M21="","",IFERROR(INDEX('Raw lists'!$B$2:$B$627,MATCH(M21,'Raw lists'!$B$2:$B$627,0))&" | ",""))&IF(N21="","",IFERROR(INDEX('Raw lists'!$B$2:$B$627,MATCH(N21,'Raw lists'!$B$2:$B$627,0))&" | ",""))&IF(O21="","",IFERROR(INDEX('Raw lists'!$B$2:$B$627,MATCH(O21,'Raw lists'!$B$2:$B$627,0))&" | ",""))&IF(P21="","",IFERROR(INDEX('Raw lists'!$B$2:$B$627,MATCH(P21,'Raw lists'!$B$2:$B$627,0))&" | ","")))=0,"",LEFT(IF(K21="","",IFERROR(INDEX('Raw lists'!$B$2:$B$627,MATCH(K21,'Raw lists'!$B$2:$B$627,0))&" | ",""))&IF(L21="","",IFERROR(INDEX('Raw lists'!$B$2:$B$627,MATCH(L21,'Raw lists'!$B$2:$B$627,0))&" | ",""))&IF(M21="","",IFERROR(INDEX('Raw lists'!$B$2:$B$627,MATCH(M21,'Raw lists'!$B$2:$B$627,0))&" | ",""))&IF(N21="","",IFERROR(INDEX('Raw lists'!$B$2:$B$627,MATCH(N21,'Raw lists'!$B$2:$B$627,0))&" | ",""))&IF(O21="","",IFERROR(INDEX('Raw lists'!$B$2:$B$627,MATCH(O21,'Raw lists'!$B$2:$B$627,0))&" | ",""))&IF(P21="","",IFERROR(INDEX('Raw lists'!$B$2:$B$627,MATCH(P21,'Raw lists'!$B$2:$B$627,0))&" | ","")),LEN(IF(K21="","",IFERROR(INDEX('Raw lists'!$B$2:$B$627,MATCH(K21,'Raw lists'!$B$2:$B$627,0))&" | ",""))&IF(L21="","",IFERROR(INDEX('Raw lists'!$B$2:$B$627,MATCH(L21,'Raw lists'!$B$2:$B$627,0))&" | ",""))&IF(M21="","",IFERROR(INDEX('Raw lists'!$B$2:$B$627,MATCH(M21,'Raw lists'!$B$2:$B$627,0))&" | ",""))&IF(N21="","",IFERROR(INDEX('Raw lists'!$B$2:$B$627,MATCH(N21,'Raw lists'!$B$2:$B$627,0))&" | ",""))&IF(O21="","",IFERROR(INDEX('Raw lists'!$B$2:$B$627,MATCH(O21,'Raw lists'!$B$2:$B$627,0))&" | ",""))&IF(P21="","",IFERROR(INDEX('Raw lists'!$B$2:$B$627,MATCH(P21,'Raw lists'!$B$2:$B$627,0))&" | ","")))-3)) -> Wavelets | E21: =IF(LEN(IF(K21="","",IFERROR(INDEX('Raw lists'!$C$2:$C$616,MATCH(K21,'Raw lists'!$C$2:$C$616,0))&" | ",""))&IF(L21="","",IFERROR(INDEX('Raw lists'!$C$2:$C$616,MATCH(L21,'Raw lists'!$C$2:$C$616,0))&" | ",""))&IF(M21="","",IFERROR(INDEX('Raw lists'!$C$2:$C$616,MATCH(M21,'Raw lists'!$C$2:$C$616,0))&" | ",""))&IF(N21="","",IFERROR(INDEX('Raw lists'!$C$2:$C$616,MATCH(N21,'Raw lists'!$C$2:$C$616,0))&" | ",""))&IF(O21="","",IFERROR(INDEX('Raw lists'!$C$2:$C$616,MATCH(O21,'Raw lists'!$C$2:$C$616,0))&" | ",""))&IF(P21="","",IFERROR(INDEX('Raw lists'!$C$2:$C$616,MATCH(P21,'Raw lists'!$C$2:$C$616,0))&" | ","")))=0,"",LEFT(IF(K21="","",IFERROR(INDEX('Raw lists'!$C$2:$C$616,MATCH(K21,'Raw lists'!$C$2:$C$616,0))&" | ",""))&IF(L21="","",IFERROR(INDEX('Raw lists'!$C$2:$C$616,MATCH(L21,'Raw lists'!$C$2:$C$616,0))&" | ",""))&IF(M21="","",IFERROR(INDEX('Raw lists'!$C$2:$C$616,MATCH(M21,'Raw lists'!$C$2:$C$616,0))&" | ",""))&IF(N21="","",IFERROR(INDEX('Raw lists'!$C$2:$C$616,MATCH(N21,'Raw lists'!$C$2:$C$616,0))&" | ",""))&IF(O21="","",IFERROR(INDEX('Raw lists'!$C$2:$C$616,MATCH(O21,'Raw lists'!$C$2:$C$616,0))&" | ",""))&IF(P21="","",IFERROR(INDEX('Raw lists'!$C$2:$C$616,MATCH(P21,'Raw lists'!$C$2:$C$616,0))&" | ","")),LEN(IF(K21="","",IFERROR(INDEX('Raw lists'!$C$2:$C$616,MATCH(K21,'Raw lists'!$C$2:$C$616,0))&" | ",""))&IF(L21="","",IFERROR(INDEX('Raw lists'!$C$2:$C$616,MATCH(L21,'Raw lists'!$C$2:$C$616,0))&" | ",""))&IF(M21="","",IFERROR(INDEX('Raw lists'!$C$2:$C$616,MATCH(M21,'Raw lists'!$C$2:$C$616,0))&" | ",""))&IF(N21="","",IFERROR(INDEX('Raw lists'!$C$2:$C$616,MATCH(N21,'Raw lists'!$C$2:$C$616,0))&" | ",""))&IF(O21="","",IFERROR(INDEX('Raw lists'!$C$2:$C$616,MATCH(O21,'Raw lists'!$C$2:$C$616,0))&" | ",""))&IF(P21="","",IFERROR(INDEX('Raw lists'!$C$2:$C$616,MATCH(P21,'Raw lists'!$C$2:$C$616,0))&" | ","")))-3)) -> Secondary Wavelets | F21: Core | G21: Each point on the surface sends out two wavefronts, one for each ray. | H21: =COUNTIF(C21:E21,"?*") -> 2 | I21: =IF(H21=0,"None",IF(H21=3,"All three",IF(H21=1,"Only "&TRIM(IF(C21<>"","Gemini ","")&IF(D21<>"","RAKE ","")&IF(E21<>"","YAKE","")),SUBSTITUTE(TRIM(IF(C21<>"","Gemini ","")&IF(D21<>"","RAKE ","")&IF(E21<>"","YAKE",""))," "," + ")))) -> RAKE + YAKE | K21: Secondary Wavelets | L21: Wavelets
A22: 21 | B22: Wavefront | C22: =IF(LEN(IF(K22="","",IFERROR(INDEX('Raw lists'!$A$2:$A$192,MATCH(K22,'Raw lists'!$A$2:$A$192,0))&" | ",""))&IF(L22="","",IFERROR(INDEX('Raw lists'!$A$2:$A$192,MATCH(L22,'Raw lists'!$A$2:$A$192,0))&" | ",""))&IF(M22="","",IFERROR(INDEX('Raw lists'!$A$2:$A$192,MATCH(M22,'Raw lists'!$A$2:$A$192,0))&" | ",""))&IF(N22="","",IFERROR(INDEX('Raw lists'!$A$2:$A$192,MATCH(N22,'Raw lists'!$A$2:$A$192,0))&" | ",""))&IF(O22="","",IFERROR(INDEX('Raw lists'!$A$2:$A$192,MATCH(O22,'Raw lists'!$A$2:$A$192,0))&" | ",""))&IF(P22="","",IFERROR(INDEX('Raw lists'!$A$2:$A$192,MATCH(P22,'Raw lists'!$A$2:$A$192,0))&" | ","")))=0,"",LEFT(IF(K22="","",IFERROR(INDEX('Raw lists'!$A$2:$A$192,MATCH(K22,'Raw lists'!$A$2:$A$192,0))&" | ",""))&IF(L22="","",IFERROR(INDEX('Raw lists'!$A$2:$A$192,MATCH(L22,'Raw lists'!$A$2:$A$192,0))&" | ",""))&IF(M22="","",IFERROR(INDEX('Raw lists'!$A$2:$A$192,MATCH(M22,'Raw lists'!$A$2:$A$192,0))&" | ",""))&IF(N22="","",IFERROR(INDEX('Raw lists'!$A$2:$A$192,MATCH(N22,'Raw lists'!$A$2:$A$192,0))&" | ",""))&IF(O22="","",IFERROR(INDEX('Raw lists'!$A$2:$A$192,MATCH(O22,'Raw lists'!$A$2:$A$192,0))&" | ",""))&IF(P22="","",IFERROR(INDEX('Raw lists'!$A$2:$A$192,MATCH(P22,'Raw lists'!$A$2:$A$192,0))&" | ","")),LEN(IF(K22="","",IFERROR(INDEX('Raw lists'!$A$2:$A$192,MATCH(K22,'Raw lists'!$A$2:$A$192,0))&" | ",""))&IF(L22="","",IFERROR(INDEX('Raw lists'!$A$2:$A$192,MATCH(L22,'Raw lists'!$A$2:$A$192,0))&" | ",""))&IF(M22="","",IFERROR(INDEX('Raw lists'!$A$2:$A$192,MATCH(M22,'Raw lists'!$A$2:$A$192,0))&" | ",""))&IF(N22="","",IFERROR(INDEX('Raw lists'!$A$2:$A$192,MATCH(N22,'Raw lists'!$A$2:$A$192,0))&" | ",""))&IF(O22="","",IFERROR(INDEX('Raw lists'!$A$2:$A$192,MATCH(O22,'Raw lists'!$A$2:$A$192,0))&" | ",""))&IF(P22="","",IFERROR(INDEX('Raw lists'!$A$2:$A$192,MATCH(P22,'Raw lists'!$A$2:$A$192,0))&" | ","")))-3)) | D22: =IF(LEN(IF(K22="","",IFERROR(INDEX('Raw lists'!$B$2:$B$627,MATCH(K22,'Raw lists'!$B$2:$B$627,0))&" | ",""))&IF(L22="","",IFERROR(INDEX('Raw lists'!$B$2:$B$627,MATCH(L22,'Raw lists'!$B$2:$B$627,0))&" | ",""))&IF(M22="","",IFERROR(INDEX('Raw lists'!$B$2:$B$627,MATCH(M22,'Raw lists'!$B$2:$B$627,0))&" | ",""))&IF(N22="","",IFERROR(INDEX('Raw lists'!$B$2:$B$627,MATCH(N22,'Raw lists'!$B$2:$B$627,0))&" | ",""))&IF(O22="","",IFERROR(INDEX('Raw lists'!$B$2:$B$627,MATCH(O22,'Raw lists'!$B$2:$B$627,0))&" | ",""))&IF(P22="","",IFERROR(INDEX('Raw lists'!$B$2:$B$627,MATCH(P22,'Raw lists'!$B$2:$B$627,0))&" | ","")))=0,"",LEFT(IF(K22="","",IFERROR(INDEX('Raw lists'!$B$2:$B$627,MATCH(K22,'Raw lists'!$B$2:$B$627,0))&" | ",""))&IF(L22="","",IFERROR(INDEX('Raw lists'!$B$2:$B$627,MATCH(L22,'Raw lists'!$B$2:$B$627,0))&" | ",""))&IF(M22="","",IFERROR(INDEX('Raw lists'!$B$2:$B$627,MATCH(M22,'Raw lists'!$B$2:$B$627,0))&" | ",""))&IF(N22="","",IFERROR(INDEX('Raw lists'!$B$2:$B$627,MATCH(N22,'Raw lists'!$B$2:$B$627,0))&" | ",""))&IF(O22="","",IFERROR(INDEX('Raw lists'!$B$2:$B$627,MATCH(O22,'Raw lists'!$B$2:$B$627,0))&" | ",""))&IF(P22="","",IFERROR(INDEX('Raw lists'!$B$2:$B$627,MATCH(P22,'Raw lists'!$B$2:$B$627,0))&" | ","")),LEN(IF(K22="","",IFERROR(INDEX('Raw lists'!$B$2:$B$627,MATCH(K22,'Raw lists'!$B$2:$B$627,0))&" | ",""))&IF(L22="","",IFERROR(INDEX('Raw lists'!$B$2:$B$627,MATCH(L22,'Raw lists'!$B$2:$B$627,0))&" | ",""))&IF(M22="","",IFERROR(INDEX('Raw lists'!$B$2:$B$627,MATCH(M22,'Raw lists'!$B$2:$B$627,0))&" | ",""))&IF(N22="","",IFERROR(INDEX('Raw lists'!$B$2:$B$627,MATCH(N22,'Raw lists'!$B$2:$B$627,0))&" | ",""))&IF(O22="","",IFERROR(INDEX('Raw lists'!$B$2:$B$627,MATCH(O22,'Raw lists'!$B$2:$B$627,0))&" | ",""))&IF(P22="","",IFERROR(INDEX('Raw lists'!$B$2:$B$627,MATCH(P22,'Raw lists'!$B$2:$B$627,0))&" | ","")))-3)) -> Wavefront | Wavefronts | E22: =IF(LEN(IF(K22="","",IFERROR(INDEX('Raw lists'!$C$2:$C$616,MATCH(K22,'Raw lists'!$C$2:$C$616,0))&" | ",""))&IF(L22="","",IFERROR(INDEX('Raw lists'!$C$2:$C$616,MATCH(L22,'Raw lists'!$C$2:$C$616,0))&" | ",""))&IF(M22="","",IFERROR(INDEX('Raw lists'!$C$2:$C$616,MATCH(M22,'Raw lists'!$C$2:$C$616,0))&" | ",""))&IF(N22="","",IFERROR(INDEX('Raw lists'!$C$2:$C$616,MATCH(N22,'Raw lists'!$C$2:$C$616,0))&" | ",""))&IF(O22="","",IFERROR(INDEX('Raw lists'!$C$2:$C$616,MATCH(O22,'Raw lists'!$C$2:$C$616,0))&" | ",""))&IF(P22="","",IFERROR(INDEX('Raw lists'!$C$2:$C$616,MATCH(P22,'Raw lists'!$C$2:$C$616,0))&" | ","")))=0,"",LEFT(IF(K22="","",IFERROR(INDEX('Raw lists'!$C$2:$C$616,MATCH(K22,'Raw lists'!$C$2:$C$616,0))&" | ",""))&IF(L22="","",IFERROR(INDEX('Raw lists'!$C$2:$C$616,MATCH(L22,'Raw lists'!$C$2:$C$616,0))&" | ",""))&IF(M22="","",IFERROR(INDEX('Raw lists'!$C$2:$C$616,MATCH(M22,'Raw lists'!$C$2:$C$616,0))&" | ",""))&IF(N22="","",IFERROR(INDEX('Raw lists'!$C$2:$C$616,MATCH(N22,'Raw lists'!$C$2:$C$616,0))&" | ",""))&IF(O22="","",IFERROR(INDEX('Raw lists'!$C$2:$C$616,MATCH(O22,'Raw lists'!$C$2:$C$616,0))&" | ",""))&IF(P22="","",IFERROR(INDEX('Raw lists'!$C$2:$C$616,MATCH(P22,'Raw lists'!$C$2:$C$616,0))&" | ","")),LEN(IF(K22="","",IFERROR(INDEX('Raw lists'!$C$2:$C$616,MATCH(K22,'Raw lists'!$C$2:$C$616,0))&" | ",""))&IF(L22="","",IFERROR(INDEX('Raw lists'!$C$2:$C$616,MATCH(L22,'Raw lists'!$C$2:$C$616,0))&" | ",""))&IF(M22="","",IFERROR(INDEX('Raw lists'!$C$2:$C$616,MATCH(M22,'Raw lists'!$C$2:$C$616,0))&" | ",""))&IF(N22="","",IFERROR(INDEX('Raw lists'!$C$2:$C$616,MATCH(N22,'Raw lists'!$C$2:$C$616,0))&" | ",""))&IF(O22="","",IFERROR(INDEX('Raw lists'!$C$2:$C$616,MATCH(O22,'Raw lists'!$C$2:$C$616,0))&" | ",""))&IF(P22="","",IFERROR(INDEX('Raw lists'!$C$2:$C$616,MATCH(P22,'Raw lists'!$C$2:$C$616,0))&" | ","")))-3)) -> Wavefront | F22: Core | G22: Surface of constant phase; the O-ray and E-ray have different wavefronts. | H22: =COUNTIF(C22:E22,"?*") -> 2 | I22: =IF(H22=0,"None",IF(H22=3,"All three",IF(H22=1,"Only "&TRIM(IF(C22<>"","Gemini ","")&IF(D22<>"","RAKE ","")&IF(E22<>"","YAKE","")),SUBSTITUTE(TRIM(IF(C22<>"","Gemini ","")&IF(D22<>"","RAKE ","")&IF(E22<>"","YAKE",""))," "," + ")))) -> RAKE + YAKE | K22: Wavefront | L22: Wavefronts
A23: 22 | B23: Spherical wavefront | C23: =IF(LEN(IF(K23="","",IFERROR(INDEX('Raw lists'!$A$2:$A$192,MATCH(K23,'Raw lists'!$A$2:$A$192,0))&" | ",""))&IF(L23="","",IFERROR(INDEX('Raw lists'!$A$2:$A$192,MATCH(L23,'Raw lists'!$A$2:$A$192,0))&" | ",""))&IF(M23="","",IFERROR(INDEX('Raw lists'!$A$2:$A$192,MATCH(M23,'Raw lists'!$A$2:$A$192,0))&" | ",""))&IF(N23="","",IFERROR(INDEX('Raw lists'!$A$2:$A$192,MATCH(N23,'Raw lists'!$A$2:$A$192,0))&" | ",""))&IF(O23="","",IFERROR(INDEX('Raw lists'!$A$2:$A$192,MATCH(O23,'Raw lists'!$A$2:$A$192,0))&" | ",""))&IF(P23="","",IFERROR(INDEX('Raw lists'!$A$2:$A$192,MATCH(P23,'Raw lists'!$A$2:$A$192,0))&" | ","")))=0,"",LEFT(IF(K23="","",IFERROR(INDEX('Raw lists'!$A$2:$A$192,MATCH(K23,'Raw lists'!$A$2:$A$192,0))&" | ",""))&IF(L23="","",IFERROR(INDEX('Raw lists'!$A$2:$A$192,MATCH(L23,'Raw lists'!$A$2:$A$192,0))&" | ",""))&IF(M23="","",IFERROR(INDEX('Raw lists'!$A$2:$A$192,MATCH(M23,'Raw lists'!$A$2:$A$192,0))&" | ",""))&IF(N23="","",IFERROR(INDEX('Raw lists'!$A$2:$A$192,MATCH(N23,'Raw lists'!$A$2:$A$192,0))&" | ",""))&IF(O23="","",IFERROR(INDEX('Raw lists'!$A$2:$A$192,MATCH(O23,'Raw lists'!$A$2:$A$192,0))&" | ",""))&IF(P23="","",IFERROR(INDEX('Raw lists'!$A$2:$A$192,MATCH(P23,'Raw lists'!$A$2:$A$192,0))&" | ","")),LEN(IF(K23="","",IFERROR(INDEX('Raw lists'!$A$2:$A$192,MATCH(K23,'Raw lists'!$A$2:$A$192,0))&" | ",""))&IF(L23="","",IFERROR(INDEX('Raw lists'!$A$2:$A$192,MATCH(L23,'Raw lists'!$A$2:$A$192,0))&" | ",""))&IF(M23="","",IFERROR(INDEX('Raw lists'!$A$2:$A$192,MATCH(M23,'Raw lists'!$A$2:$A$192,0))&" | ",""))&IF(N23="","",IFERROR(INDEX('Raw lists'!$A$2:$A$192,MATCH(N23,'Raw lists'!$A$2:$A$192,0))&" | ",""))&IF(O23="","",IFERROR(INDEX('Raw lists'!$A$2:$A$192,MATCH(O23,'Raw lists'!$A$2:$A$192,0))&" | ",""))&IF(P23="","",IFERROR(INDEX('Raw lists'!$A$2:$A$192,MATCH(P23,'Raw lists'!$A$2:$A$192,0))&" | ","")))-3)) | D23: =IF(LEN(IF(K23="","",IFERROR(INDEX('Raw lists'!$B$2:$B$627,MATCH(K23,'Raw lists'!$B$2:$B$627,0))&" | ",""))&IF(L23="","",IFERROR(INDEX('Raw lists'!$B$2:$B$627,MATCH(L23,'Raw lists'!$B$2:$B$627,0))&" | ",""))&IF(M23="","",IFERROR(INDEX('Raw lists'!$B$2:$B$627,MATCH(M23,'Raw lists'!$B$2:$B$627,0))&" | ",""))&IF(N23="","",IFERROR(INDEX('Raw lists'!$B$2:$B$627,MATCH(N23,'Raw lists'!$B$2:$B$627,0))&" | ",""))&IF(O23="","",IFERROR(INDEX('Raw lists'!$B$2:$B$627,MATCH(O23,'Raw lists'!$B$2:$B$627,0))&" | ",""))&IF(P23="","",IFERROR(INDEX('Raw lists'!$B$2:$B$627,MATCH(P23,'Raw lists'!$B$2:$B$627,0))&" | ","")))=0,"",LEFT(IF(K23="","",IFERROR(INDEX('Raw lists'!$B$2:$B$627,MATCH(K23,'Raw lists'!$B$2:$B$627,0))&" | ",""))&IF(L23="","",IFERROR(INDEX('Raw lists'!$B$2:$B$627,MATCH(L23,'Raw lists'!$B$2:$B$627,0))&" | ",""))&IF(M23="","",IFERROR(INDEX('Raw lists'!$B$2:$B$627,MATCH(M23,'Raw lists'!$B$2:$B$627,0))&" | ",""))&IF(N23="","",IFERROR(INDEX('Raw lists'!$B$2:$B$627,MATCH(N23,'Raw lists'!$B$2:$B$627,0))&" | ",""))&IF(O23="","",IFERROR(INDEX('Raw lists'!$B$2:$B$627,MATCH(O23,'Raw lists'!$B$2:$B$627,0))&" | ",""))&IF(P23="","",IFERROR(INDEX('Raw lists'!$B$2:$B$627,MATCH(P23,'Raw lists'!$B$2:$B$627,0))&" | ","")),LEN(IF(K23="","",IFERROR(INDEX('Raw lists'!$B$2:$B$627,MATCH(K23,'Raw lists'!$B$2:$B$627,0))&" | ",""))&IF(L23="","",IFERROR(INDEX('Raw lists'!$B$2:$B$627,MATCH(L23,'Raw lists'!$B$2:$B$627,0))&" | ",""))&IF(M23="","",IFERROR(INDEX('Raw lists'!$B$2:$B$627,MATCH(M23,'Raw lists'!$B$2:$B$627,0))&" | ",""))&IF(N23="","",IFERROR(INDEX('Raw lists'!$B$2:$B$627,MATCH(N23,'Raw lists'!$B$2:$B$627,0))&" | ",""))&IF(O23="","",IFERROR(INDEX('Raw lists'!$B$2:$B$627,MATCH(O23,'Raw lists'!$B$2:$B$627,0))&" | ",""))&IF(P23="","",IFERROR(INDEX('Raw lists'!$B$2:$B$627,MATCH(P23,'Raw lists'!$B$2:$B$627,0))&" | ","")))-3)) | E23: =IF(LEN(IF(K23="","",IFERROR(INDEX('Raw lists'!$C$2:$C$616,MATCH(K23,'Raw lists'!$C$2:$C$616,0))&" | ",""))&IF(L23="","",IFERROR(INDEX('Raw lists'!$C$2:$C$616,MATCH(L23,'Raw lists'!$C$2:$C$616,0))&" | ",""))&IF(M23="","",IFERROR(INDEX('Raw lists'!$C$2:$C$616,MATCH(M23,'Raw lists'!$C$2:$C$616,0))&" | ",""))&IF(N23="","",IFERROR(INDEX('Raw lists'!$C$2:$C$616,MATCH(N23,'Raw lists'!$C$2:$C$616,0))&" | ",""))&IF(O23="","",IFERROR(INDEX('Raw lists'!$C$2:$C$616,MATCH(O23,'Raw lists'!$C$2:$C$616,0))&" | ",""))&IF(P23="","",IFERROR(INDEX('Raw lists'!$C$2:$C$616,MATCH(P23,'Raw lists'!$C$2:$C$616,0))&" | ","")))=0,"",LEFT(IF(K23="","",IFERROR(INDEX('Raw lists'!$C$2:$C$616,MATCH(K23,'Raw lists'!$C$2:$C$616,0))&" | ",""))&IF(L23="","",IFERROR(INDEX('Raw lists'!$C$2:$C$616,MATCH(L23,'Raw lists'!$C$2:$C$616,0))&" | ",""))&IF(M23="","",IFERROR(INDEX('Raw lists'!$C$2:$C$616,MATCH(M23,'Raw lists'!$C$2:$C$616,0))&" | ",""))&IF(N23="","",IFERROR(INDEX('Raw lists'!$C$2:$C$616,MATCH(N23,'Raw lists'!$C$2:$C$616,0))&" | ",""))&IF(O23="","",IFERROR(INDEX('Raw lists'!$C$2:$C$616,MATCH(O23,'Raw lists'!$C$2:$C$616,0))&" | ",""))&IF(P23="","",IFERROR(INDEX('Raw lists'!$C$2:$C$616,MATCH(P23,'Raw lists'!$C$2:$C$616,0))&" | ","")),LEN(IF(K23="","",IFERROR(INDEX('Raw lists'!$C$2:$C$616,MATCH(K23,'Raw lists'!$C$2:$C$616,0))&" | ",""))&IF(L23="","",IFERROR(INDEX('Raw lists'!$C$2:$C$616,MATCH(L23,'Raw lists'!$C$2:$C$616,0))&" | ",""))&IF(M23="","",IFERROR(INDEX('Raw lists'!$C$2:$C$616,MATCH(M23,'Raw lists'!$C$2:$C$616,0))&" | ",""))&IF(N23="","",IFERROR(INDEX('Raw lists'!$C$2:$C$616,MATCH(N23,'Raw lists'!$C$2:$C$616,0))&" | ",""))&IF(O23="","",IFERROR(INDEX('Raw lists'!$C$2:$C$616,MATCH(O23,'Raw lists'!$C$2:$C$616,0))&" | ",""))&IF(P23="","",IFERROR(INDEX('Raw lists'!$C$2:$C$616,MATCH(P23,'Raw lists'!$C$2:$C$616,0))&" | ","")))-3)) -> Spherical Wavefront | F23: Core | G23: Wavefront of the O-ray, since its speed is the same in all directions. | H23: =COUNTIF(C23:E23,"?*") -> 1 | I23: =IF(H23=0,"None",IF(H23=3,"All three",IF(H23=1,"Only "&TRIM(IF(C23<>"","Gemini ","")&IF(D23<>"","RAKE ","")&IF(E23<>"","YAKE","")),SUBSTITUTE(TRIM(IF(C23<>"","Gemini ","")&IF(D23<>"","RAKE ","")&IF(E23<>"","YAKE",""))," "," + ")))) -> Only YAKE | K23: Spherical Wavefront
A24: 23 | B24: Ellipsoidal wavefront | C24: =IF(LEN(IF(K24="","",IFERROR(INDEX('Raw lists'!$A$2:$A$192,MATCH(K24,'Raw lists'!$A$2:$A$192,0))&" | ",""))&IF(L24="","",IFERROR(INDEX('Raw lists'!$A$2:$A$192,MATCH(L24,'Raw lists'!$A$2:$A$192,0))&" | ",""))&IF(M24="","",IFERROR(INDEX('Raw lists'!$A$2:$A$192,MATCH(M24,'Raw lists'!$A$2:$A$192,0))&" | ",""))&IF(N24="","",IFERROR(INDEX('Raw lists'!$A$2:$A$192,MATCH(N24,'Raw lists'!$A$2:$A$192,0))&" | ",""))&IF(O24="","",IFERROR(INDEX('Raw lists'!$A$2:$A$192,MATCH(O24,'Raw lists'!$A$2:$A$192,0))&" | ",""))&IF(P24="","",IFERROR(INDEX('Raw lists'!$A$2:$A$192,MATCH(P24,'Raw lists'!$A$2:$A$192,0))&" | ","")))=0,"",LEFT(IF(K24="","",IFERROR(INDEX('Raw lists'!$A$2:$A$192,MATCH(K24,'Raw lists'!$A$2:$A$192,0))&" | ",""))&IF(L24="","",IFERROR(INDEX('Raw lists'!$A$2:$A$192,MATCH(L24,'Raw lists'!$A$2:$A$192,0))&" | ",""))&IF(M24="","",IFERROR(INDEX('Raw lists'!$A$2:$A$192,MATCH(M24,'Raw lists'!$A$2:$A$192,0))&" | ",""))&IF(N24="","",IFERROR(INDEX('Raw lists'!$A$2:$A$192,MATCH(N24,'Raw lists'!$A$2:$A$192,0))&" | ",""))&IF(O24="","",IFERROR(INDEX('Raw lists'!$A$2:$A$192,MATCH(O24,'Raw lists'!$A$2:$A$192,0))&" | ",""))&IF(P24="","",IFERROR(INDEX('Raw lists'!$A$2:$A$192,MATCH(P24,'Raw lists'!$A$2:$A$192,0))&" | ","")),LEN(IF(K24="","",IFERROR(INDEX('Raw lists'!$A$2:$A$192,MATCH(K24,'Raw lists'!$A$2:$A$192,0))&" | ",""))&IF(L24="","",IFERROR(INDEX('Raw lists'!$A$2:$A$192,MATCH(L24,'Raw lists'!$A$2:$A$192,0))&" | ",""))&IF(M24="","",IFERROR(INDEX('Raw lists'!$A$2:$A$192,MATCH(M24,'Raw lists'!$A$2:$A$192,0))&" | ",""))&IF(N24="","",IFERROR(INDEX('Raw lists'!$A$2:$A$192,MATCH(N24,'Raw lists'!$A$2:$A$192,0))&" | ",""))&IF(O24="","",IFERROR(INDEX('Raw lists'!$A$2:$A$192,MATCH(O24,'Raw lists'!$A$2:$A$192,0))&" | ",""))&IF(P24="","",IFERROR(INDEX('Raw lists'!$A$2:$A$192,MATCH(P24,'Raw lists'!$A$2:$A$192,0))&" | ","")))-3)) | D24: =IF(LEN(IF(K24="","",IFERROR(INDEX('Raw lists'!$B$2:$B$627,MATCH(K24,'Raw lists'!$B$2:$B$627,0))&" | ",""))&IF(L24="","",IFERROR(INDEX('Raw lists'!$B$2:$B$627,MATCH(L24,'Raw lists'!$B$2:$B$627,0))&" | ",""))&IF(M24="","",IFERROR(INDEX('Raw lists'!$B$2:$B$627,MATCH(M24,'Raw lists'!$B$2:$B$627,0))&" | ",""))&IF(N24="","",IFERROR(INDEX('Raw lists'!$B$2:$B$627,MATCH(N24,'Raw lists'!$B$2:$B$627,0))&" | ",""))&IF(O24="","",IFERROR(INDEX('Raw lists'!$B$2:$B$627,MATCH(O24,'Raw lists'!$B$2:$B$627,0))&" | ",""))&IF(P24="","",IFERROR(INDEX('Raw lists'!$B$2:$B$627,MATCH(P24,'Raw lists'!$B$2:$B$627,0))&" | ","")))=0,"",LEFT(IF(K24="","",IFERROR(INDEX('Raw lists'!$B$2:$B$627,MATCH(K24,'Raw lists'!$B$2:$B$627,0))&" | ",""))&IF(L24="","",IFERROR(INDEX('Raw lists'!$B$2:$B$627,MATCH(L24,'Raw lists'!$B$2:$B$627,0))&" | ",""))&IF(M24="","",IFERROR(INDEX('Raw lists'!$B$2:$B$627,MATCH(M24,'Raw lists'!$B$2:$B$627,0))&" | ",""))&IF(N24="","",IFERROR(INDEX('Raw lists'!$B$2:$B$627,MATCH(N24,'Raw lists'!$B$2:$B$627,0))&" | ",""))&IF(O24="","",IFERROR(INDEX('Raw lists'!$B$2:$B$627,MATCH(O24,'Raw lists'!$B$2:$B$627,0))&" | ",""))&IF(P24="","",IFERROR(INDEX('Raw lists'!$B$2:$B$627,MATCH(P24,'Raw lists'!$B$2:$B$627,0))&" | ","")),LEN(IF(K24="","",IFERROR(INDEX('Raw lists'!$B$2:$B$627,MATCH(K24,'Raw lists'!$B$2:$B$627,0))&" | ",""))&IF(L24="","",IFERROR(INDEX('Raw lists'!$B$2:$B$627,MATCH(L24,'Raw lists'!$B$2:$B$627,0))&" | ",""))&IF(M24="","",IFERROR(INDEX('Raw lists'!$B$2:$B$627,MATCH(M24,'Raw lists'!$B$2:$B$627,0))&" | ",""))&IF(N24="","",IFERROR(INDEX('Raw lists'!$B$2:$B$627,MATCH(N24,'Raw lists'!$B$2:$B$627,0))&" | ",""))&IF(O24="","",IFERROR(INDEX('Raw lists'!$B$2:$B$627,MATCH(O24,'Raw lists'!$B$2:$B$627,0))&" | ",""))&IF(P24="","",IFERROR(INDEX('Raw lists'!$B$2:$B$627,MATCH(P24,'Raw lists'!$B$2:$B$627,0))&" | ","")))-3)) | E24: =IF(LEN(IF(K24="","",IFERROR(INDEX('Raw lists'!$C$2:$C$616,MATCH(K24,'Raw lists'!$C$2:$C$616,0))&" | ",""))&IF(L24="","",IFERROR(INDEX('Raw lists'!$C$2:$C$616,MATCH(L24,'Raw lists'!$C$2:$C$616,0))&" | ",""))&IF(M24="","",IFERROR(INDEX('Raw lists'!$C$2:$C$616,MATCH(M24,'Raw lists'!$C$2:$C$616,0))&" | ",""))&IF(N24="","",IFERROR(INDEX('Raw lists'!$C$2:$C$616,MATCH(N24,'Raw lists'!$C$2:$C$616,0))&" | ",""))&IF(O24="","",IFERROR(INDEX('Raw lists'!$C$2:$C$616,MATCH(O24,'Raw lists'!$C$2:$C$616,0))&" | ",""))&IF(P24="","",IFERROR(INDEX('Raw lists'!$C$2:$C$616,MATCH(P24,'Raw lists'!$C$2:$C$616,0))&" | ","")))=0,"",LEFT(IF(K24="","",IFERROR(INDEX('Raw lists'!$C$2:$C$616,MATCH(K24,'Raw lists'!$C$2:$C$616,0))&" | ",""))&IF(L24="","",IFERROR(INDEX('Raw lists'!$C$2:$C$616,MATCH(L24,'Raw lists'!$C$2:$C$616,0))&" | ",""))&IF(M24="","",IFERROR(INDEX('Raw lists'!$C$2:$C$616,MATCH(M24,'Raw lists'!$C$2:$C$616,0))&" | ",""))&IF(N24="","",IFERROR(INDEX('Raw lists'!$C$2:$C$616,MATCH(N24,'Raw lists'!$C$2:$C$616,0))&" | ",""))&IF(O24="","",IFERROR(INDEX('Raw lists'!$C$2:$C$616,MATCH(O24,'Raw lists'!$C$2:$C$616,0))&" | ",""))&IF(P24="","",IFERROR(INDEX('Raw lists'!$C$2:$C$616,MATCH(P24,'Raw lists'!$C$2:$C$616,0))&" | ","")),LEN(IF(K24="","",IFERROR(INDEX('Raw lists'!$C$2:$C$616,MATCH(K24,'Raw lists'!$C$2:$C$616,0))&" | ",""))&IF(L24="","",IFERROR(INDEX('Raw lists'!$C$2:$C$616,MATCH(L24,'Raw lists'!$C$2:$C$616,0))&" | ",""))&IF(M24="","",IFERROR(INDEX('Raw lists'!$C$2:$C$616,MATCH(M24,'Raw lists'!$C$2:$C$616,0))&" | ",""))&IF(N24="","",IFERROR(INDEX('Raw lists'!$C$2:$C$616,MATCH(N24,'Raw lists'!$C$2:$C$616,0))&" | ",""))&IF(O24="","",IFERROR(INDEX('Raw lists'!$C$2:$C$616,MATCH(O24,'Raw lists'!$C$2:$C$616,0))&" | ",""))&IF(P24="","",IFERROR(INDEX('Raw lists'!$C$2:$C$616,MATCH(P24,'Raw lists'!$C$2:$C$616,0))&" | ","")))-3)) | F24: Core | G24: Wavefront of the E-ray, since its speed varies with direction. | H24: =COUNTIF(C24:E24,"?*") -> 0 | I24: =IF(H24=0,"None",IF(H24=3,"All three",IF(H24=1,"Only "&TRIM(IF(C24<>"","Gemini ","")&IF(D24<>"","RAKE ","")&IF(E24<>"","YAKE","")),SUBSTITUTE(TRIM(IF(C24<>"","Gemini ","")&IF(D24<>"","RAKE ","")&IF(E24<>"","YAKE",""))," "," + ")))) -> None | K24: Ellipsoidal Wavefront | L24: Elliptical Wavefront
A25: 24 | B25: Refractive index (μo, μe) | C25: =IF(LEN(IF(K25="","",IFERROR(INDEX('Raw lists'!$A$2:$A$192,MATCH(K25,'Raw lists'!$A$2:$A$192,0))&" | ",""))&IF(L25="","",IFERROR(INDEX('Raw lists'!$A$2:$A$192,MATCH(L25,'Raw lists'!$A$2:$A$192,0))&" | ",""))&IF(M25="","",IFERROR(INDEX('Raw lists'!$A$2:$A$192,MATCH(M25,'Raw lists'!$A$2:$A$192,0))&" | ",""))&IF(N25="","",IFERROR(INDEX('Raw lists'!$A$2:$A$192,MATCH(N25,'Raw lists'!$A$2:$A$192,0))&" | ",""))&IF(O25="","",IFERROR(INDEX('Raw lists'!$A$2:$A$192,MATCH(O25,'Raw lists'!$A$2:$A$192,0))&" | ",""))&IF(P25="","",IFERROR(INDEX('Raw lists'!$A$2:$A$192,MATCH(P25,'Raw lists'!$A$2:$A$192,0))&" | ","")))=0,"",LEFT(IF(K25="","",IFERROR(INDEX('Raw lists'!$A$2:$A$192,MATCH(K25,'Raw lists'!$A$2:$A$192,0))&" | ",""))&IF(L25="","",IFERROR(INDEX('Raw lists'!$A$2:$A$192,MATCH(L25,'Raw lists'!$A$2:$A$192,0))&" | ",""))&IF(M25="","",IFERROR(INDEX('Raw lists'!$A$2:$A$192,MATCH(M25,'Raw lists'!$A$2:$A$192,0))&" | ",""))&IF(N25="","",IFERROR(INDEX('Raw lists'!$A$2:$A$192,MATCH(N25,'Raw lists'!$A$2:$A$192,0))&" | ",""))&IF(O25="","",IFERROR(INDEX('Raw lists'!$A$2:$A$192,MATCH(O25,'Raw lists'!$A$2:$A$192,0))&" | ",""))&IF(P25="","",IFERROR(INDEX('Raw lists'!$A$2:$A$192,MATCH(P25,'Raw lists'!$A$2:$A$192,0))&" | ","")),LEN(IF(K25="","",IFERROR(INDEX('Raw lists'!$A$2:$A$192,MATCH(K25,'Raw lists'!$A$2:$A$192,0))&" | ",""))&IF(L25="","",IFERROR(INDEX('Raw lists'!$A$2:$A$192,MATCH(L25,'Raw lists'!$A$2:$A$192,0))&" | ",""))&IF(M25="","",IFERROR(INDEX('Raw lists'!$A$2:$A$192,MATCH(M25,'Raw lists'!$A$2:$A$192,0))&" | ",""))&IF(N25="","",IFERROR(INDEX('Raw lists'!$A$2:$A$192,MATCH(N25,'Raw lists'!$A$2:$A$192,0))&" | ",""))&IF(O25="","",IFERROR(INDEX('Raw lists'!$A$2:$A$192,MATCH(O25,'Raw lists'!$A$2:$A$192,0))&" | ",""))&IF(P25="","",IFERROR(INDEX('Raw lists'!$A$2:$A$192,MATCH(P25,'Raw lists'!$A$2:$A$192,0))&" | ","")))-3)) | D25: =IF(LEN(IF(K25="","",IFERROR(INDEX('Raw lists'!$B$2:$B$627,MATCH(K25,'Raw lists'!$B$2:$B$627,0))&" | ",""))&IF(L25="","",IFERROR(INDEX('Raw lists'!$B$2:$B$627,MATCH(L25,'Raw lists'!$B$2:$B$627,0))&" | ",""))&IF(M25="","",IFERROR(INDEX('Raw lists'!$B$2:$B$627,MATCH(M25,'Raw lists'!$B$2:$B$627,0))&" | ",""))&IF(N25="","",IFERROR(INDEX('Raw lists'!$B$2:$B$627,MATCH(N25,'Raw lists'!$B$2:$B$627,0))&" | ",""))&IF(O25="","",IFERROR(INDEX('Raw lists'!$B$2:$B$627,MATCH(O25,'Raw lists'!$B$2:$B$627,0))&" | ",""))&IF(P25="","",IFERROR(INDEX('Raw lists'!$B$2:$B$627,MATCH(P25,'Raw lists'!$B$2:$B$627,0))&" | ","")))=0,"",LEFT(IF(K25="","",IFERROR(INDEX('Raw lists'!$B$2:$B$627,MATCH(K25,'Raw lists'!$B$2:$B$627,0))&" | ",""))&IF(L25="","",IFERROR(INDEX('Raw lists'!$B$2:$B$627,MATCH(L25,'Raw lists'!$B$2:$B$627,0))&" | ",""))&IF(M25="","",IFERROR(INDEX('Raw lists'!$B$2:$B$627,MATCH(M25,'Raw lists'!$B$2:$B$627,0))&" | ",""))&IF(N25="","",IFERROR(INDEX('Raw lists'!$B$2:$B$627,MATCH(N25,'Raw lists'!$B$2:$B$627,0))&" | ",""))&IF(O25="","",IFERROR(INDEX('Raw lists'!$B$2:$B$627,MATCH(O25,'Raw lists'!$B$2:$B$627,0))&" | ",""))&IF(P25="","",IFERROR(INDEX('Raw lists'!$B$2:$B$627,MATCH(P25,'Raw lists'!$B$2:$B$627,0))&" | ","")),LEN(IF(K25="","",IFERROR(INDEX('Raw lists'!$B$2:$B$627,MATCH(K25,'Raw lists'!$B$2:$B$627,0))&" | ",""))&IF(L25="","",IFERROR(INDEX('Raw lists'!$B$2:$B$627,MATCH(L25,'Raw lists'!$B$2:$B$627,0))&" | ",""))&IF(M25="","",IFERROR(INDEX('Raw lists'!$B$2:$B$627,MATCH(M25,'Raw lists'!$B$2:$B$627,0))&" | ",""))&IF(N25="","",IFERROR(INDEX('Raw lists'!$B$2:$B$627,MATCH(N25,'Raw lists'!$B$2:$B$627,0))&" | ",""))&IF(O25="","",IFERROR(INDEX('Raw lists'!$B$2:$B$627,MATCH(O25,'Raw lists'!$B$2:$B$627,0))&" | ",""))&IF(P25="","",IFERROR(INDEX('Raw lists'!$B$2:$B$627,MATCH(P25,'Raw lists'!$B$2:$B$627,0))&" | ","")))-3)) -> Refractive Index | E25: =IF(LEN(IF(K25="","",IFERROR(INDEX('Raw lists'!$C$2:$C$616,MATCH(K25,'Raw lists'!$C$2:$C$616,0))&" | ",""))&IF(L25="","",IFERROR(INDEX('Raw lists'!$C$2:$C$616,MATCH(L25,'Raw lists'!$C$2:$C$616,0))&" | ",""))&IF(M25="","",IFERROR(INDEX('Raw lists'!$C$2:$C$616,MATCH(M25,'Raw lists'!$C$2:$C$616,0))&" | ",""))&IF(N25="","",IFERROR(INDEX('Raw lists'!$C$2:$C$616,MATCH(N25,'Raw lists'!$C$2:$C$616,0))&" | ",""))&IF(O25="","",IFERROR(INDEX('Raw lists'!$C$2:$C$616,MATCH(O25,'Raw lists'!$C$2:$C$616,0))&" | ",""))&IF(P25="","",IFERROR(INDEX('Raw lists'!$C$2:$C$616,MATCH(P25,'Raw lists'!$C$2:$C$616,0))&" | ","")))=0,"",LEFT(IF(K25="","",IFERROR(INDEX('Raw lists'!$C$2:$C$616,MATCH(K25,'Raw lists'!$C$2:$C$616,0))&" | ",""))&IF(L25="","",IFERROR(INDEX('Raw lists'!$C$2:$C$616,MATCH(L25,'Raw lists'!$C$2:$C$616,0))&" | ",""))&IF(M25="","",IFERROR(INDEX('Raw lists'!$C$2:$C$616,MATCH(M25,'Raw lists'!$C$2:$C$616,0))&" | ",""))&IF(N25="","",IFERROR(INDEX('Raw lists'!$C$2:$C$616,MATCH(N25,'Raw lists'!$C$2:$C$616,0))&" | ",""))&IF(O25="","",IFERROR(INDEX('Raw lists'!$C$2:$C$616,MATCH(O25,'Raw lists'!$C$2:$C$616,0))&" | ",""))&IF(P25="","",IFERROR(INDEX('Raw lists'!$C$2:$C$616,MATCH(P25,'Raw lists'!$C$2:$C$616,0))&" | ","")),LEN(IF(K25="","",IFERROR(INDEX('Raw lists'!$C$2:$C$616,MATCH(K25,'Raw lists'!$C$2:$C$616,0))&" | ",""))&IF(L25="","",IFERROR(INDEX('Raw lists'!$C$2:$C$616,MATCH(L25,'Raw lists'!$C$2:$C$616,0))&" | ",""))&IF(M25="","",IFERROR(INDEX('Raw lists'!$C$2:$C$616,MATCH(M25,'Raw lists'!$C$2:$C$616,0))&" | ",""))&IF(N25="","",IFERROR(INDEX('Raw lists'!$C$2:$C$616,MATCH(N25,'Raw lists'!$C$2:$C$616,0))&" | ",""))&IF(O25="","",IFERROR(INDEX('Raw lists'!$C$2:$C$616,MATCH(O25,'Raw lists'!$C$2:$C$616,0))&" | ",""))&IF(P25="","",IFERROR(INDEX('Raw lists'!$C$2:$C$616,MATCH(P25,'Raw lists'!$C$2:$C$616,0))&" | ","")))-3)) -> Refractive Index | F25: Core | G25: Equals c/v; constant for the O-ray and direction-dependent for the E-ray. | H25: =COUNTIF(C25:E25,"?*") -> 2 | I25: =IF(H25=0,"None",IF(H25=3,"All three",IF(H25=1,"Only "&TRIM(IF(C25<>"","Gemini ","")&IF(D25<>"","RAKE ","")&IF(E25<>"","YAKE","")),SUBSTITUTE(TRIM(IF(C25<>"","Gemini ","")&IF(D25<>"","RAKE ","")&IF(E25<>"","YAKE",""))," "," + ")))) -> RAKE + YAKE | K25: Refractive Index
A26: 25 | B26: Positive crystals | C26: =IF(LEN(IF(K26="","",IFERROR(INDEX('Raw lists'!$A$2:$A$192,MATCH(K26,'Raw lists'!$A$2:$A$192,0))&" | ",""))&IF(L26="","",IFERROR(INDEX('Raw lists'!$A$2:$A$192,MATCH(L26,'Raw lists'!$A$2:$A$192,0))&" | ",""))&IF(M26="","",IFERROR(INDEX('Raw lists'!$A$2:$A$192,MATCH(M26,'Raw lists'!$A$2:$A$192,0))&" | ",""))&IF(N26="","",IFERROR(INDEX('Raw lists'!$A$2:$A$192,MATCH(N26,'Raw lists'!$A$2:$A$192,0))&" | ",""))&IF(O26="","",IFERROR(INDEX('Raw lists'!$A$2:$A$192,MATCH(O26,'Raw lists'!$A$2:$A$192,0))&" | ",""))&IF(P26="","",IFERROR(INDEX('Raw lists'!$A$2:$A$192,MATCH(P26,'Raw lists'!$A$2:$A$192,0))&" | ","")))=0,"",LEFT(IF(K26="","",IFERROR(INDEX('Raw lists'!$A$2:$A$192,MATCH(K26,'Raw lists'!$A$2:$A$192,0))&" | ",""))&IF(L26="","",IFERROR(INDEX('Raw lists'!$A$2:$A$192,MATCH(L26,'Raw lists'!$A$2:$A$192,0))&" | ",""))&IF(M26="","",IFERROR(INDEX('Raw lists'!$A$2:$A$192,MATCH(M26,'Raw lists'!$A$2:$A$192,0))&" | ",""))&IF(N26="","",IFERROR(INDEX('Raw lists'!$A$2:$A$192,MATCH(N26,'Raw lists'!$A$2:$A$192,0))&" | ",""))&IF(O26="","",IFERROR(INDEX('Raw lists'!$A$2:$A$192,MATCH(O26,'Raw lists'!$A$2:$A$192,0))&" | ",""))&IF(P26="","",IFERROR(INDEX('Raw lists'!$A$2:$A$192,MATCH(P26,'Raw lists'!$A$2:$A$192,0))&" | ","")),LEN(IF(K26="","",IFERROR(INDEX('Raw lists'!$A$2:$A$192,MATCH(K26,'Raw lists'!$A$2:$A$192,0))&" | ",""))&IF(L26="","",IFERROR(INDEX('Raw lists'!$A$2:$A$192,MATCH(L26,'Raw lists'!$A$2:$A$192,0))&" | ",""))&IF(M26="","",IFERROR(INDEX('Raw lists'!$A$2:$A$192,MATCH(M26,'Raw lists'!$A$2:$A$192,0))&" | ",""))&IF(N26="","",IFERROR(INDEX('Raw lists'!$A$2:$A$192,MATCH(N26,'Raw lists'!$A$2:$A$192,0))&" | ",""))&IF(O26="","",IFERROR(INDEX('Raw lists'!$A$2:$A$192,MATCH(O26,'Raw lists'!$A$2:$A$192,0))&" | ",""))&IF(P26="","",IFERROR(INDEX('Raw lists'!$A$2:$A$192,MATCH(P26,'Raw lists'!$A$2:$A$192,0))&" | ","")))-3)) -> Positive Crystals | D26: =IF(LEN(IF(K26="","",IFERROR(INDEX('Raw lists'!$B$2:$B$627,MATCH(K26,'Raw lists'!$B$2:$B$627,0))&" | ",""))&IF(L26="","",IFERROR(INDEX('Raw lists'!$B$2:$B$627,MATCH(L26,'Raw lists'!$B$2:$B$627,0))&" | ",""))&IF(M26="","",IFERROR(INDEX('Raw lists'!$B$2:$B$627,MATCH(M26,'Raw lists'!$B$2:$B$627,0))&" | ",""))&IF(N26="","",IFERROR(INDEX('Raw lists'!$B$2:$B$627,MATCH(N26,'Raw lists'!$B$2:$B$627,0))&" | ",""))&IF(O26="","",IFERROR(INDEX('Raw lists'!$B$2:$B$627,MATCH(O26,'Raw lists'!$B$2:$B$627,0))&" | ",""))&IF(P26="","",IFERROR(INDEX('Raw lists'!$B$2:$B$627,MATCH(P26,'Raw lists'!$B$2:$B$627,0))&" | ","")))=0,"",LEFT(IF(K26="","",IFERROR(INDEX('Raw lists'!$B$2:$B$627,MATCH(K26,'Raw lists'!$B$2:$B$627,0))&" | ",""))&IF(L26="","",IFERROR(INDEX('Raw lists'!$B$2:$B$627,MATCH(L26,'Raw lists'!$B$2:$B$627,0))&" | ",""))&IF(M26="","",IFERROR(INDEX('Raw lists'!$B$2:$B$627,MATCH(M26,'Raw lists'!$B$2:$B$627,0))&" | ",""))&IF(N26="","",IFERROR(INDEX('Raw lists'!$B$2:$B$627,MATCH(N26,'Raw lists'!$B$2:$B$627,0))&" | ",""))&IF(O26="","",IFERROR(INDEX('Raw lists'!$B$2:$B$627,MATCH(O26,'Raw lists'!$B$2:$B$627,0))&" | ",""))&IF(P26="","",IFERROR(INDEX('Raw lists'!$B$2:$B$627,MATCH(P26,'Raw lists'!$B$2:$B$627,0))&" | ","")),LEN(IF(K26="","",IFERROR(INDEX('Raw lists'!$B$2:$B$627,MATCH(K26,'Raw lists'!$B$2:$B$627,0))&" | ",""))&IF(L26="","",IFERROR(INDEX('Raw lists'!$B$2:$B$627,MATCH(L26,'Raw lists'!$B$2:$B$627,0))&" | ",""))&IF(M26="","",IFERROR(INDEX('Raw lists'!$B$2:$B$627,MATCH(M26,'Raw lists'!$B$2:$B$627,0))&" | ",""))&IF(N26="","",IFERROR(INDEX('Raw lists'!$B$2:$B$627,MATCH(N26,'Raw lists'!$B$2:$B$627,0))&" | ",""))&IF(O26="","",IFERROR(INDEX('Raw lists'!$B$2:$B$627,MATCH(O26,'Raw lists'!$B$2:$B$627,0))&" | ",""))&IF(P26="","",IFERROR(INDEX('Raw lists'!$B$2:$B$627,MATCH(P26,'Raw lists'!$B$2:$B$627,0))&" | ","")))-3)) -> Positive Crystals | E26: =IF(LEN(IF(K26="","",IFERROR(INDEX('Raw lists'!$C$2:$C$616,MATCH(K26,'Raw lists'!$C$2:$C$616,0))&" | ",""))&IF(L26="","",IFERROR(INDEX('Raw lists'!$C$2:$C$616,MATCH(L26,'Raw lists'!$C$2:$C$616,0))&" | ",""))&IF(M26="","",IFERROR(INDEX('Raw lists'!$C$2:$C$616,MATCH(M26,'Raw lists'!$C$2:$C$616,0))&" | ",""))&IF(N26="","",IFERROR(INDEX('Raw lists'!$C$2:$C$616,MATCH(N26,'Raw lists'!$C$2:$C$616,0))&" | ",""))&IF(O26="","",IFERROR(INDEX('Raw lists'!$C$2:$C$616,MATCH(O26,'Raw lists'!$C$2:$C$616,0))&" | ",""))&IF(P26="","",IFERROR(INDEX('Raw lists'!$C$2:$C$616,MATCH(P26,'Raw lists'!$C$2:$C$616,0))&" | ","")))=0,"",LEFT(IF(K26="","",IFERROR(INDEX('Raw lists'!$C$2:$C$616,MATCH(K26,'Raw lists'!$C$2:$C$616,0))&" | ",""))&IF(L26="","",IFERROR(INDEX('Raw lists'!$C$2:$C$616,MATCH(L26,'Raw lists'!$C$2:$C$616,0))&" | ",""))&IF(M26="","",IFERROR(INDEX('Raw lists'!$C$2:$C$616,MATCH(M26,'Raw lists'!$C$2:$C$616,0))&" | ",""))&IF(N26="","",IFERROR(INDEX('Raw lists'!$C$2:$C$616,MATCH(N26,'Raw lists'!$C$2:$C$616,0))&" | ",""))&IF(O26="","",IFERROR(INDEX('Raw lists'!$C$2:$C$616,MATCH(O26,'Raw lists'!$C$2:$C$616,0))&" | ",""))&IF(P26="","",IFERROR(INDEX('Raw lists'!$C$2:$C$616,MATCH(P26,'Raw lists'!$C$2:$C$616,0))&" | ","")),LEN(IF(K26="","",IFERROR(INDEX('Raw lists'!$C$2:$C$616,MATCH(K26,'Raw lists'!$C$2:$C$616,0))&" | ",""))&IF(L26="","",IFERROR(INDEX('Raw lists'!$C$2:$C$616,MATCH(L26,'Raw lists'!$C$2:$C$616,0))&" | ",""))&IF(M26="","",IFERROR(INDEX('Raw lists'!$C$2:$C$616,MATCH(M26,'Raw lists'!$C$2:$C$616,0))&" | ",""))&IF(N26="","",IFERROR(INDEX('Raw lists'!$C$2:$C$616,MATCH(N26,'Raw lists'!$C$2:$C$616,0))&" | ",""))&IF(O26="","",IFERROR(INDEX('Raw lists'!$C$2:$C$616,MATCH(O26,'Raw lists'!$C$2:$C$616,0))&" | ",""))&IF(P26="","",IFERROR(INDEX('Raw lists'!$C$2:$C$616,MATCH(P26,'Raw lists'!$C$2:$C$616,0))&" | ","")))-3)) -> Positive Crystals | F26: Core | G26: Crystals with vo > ve (μo < μe), such as quartz and ice. | H26: =COUNTIF(C26:E26,"?*") -> 3 | I26: =IF(H26=0,"None",IF(H26=3,"All three",IF(H26=1,"Only "&TRIM(IF(C26<>"","Gemini ","")&IF(D26<>"","RAKE ","")&IF(E26<>"","YAKE","")),SUBSTITUTE(TRIM(IF(C26<>"","Gemini ","")&IF(D26<>"","RAKE ","")&IF(E26<>"","YAKE",""))," "," + ")))) -> All three | K26: Positive Crystals
A27: 26 | B27: Negative crystals | C27: =IF(LEN(IF(K27="","",IFERROR(INDEX('Raw lists'!$A$2:$A$192,MATCH(K27,'Raw lists'!$A$2:$A$192,0))&" | ",""))&IF(L27="","",IFERROR(INDEX('Raw lists'!$A$2:$A$192,MATCH(L27,'Raw lists'!$A$2:$A$192,0))&" | ",""))&IF(M27="","",IFERROR(INDEX('Raw lists'!$A$2:$A$192,MATCH(M27,'Raw lists'!$A$2:$A$192,0))&" | ",""))&IF(N27="","",IFERROR(INDEX('Raw lists'!$A$2:$A$192,MATCH(N27,'Raw lists'!$A$2:$A$192,0))&" | ",""))&IF(O27="","",IFERROR(INDEX('Raw lists'!$A$2:$A$192,MATCH(O27,'Raw lists'!$A$2:$A$192,0))&" | ",""))&IF(P27="","",IFERROR(INDEX('Raw lists'!$A$2:$A$192,MATCH(P27,'Raw lists'!$A$2:$A$192,0))&" | ","")))=0,"",LEFT(IF(K27="","",IFERROR(INDEX('Raw lists'!$A$2:$A$192,MATCH(K27,'Raw lists'!$A$2:$A$192,0))&" | ",""))&IF(L27="","",IFERROR(INDEX('Raw lists'!$A$2:$A$192,MATCH(L27,'Raw lists'!$A$2:$A$192,0))&" | ",""))&IF(M27="","",IFERROR(INDEX('Raw lists'!$A$2:$A$192,MATCH(M27,'Raw lists'!$A$2:$A$192,0))&" | ",""))&IF(N27="","",IFERROR(INDEX('Raw lists'!$A$2:$A$192,MATCH(N27,'Raw lists'!$A$2:$A$192,0))&" | ",""))&IF(O27="","",IFERROR(INDEX('Raw lists'!$A$2:$A$192,MATCH(O27,'Raw lists'!$A$2:$A$192,0))&" | ",""))&IF(P27="","",IFERROR(INDEX('Raw lists'!$A$2:$A$192,MATCH(P27,'Raw lists'!$A$2:$A$192,0))&" | ","")),LEN(IF(K27="","",IFERROR(INDEX('Raw lists'!$A$2:$A$192,MATCH(K27,'Raw lists'!$A$2:$A$192,0))&" | ",""))&IF(L27="","",IFERROR(INDEX('Raw lists'!$A$2:$A$192,MATCH(L27,'Raw lists'!$A$2:$A$192,0))&" | ",""))&IF(M27="","",IFERROR(INDEX('Raw lists'!$A$2:$A$192,MATCH(M27,'Raw lists'!$A$2:$A$192,0))&" | ",""))&IF(N27="","",IFERROR(INDEX('Raw lists'!$A$2:$A$192,MATCH(N27,'Raw lists'!$A$2:$A$192,0))&" | ",""))&IF(O27="","",IFERROR(INDEX('Raw lists'!$A$2:$A$192,MATCH(O27,'Raw lists'!$A$2:$A$192,0))&" | ",""))&IF(P27="","",IFERROR(INDEX('Raw lists'!$A$2:$A$192,MATCH(P27,'Raw lists'!$A$2:$A$192,0))&" | ","")))-3)) -> Negative Crystals | D27: =IF(LEN(IF(K27="","",IFERROR(INDEX('Raw lists'!$B$2:$B$627,MATCH(K27,'Raw lists'!$B$2:$B$627,0))&" | ",""))&IF(L27="","",IFERROR(INDEX('Raw lists'!$B$2:$B$627,MATCH(L27,'Raw lists'!$B$2:$B$627,0))&" | ",""))&IF(M27="","",IFERROR(INDEX('Raw lists'!$B$2:$B$627,MATCH(M27,'Raw lists'!$B$2:$B$627,0))&" | ",""))&IF(N27="","",IFERROR(INDEX('Raw lists'!$B$2:$B$627,MATCH(N27,'Raw lists'!$B$2:$B$627,0))&" | ",""))&IF(O27="","",IFERROR(INDEX('Raw lists'!$B$2:$B$627,MATCH(O27,'Raw lists'!$B$2:$B$627,0))&" | ",""))&IF(P27="","",IFERROR(INDEX('Raw lists'!$B$2:$B$627,MATCH(P27,'Raw lists'!$B$2:$B$627,0))&" | ","")))=0,"",LEFT(IF(K27="","",IFERROR(INDEX('Raw lists'!$B$2:$B$627,MATCH(K27,'Raw lists'!$B$2:$B$627,0))&" | ",""))&IF(L27="","",IFERROR(INDEX('Raw lists'!$B$2:$B$627,MATCH(L27,'Raw lists'!$B$2:$B$627,0))&" | ",""))&IF(M27="","",IFERROR(INDEX('Raw lists'!$B$2:$B$627,MATCH(M27,'Raw lists'!$B$2:$B$627,0))&" | ",""))&IF(N27="","",IFERROR(INDEX('Raw lists'!$B$2:$B$627,MATCH(N27,'Raw lists'!$B$2:$B$627,0))&" | ",""))&IF(O27="","",IFERROR(INDEX('Raw lists'!$B$2:$B$627,MATCH(O27,'Raw lists'!$B$2:$B$627,0))&" | ",""))&IF(P27="","",IFERROR(INDEX('Raw lists'!$B$2:$B$627,MATCH(P27,'Raw lists'!$B$2:$B$627,0))&" | ","")),LEN(IF(K27="","",IFERROR(INDEX('Raw lists'!$B$2:$B$627,MATCH(K27,'Raw lists'!$B$2:$B$627,0))&" | ",""))&IF(L27="","",IFERROR(INDEX('Raw lists'!$B$2:$B$627,MATCH(L27,'Raw lists'!$B$2:$B$627,0))&" | ",""))&IF(M27="","",IFERROR(INDEX('Raw lists'!$B$2:$B$627,MATCH(M27,'Raw lists'!$B$2:$B$627,0))&" | ",""))&IF(N27="","",IFERROR(INDEX('Raw lists'!$B$2:$B$627,MATCH(N27,'Raw lists'!$B$2:$B$627,0))&" | ",""))&IF(O27="","",IFERROR(INDEX('Raw lists'!$B$2:$B$627,MATCH(O27,'Raw lists'!$B$2:$B$627,0))&" | ",""))&IF(P27="","",IFERROR(INDEX('Raw lists'!$B$2:$B$627,MATCH(P27,'Raw lists'!$B$2:$B$627,0))&" | ","")))-3)) -> Negative Crystals | E27: =IF(LEN(IF(K27="","",IFERROR(INDEX('Raw lists'!$C$2:$C$616,MATCH(K27,'Raw lists'!$C$2:$C$616,0))&" | ",""))&IF(L27="","",IFERROR(INDEX('Raw lists'!$C$2:$C$616,MATCH(L27,'Raw lists'!$C$2:$C$616,0))&" | ",""))&IF(M27="","",IFERROR(INDEX('Raw lists'!$C$2:$C$616,MATCH(M27,'Raw lists'!$C$2:$C$616,0))&" | ",""))&IF(N27="","",IFERROR(INDEX('Raw lists'!$C$2:$C$616,MATCH(N27,'Raw lists'!$C$2:$C$616,0))&" | ",""))&IF(O27="","",IFERROR(INDEX('Raw lists'!$C$2:$C$616,MATCH(O27,'Raw lists'!$C$2:$C$616,0))&" | ",""))&IF(P27="","",IFERROR(INDEX('Raw lists'!$C$2:$C$616,MATCH(P27,'Raw lists'!$C$2:$C$616,0))&" | ","")))=0,"",LEFT(IF(K27="","",IFERROR(INDEX('Raw lists'!$C$2:$C$616,MATCH(K27,'Raw lists'!$C$2:$C$616,0))&" | ",""))&IF(L27="","",IFERROR(INDEX('Raw lists'!$C$2:$C$616,MATCH(L27,'Raw lists'!$C$2:$C$616,0))&" | ",""))&IF(M27="","",IFERROR(INDEX('Raw lists'!$C$2:$C$616,MATCH(M27,'Raw lists'!$C$2:$C$616,0))&" | ",""))&IF(N27="","",IFERROR(INDEX('Raw lists'!$C$2:$C$616,MATCH(N27,'Raw lists'!$C$2:$C$616,0))&" | ",""))&IF(O27="","",IFERROR(INDEX('Raw lists'!$C$2:$C$616,MATCH(O27,'Raw lists'!$C$2:$C$616,0))&" | ",""))&IF(P27="","",IFERROR(INDEX('Raw lists'!$C$2:$C$616,MATCH(P27,'Raw lists'!$C$2:$C$616,0))&" | ","")),LEN(IF(K27="","",IFERROR(INDEX('Raw lists'!$C$2:$C$616,MATCH(K27,'Raw lists'!$C$2:$C$616,0))&" | ",""))&IF(L27="","",IFERROR(INDEX('Raw lists'!$C$2:$C$616,MATCH(L27,'Raw lists'!$C$2:$C$616,0))&" | ",""))&IF(M27="","",IFERROR(INDEX('Raw lists'!$C$2:$C$616,MATCH(M27,'Raw lists'!$C$2:$C$616,0))&" | ",""))&IF(N27="","",IFERROR(INDEX('Raw lists'!$C$2:$C$616,MATCH(N27,'Raw lists'!$C$2:$C$616,0))&" | ",""))&IF(O27="","",IFERROR(INDEX('Raw lists'!$C$2:$C$616,MATCH(O27,'Raw lists'!$C$2:$C$616,0))&" | ",""))&IF(P27="","",IFERROR(INDEX('Raw lists'!$C$2:$C$616,MATCH(P27,'Raw lists'!$C$2:$C$616,0))&" | ","")))-3)) -> Negative Crystals | F27: Core | G27: Crystals with ve > vo (μe < μo), such as calcite and tourmaline. | H27: =COUNTIF(C27:E27,"?*") -> 3 | I27: =IF(H27=0,"None",IF(H27=3,"All three",IF(H27=1,"Only "&TRIM(IF(C27<>"","Gemini ","")&IF(D27<>"","RAKE ","")&IF(E27<>"","YAKE","")),SUBSTITUTE(TRIM(IF(C27<>"","Gemini ","")&IF(D27<>"","RAKE ","")&IF(E27<>"","YAKE",""))," "," + ")))) -> All three | K27: Negative Crystals
A28: 27 | B28: Quartz | C28: =IF(LEN(IF(K28="","",IFERROR(INDEX('Raw lists'!$A$2:$A$192,MATCH(K28,'Raw lists'!$A$2:$A$192,0))&" | ",""))&IF(L28="","",IFERROR(INDEX('Raw lists'!$A$2:$A$192,MATCH(L28,'Raw lists'!$A$2:$A$192,0))&" | ",""))&IF(M28="","",IFERROR(INDEX('Raw lists'!$A$2:$A$192,MATCH(M28,'Raw lists'!$A$2:$A$192,0))&" | ",""))&IF(N28="","",IFERROR(INDEX('Raw lists'!$A$2:$A$192,MATCH(N28,'Raw lists'!$A$2:$A$192,0))&" | ",""))&IF(O28="","",IFERROR(INDEX('Raw lists'!$A$2:$A$192,MATCH(O28,'Raw lists'!$A$2:$A$192,0))&" | ",""))&IF(P28="","",IFERROR(INDEX('Raw lists'!$A$2:$A$192,MATCH(P28,'Raw lists'!$A$2:$A$192,0))&" | ","")))=0,"",LEFT(IF(K28="","",IFERROR(INDEX('Raw lists'!$A$2:$A$192,MATCH(K28,'Raw lists'!$A$2:$A$192,0))&" | ",""))&IF(L28="","",IFERROR(INDEX('Raw lists'!$A$2:$A$192,MATCH(L28,'Raw lists'!$A$2:$A$192,0))&" | ",""))&IF(M28="","",IFERROR(INDEX('Raw lists'!$A$2:$A$192,MATCH(M28,'Raw lists'!$A$2:$A$192,0))&" | ",""))&IF(N28="","",IFERROR(INDEX('Raw lists'!$A$2:$A$192,MATCH(N28,'Raw lists'!$A$2:$A$192,0))&" | ",""))&IF(O28="","",IFERROR(INDEX('Raw lists'!$A$2:$A$192,MATCH(O28,'Raw lists'!$A$2:$A$192,0))&" | ",""))&IF(P28="","",IFERROR(INDEX('Raw lists'!$A$2:$A$192,MATCH(P28,'Raw lists'!$A$2:$A$192,0))&" | ","")),LEN(IF(K28="","",IFERROR(INDEX('Raw lists'!$A$2:$A$192,MATCH(K28,'Raw lists'!$A$2:$A$192,0))&" | ",""))&IF(L28="","",IFERROR(INDEX('Raw lists'!$A$2:$A$192,MATCH(L28,'Raw lists'!$A$2:$A$192,0))&" | ",""))&IF(M28="","",IFERROR(INDEX('Raw lists'!$A$2:$A$192,MATCH(M28,'Raw lists'!$A$2:$A$192,0))&" | ",""))&IF(N28="","",IFERROR(INDEX('Raw lists'!$A$2:$A$192,MATCH(N28,'Raw lists'!$A$2:$A$192,0))&" | ",""))&IF(O28="","",IFERROR(INDEX('Raw lists'!$A$2:$A$192,MATCH(O28,'Raw lists'!$A$2:$A$192,0))&" | ",""))&IF(P28="","",IFERROR(INDEX('Raw lists'!$A$2:$A$192,MATCH(P28,'Raw lists'!$A$2:$A$192,0))&" | ","")))-3)) | D28: =IF(LEN(IF(K28="","",IFERROR(INDEX('Raw lists'!$B$2:$B$627,MATCH(K28,'Raw lists'!$B$2:$B$627,0))&" | ",""))&IF(L28="","",IFERROR(INDEX('Raw lists'!$B$2:$B$627,MATCH(L28,'Raw lists'!$B$2:$B$627,0))&" | ",""))&IF(M28="","",IFERROR(INDEX('Raw lists'!$B$2:$B$627,MATCH(M28,'Raw lists'!$B$2:$B$627,0))&" | ",""))&IF(N28="","",IFERROR(INDEX('Raw lists'!$B$2:$B$627,MATCH(N28,'Raw lists'!$B$2:$B$627,0))&" | ",""))&IF(O28="","",IFERROR(INDEX('Raw lists'!$B$2:$B$627,MATCH(O28,'Raw lists'!$B$2:$B$627,0))&" | ",""))&IF(P28="","",IFERROR(INDEX('Raw lists'!$B$2:$B$627,MATCH(P28,'Raw lists'!$B$2:$B$627,0))&" | ","")))=0,"",LEFT(IF(K28="","",IFERROR(INDEX('Raw lists'!$B$2:$B$627,MATCH(K28,'Raw lists'!$B$2:$B$627,0))&" | ",""))&IF(L28="","",IFERROR(INDEX('Raw lists'!$B$2:$B$627,MATCH(L28,'Raw lists'!$B$2:$B$627,0))&" | ",""))&IF(M28="","",IFERROR(INDEX('Raw lists'!$B$2:$B$627,MATCH(M28,'Raw lists'!$B$2:$B$627,0))&" | ",""))&IF(N28="","",IFERROR(INDEX('Raw lists'!$B$2:$B$627,MATCH(N28,'Raw lists'!$B$2:$B$627,0))&" | ",""))&IF(O28="","",IFERROR(INDEX('Raw lists'!$B$2:$B$627,MATCH(O28,'Raw lists'!$B$2:$B$627,0))&" | ",""))&IF(P28="","",IFERROR(INDEX('Raw lists'!$B$2:$B$627,MATCH(P28,'Raw lists'!$B$2:$B$627,0))&" | ","")),LEN(IF(K28="","",IFERROR(INDEX('Raw lists'!$B$2:$B$627,MATCH(K28,'Raw lists'!$B$2:$B$627,0))&" | ",""))&IF(L28="","",IFERROR(INDEX('Raw lists'!$B$2:$B$627,MATCH(L28,'Raw lists'!$B$2:$B$627,0))&" | ",""))&IF(M28="","",IFERROR(INDEX('Raw lists'!$B$2:$B$627,MATCH(M28,'Raw lists'!$B$2:$B$627,0))&" | ",""))&IF(N28="","",IFERROR(INDEX('Raw lists'!$B$2:$B$627,MATCH(N28,'Raw lists'!$B$2:$B$627,0))&" | ",""))&IF(O28="","",IFERROR(INDEX('Raw lists'!$B$2:$B$627,MATCH(O28,'Raw lists'!$B$2:$B$627,0))&" | ",""))&IF(P28="","",IFERROR(INDEX('Raw lists'!$B$2:$B$627,MATCH(P28,'Raw lists'!$B$2:$B$627,0))&" | ","")))-3)) -> Quartz | E28: =IF(LEN(IF(K28="","",IFERROR(INDEX('Raw lists'!$C$2:$C$616,MATCH(K28,'Raw lists'!$C$2:$C$616,0))&" | ",""))&IF(L28="","",IFERROR(INDEX('Raw lists'!$C$2:$C$616,MATCH(L28,'Raw lists'!$C$2:$C$616,0))&" | ",""))&IF(M28="","",IFERROR(INDEX('Raw lists'!$C$2:$C$616,MATCH(M28,'Raw lists'!$C$2:$C$616,0))&" | ",""))&IF(N28="","",IFERROR(INDEX('Raw lists'!$C$2:$C$616,MATCH(N28,'Raw lists'!$C$2:$C$616,0))&" | ",""))&IF(O28="","",IFERROR(INDEX('Raw lists'!$C$2:$C$616,MATCH(O28,'Raw lists'!$C$2:$C$616,0))&" | ",""))&IF(P28="","",IFERROR(INDEX('Raw lists'!$C$2:$C$616,MATCH(P28,'Raw lists'!$C$2:$C$616,0))&" | ","")))=0,"",LEFT(IF(K28="","",IFERROR(INDEX('Raw lists'!$C$2:$C$616,MATCH(K28,'Raw lists'!$C$2:$C$616,0))&" | ",""))&IF(L28="","",IFERROR(INDEX('Raw lists'!$C$2:$C$616,MATCH(L28,'Raw lists'!$C$2:$C$616,0))&" | ",""))&IF(M28="","",IFERROR(INDEX('Raw lists'!$C$2:$C$616,MATCH(M28,'Raw lists'!$C$2:$C$616,0))&" | ",""))&IF(N28="","",IFERROR(INDEX('Raw lists'!$C$2:$C$616,MATCH(N28,'Raw lists'!$C$2:$C$616,0))&" | ",""))&IF(O28="","",IFERROR(INDEX('Raw lists'!$C$2:$C$616,MATCH(O28,'Raw lists'!$C$2:$C$616,0))&" | ",""))&IF(P28="","",IFERROR(INDEX('Raw lists'!$C$2:$C$616,MATCH(P28,'Raw lists'!$C$2:$C$616,0))&" | ","")),LEN(IF(K28="","",IFERROR(INDEX('Raw lists'!$C$2:$C$616,MATCH(K28,'Raw lists'!$C$2:$C$616,0))&" | ",""))&IF(L28="","",IFERROR(INDEX('Raw lists'!$C$2:$C$616,MATCH(L28,'Raw lists'!$C$2:$C$616,0))&" | ",""))&IF(M28="","",IFERROR(INDEX('Raw lists'!$C$2:$C$616,MATCH(M28,'Raw lists'!$C$2:$C$616,0))&" | ",""))&IF(N28="","",IFERROR(INDEX('Raw lists'!$C$2:$C$616,MATCH(N28,'Raw lists'!$C$2:$C$616,0))&" | ",""))&IF(O28="","",IFERROR(INDEX('Raw lists'!$C$2:$C$616,MATCH(O28,'Raw lists'!$C$2:$C$616,0))&" | ",""))&IF(P28="","",IFERROR(INDEX('Raw lists'!$C$2:$C$616,MATCH(P28,'Raw lists'!$C$2:$C$616,0))&" | ","")))-3)) | F28: Example | G28: Example of a positive crystal. | H28: =COUNTIF(C28:E28,"?*") -> 1 | I28: =IF(H28=0,"None",IF(H28=3,"All three",IF(H28=1,"Only "&TRIM(IF(C28<>"","Gemini ","")&IF(D28<>"","RAKE ","")&IF(E28<>"","YAKE","")),SUBSTITUTE(TRIM(IF(C28<>"","Gemini ","")&IF(D28<>"","RAKE ","")&IF(E28<>"","YAKE",""))," "," + ")))) -> Only RAKE | K28: Quartz
A29: 28 | B29: Ice | C29: =IF(LEN(IF(K29="","",IFERROR(INDEX('Raw lists'!$A$2:$A$192,MATCH(K29,'Raw lists'!$A$2:$A$192,0))&" | ",""))&IF(L29="","",IFERROR(INDEX('Raw lists'!$A$2:$A$192,MATCH(L29,'Raw lists'!$A$2:$A$192,0))&" | ",""))&IF(M29="","",IFERROR(INDEX('Raw lists'!$A$2:$A$192,MATCH(M29,'Raw lists'!$A$2:$A$192,0))&" | ",""))&IF(N29="","",IFERROR(INDEX('Raw lists'!$A$2:$A$192,MATCH(N29,'Raw lists'!$A$2:$A$192,0))&" | ",""))&IF(O29="","",IFERROR(INDEX('Raw lists'!$A$2:$A$192,MATCH(O29,'Raw lists'!$A$2:$A$192,0))&" | ",""))&IF(P29="","",IFERROR(INDEX('Raw lists'!$A$2:$A$192,MATCH(P29,'Raw lists'!$A$2:$A$192,0))&" | ","")))=0,"",LEFT(IF(K29="","",IFERROR(INDEX('Raw lists'!$A$2:$A$192,MATCH(K29,'Raw lists'!$A$2:$A$192,0))&" | ",""))&IF(L29="","",IFERROR(INDEX('Raw lists'!$A$2:$A$192,MATCH(L29,'Raw lists'!$A$2:$A$192,0))&" | ",""))&IF(M29="","",IFERROR(INDEX('Raw lists'!$A$2:$A$192,MATCH(M29,'Raw lists'!$A$2:$A$192,0))&" | ",""))&IF(N29="","",IFERROR(INDEX('Raw lists'!$A$2:$A$192,MATCH(N29,'Raw lists'!$A$2:$A$192,0))&" | ",""))&IF(O29="","",IFERROR(INDEX('Raw lists'!$A$2:$A$192,MATCH(O29,'Raw lists'!$A$2:$A$192,0))&" | ",""))&IF(P29="","",IFERROR(INDEX('Raw lists'!$A$2:$A$192,MATCH(P29,'Raw lists'!$A$2:$A$192,0))&" | ","")),LEN(IF(K29="","",IFERROR(INDEX('Raw lists'!$A$2:$A$192,MATCH(K29,'Raw lists'!$A$2:$A$192,0))&" | ",""))&IF(L29="","",IFERROR(INDEX('Raw lists'!$A$2:$A$192,MATCH(L29,'Raw lists'!$A$2:$A$192,0))&" | ",""))&IF(M29="","",IFERROR(INDEX('Raw lists'!$A$2:$A$192,MATCH(M29,'Raw lists'!$A$2:$A$192,0))&" | ",""))&IF(N29="","",IFERROR(INDEX('Raw lists'!$A$2:$A$192,MATCH(N29,'Raw lists'!$A$2:$A$192,0))&" | ",""))&IF(O29="","",IFERROR(INDEX('Raw lists'!$A$2:$A$192,MATCH(O29,'Raw lists'!$A$2:$A$192,0))&" | ",""))&IF(P29="","",IFERROR(INDEX('Raw lists'!$A$2:$A$192,MATCH(P29,'Raw lists'!$A$2:$A$192,0))&" | ","")))-3)) | D29: =IF(LEN(IF(K29="","",IFERROR(INDEX('Raw lists'!$B$2:$B$627,MATCH(K29,'Raw lists'!$B$2:$B$627,0))&" | ",""))&IF(L29="","",IFERROR(INDEX('Raw lists'!$B$2:$B$627,MATCH(L29,'Raw lists'!$B$2:$B$627,0))&" | ",""))&IF(M29="","",IFERROR(INDEX('Raw lists'!$B$2:$B$627,MATCH(M29,'Raw lists'!$B$2:$B$627,0))&" | ",""))&IF(N29="","",IFERROR(INDEX('Raw lists'!$B$2:$B$627,MATCH(N29,'Raw lists'!$B$2:$B$627,0))&" | ",""))&IF(O29="","",IFERROR(INDEX('Raw lists'!$B$2:$B$627,MATCH(O29,'Raw lists'!$B$2:$B$627,0))&" | ",""))&IF(P29="","",IFERROR(INDEX('Raw lists'!$B$2:$B$627,MATCH(P29,'Raw lists'!$B$2:$B$627,0))&" | ","")))=0,"",LEFT(IF(K29="","",IFERROR(INDEX('Raw lists'!$B$2:$B$627,MATCH(K29,'Raw lists'!$B$2:$B$627,0))&" | ",""))&IF(L29="","",IFERROR(INDEX('Raw lists'!$B$2:$B$627,MATCH(L29,'Raw lists'!$B$2:$B$627,0))&" | ",""))&IF(M29="","",IFERROR(INDEX('Raw lists'!$B$2:$B$627,MATCH(M29,'Raw lists'!$B$2:$B$627,0))&" | ",""))&IF(N29="","",IFERROR(INDEX('Raw lists'!$B$2:$B$627,MATCH(N29,'Raw lists'!$B$2:$B$627,0))&" | ",""))&IF(O29="","",IFERROR(INDEX('Raw lists'!$B$2:$B$627,MATCH(O29,'Raw lists'!$B$2:$B$627,0))&" | ",""))&IF(P29="","",IFERROR(INDEX('Raw lists'!$B$2:$B$627,MATCH(P29,'Raw lists'!$B$2:$B$627,0))&" | ","")),LEN(IF(K29="","",IFERROR(INDEX('Raw lists'!$B$2:$B$627,MATCH(K29,'Raw lists'!$B$2:$B$627,0))&" | ",""))&IF(L29="","",IFERROR(INDEX('Raw lists'!$B$2:$B$627,MATCH(L29,'Raw lists'!$B$2:$B$627,0))&" | ",""))&IF(M29="","",IFERROR(INDEX('Raw lists'!$B$2:$B$627,MATCH(M29,'Raw lists'!$B$2:$B$627,0))&" | ",""))&IF(N29="","",IFERROR(INDEX('Raw lists'!$B$2:$B$627,MATCH(N29,'Raw lists'!$B$2:$B$627,0))&" | ",""))&IF(O29="","",IFERROR(INDEX('Raw lists'!$B$2:$B$627,MATCH(O29,'Raw lists'!$B$2:$B$627,0))&" | ",""))&IF(P29="","",IFERROR(INDEX('Raw lists'!$B$2:$B$627,MATCH(P29,'Raw lists'!$B$2:$B$627,0))&" | ","")))-3)) -> Ice | E29: =IF(LEN(IF(K29="","",IFERROR(INDEX('Raw lists'!$C$2:$C$616,MATCH(K29,'Raw lists'!$C$2:$C$616,0))&" | ",""))&IF(L29="","",IFERROR(INDEX('Raw lists'!$C$2:$C$616,MATCH(L29,'Raw lists'!$C$2:$C$616,0))&" | ",""))&IF(M29="","",IFERROR(INDEX('Raw lists'!$C$2:$C$616,MATCH(M29,'Raw lists'!$C$2:$C$616,0))&" | ",""))&IF(N29="","",IFERROR(INDEX('Raw lists'!$C$2:$C$616,MATCH(N29,'Raw lists'!$C$2:$C$616,0))&" | ",""))&IF(O29="","",IFERROR(INDEX('Raw lists'!$C$2:$C$616,MATCH(O29,'Raw lists'!$C$2:$C$616,0))&" | ",""))&IF(P29="","",IFERROR(INDEX('Raw lists'!$C$2:$C$616,MATCH(P29,'Raw lists'!$C$2:$C$616,0))&" | ","")))=0,"",LEFT(IF(K29="","",IFERROR(INDEX('Raw lists'!$C$2:$C$616,MATCH(K29,'Raw lists'!$C$2:$C$616,0))&" | ",""))&IF(L29="","",IFERROR(INDEX('Raw lists'!$C$2:$C$616,MATCH(L29,'Raw lists'!$C$2:$C$616,0))&" | ",""))&IF(M29="","",IFERROR(INDEX('Raw lists'!$C$2:$C$616,MATCH(M29,'Raw lists'!$C$2:$C$616,0))&" | ",""))&IF(N29="","",IFERROR(INDEX('Raw lists'!$C$2:$C$616,MATCH(N29,'Raw lists'!$C$2:$C$616,0))&" | ",""))&IF(O29="","",IFERROR(INDEX('Raw lists'!$C$2:$C$616,MATCH(O29,'Raw lists'!$C$2:$C$616,0))&" | ",""))&IF(P29="","",IFERROR(INDEX('Raw lists'!$C$2:$C$616,MATCH(P29,'Raw lists'!$C$2:$C$616,0))&" | ","")),LEN(IF(K29="","",IFERROR(INDEX('Raw lists'!$C$2:$C$616,MATCH(K29,'Raw lists'!$C$2:$C$616,0))&" | ",""))&IF(L29="","",IFERROR(INDEX('Raw lists'!$C$2:$C$616,MATCH(L29,'Raw lists'!$C$2:$C$616,0))&" | ",""))&IF(M29="","",IFERROR(INDEX('Raw lists'!$C$2:$C$616,MATCH(M29,'Raw lists'!$C$2:$C$616,0))&" | ",""))&IF(N29="","",IFERROR(INDEX('Raw lists'!$C$2:$C$616,MATCH(N29,'Raw lists'!$C$2:$C$616,0))&" | ",""))&IF(O29="","",IFERROR(INDEX('Raw lists'!$C$2:$C$616,MATCH(O29,'Raw lists'!$C$2:$C$616,0))&" | ",""))&IF(P29="","",IFERROR(INDEX('Raw lists'!$C$2:$C$616,MATCH(P29,'Raw lists'!$C$2:$C$616,0))&" | ","")))-3)) | F29: Example | G29: Example of a positive crystal. | H29: =COUNTIF(C29:E29,"?*") -> 1 | I29: =IF(H29=0,"None",IF(H29=3,"All three",IF(H29=1,"Only "&TRIM(IF(C29<>"","Gemini ","")&IF(D29<>"","RAKE ","")&IF(E29<>"","YAKE","")),SUBSTITUTE(TRIM(IF(C29<>"","Gemini ","")&IF(D29<>"","RAKE ","")&IF(E29<>"","YAKE",""))," "," + ")))) -> Only RAKE | K29: Ice
A30: 29 | B30: Nicol prism | C30: =IF(LEN(IF(K30="","",IFERROR(INDEX('Raw lists'!$A$2:$A$192,MATCH(K30,'Raw lists'!$A$2:$A$192,0))&" | ",""))&IF(L30="","",IFERROR(INDEX('Raw lists'!$A$2:$A$192,MATCH(L30,'Raw lists'!$A$2:$A$192,0))&" | ",""))&IF(M30="","",IFERROR(INDEX('Raw lists'!$A$2:$A$192,MATCH(M30,'Raw lists'!$A$2:$A$192,0))&" | ",""))&IF(N30="","",IFERROR(INDEX('Raw lists'!$A$2:$A$192,MATCH(N30,'Raw lists'!$A$2:$A$192,0))&" | ",""))&IF(O30="","",IFERROR(INDEX('Raw lists'!$A$2:$A$192,MATCH(O30,'Raw lists'!$A$2:$A$192,0))&" | ",""))&IF(P30="","",IFERROR(INDEX('Raw lists'!$A$2:$A$192,MATCH(P30,'Raw lists'!$A$2:$A$192,0))&" | ","")))=0,"",LEFT(IF(K30="","",IFERROR(INDEX('Raw lists'!$A$2:$A$192,MATCH(K30,'Raw lists'!$A$2:$A$192,0))&" | ",""))&IF(L30="","",IFERROR(INDEX('Raw lists'!$A$2:$A$192,MATCH(L30,'Raw lists'!$A$2:$A$192,0))&" | ",""))&IF(M30="","",IFERROR(INDEX('Raw lists'!$A$2:$A$192,MATCH(M30,'Raw lists'!$A$2:$A$192,0))&" | ",""))&IF(N30="","",IFERROR(INDEX('Raw lists'!$A$2:$A$192,MATCH(N30,'Raw lists'!$A$2:$A$192,0))&" | ",""))&IF(O30="","",IFERROR(INDEX('Raw lists'!$A$2:$A$192,MATCH(O30,'Raw lists'!$A$2:$A$192,0))&" | ",""))&IF(P30="","",IFERROR(INDEX('Raw lists'!$A$2:$A$192,MATCH(P30,'Raw lists'!$A$2:$A$192,0))&" | ","")),LEN(IF(K30="","",IFERROR(INDEX('Raw lists'!$A$2:$A$192,MATCH(K30,'Raw lists'!$A$2:$A$192,0))&" | ",""))&IF(L30="","",IFERROR(INDEX('Raw lists'!$A$2:$A$192,MATCH(L30,'Raw lists'!$A$2:$A$192,0))&" | ",""))&IF(M30="","",IFERROR(INDEX('Raw lists'!$A$2:$A$192,MATCH(M30,'Raw lists'!$A$2:$A$192,0))&" | ",""))&IF(N30="","",IFERROR(INDEX('Raw lists'!$A$2:$A$192,MATCH(N30,'Raw lists'!$A$2:$A$192,0))&" | ",""))&IF(O30="","",IFERROR(INDEX('Raw lists'!$A$2:$A$192,MATCH(O30,'Raw lists'!$A$2:$A$192,0))&" | ",""))&IF(P30="","",IFERROR(INDEX('Raw lists'!$A$2:$A$192,MATCH(P30,'Raw lists'!$A$2:$A$192,0))&" | ","")))-3)) -> Nicol Prism | D30: =IF(LEN(IF(K30="","",IFERROR(INDEX('Raw lists'!$B$2:$B$627,MATCH(K30,'Raw lists'!$B$2:$B$627,0))&" | ",""))&IF(L30="","",IFERROR(INDEX('Raw lists'!$B$2:$B$627,MATCH(L30,'Raw lists'!$B$2:$B$627,0))&" | ",""))&IF(M30="","",IFERROR(INDEX('Raw lists'!$B$2:$B$627,MATCH(M30,'Raw lists'!$B$2:$B$627,0))&" | ",""))&IF(N30="","",IFERROR(INDEX('Raw lists'!$B$2:$B$627,MATCH(N30,'Raw lists'!$B$2:$B$627,0))&" | ",""))&IF(O30="","",IFERROR(INDEX('Raw lists'!$B$2:$B$627,MATCH(O30,'Raw lists'!$B$2:$B$627,0))&" | ",""))&IF(P30="","",IFERROR(INDEX('Raw lists'!$B$2:$B$627,MATCH(P30,'Raw lists'!$B$2:$B$627,0))&" | ","")))=0,"",LEFT(IF(K30="","",IFERROR(INDEX('Raw lists'!$B$2:$B$627,MATCH(K30,'Raw lists'!$B$2:$B$627,0))&" | ",""))&IF(L30="","",IFERROR(INDEX('Raw lists'!$B$2:$B$627,MATCH(L30,'Raw lists'!$B$2:$B$627,0))&" | ",""))&IF(M30="","",IFERROR(INDEX('Raw lists'!$B$2:$B$627,MATCH(M30,'Raw lists'!$B$2:$B$627,0))&" | ",""))&IF(N30="","",IFERROR(INDEX('Raw lists'!$B$2:$B$627,MATCH(N30,'Raw lists'!$B$2:$B$627,0))&" | ",""))&IF(O30="","",IFERROR(INDEX('Raw lists'!$B$2:$B$627,MATCH(O30,'Raw lists'!$B$2:$B$627,0))&" | ",""))&IF(P30="","",IFERROR(INDEX('Raw lists'!$B$2:$B$627,MATCH(P30,'Raw lists'!$B$2:$B$627,0))&" | ","")),LEN(IF(K30="","",IFERROR(INDEX('Raw lists'!$B$2:$B$627,MATCH(K30,'Raw lists'!$B$2:$B$627,0))&" | ",""))&IF(L30="","",IFERROR(INDEX('Raw lists'!$B$2:$B$627,MATCH(L30,'Raw lists'!$B$2:$B$627,0))&" | ",""))&IF(M30="","",IFERROR(INDEX('Raw lists'!$B$2:$B$627,MATCH(M30,'Raw lists'!$B$2:$B$627,0))&" | ",""))&IF(N30="","",IFERROR(INDEX('Raw lists'!$B$2:$B$627,MATCH(N30,'Raw lists'!$B$2:$B$627,0))&" | ",""))&IF(O30="","",IFERROR(INDEX('Raw lists'!$B$2:$B$627,MATCH(O30,'Raw lists'!$B$2:$B$627,0))&" | ",""))&IF(P30="","",IFERROR(INDEX('Raw lists'!$B$2:$B$627,MATCH(P30,'Raw lists'!$B$2:$B$627,0))&" | ","")))-3)) -> Nicol Prism | Nicol | E30: =IF(LEN(IF(K30="","",IFERROR(INDEX('Raw lists'!$C$2:$C$616,MATCH(K30,'Raw lists'!$C$2:$C$616,0))&" | ",""))&IF(L30="","",IFERROR(INDEX('Raw lists'!$C$2:$C$616,MATCH(L30,'Raw lists'!$C$2:$C$616,0))&" | ",""))&IF(M30="","",IFERROR(INDEX('Raw lists'!$C$2:$C$616,MATCH(M30,'Raw lists'!$C$2:$C$616,0))&" | ",""))&IF(N30="","",IFERROR(INDEX('Raw lists'!$C$2:$C$616,MATCH(N30,'Raw lists'!$C$2:$C$616,0))&" | ",""))&IF(O30="","",IFERROR(INDEX('Raw lists'!$C$2:$C$616,MATCH(O30,'Raw lists'!$C$2:$C$616,0))&" | ",""))&IF(P30="","",IFERROR(INDEX('Raw lists'!$C$2:$C$616,MATCH(P30,'Raw lists'!$C$2:$C$616,0))&" | ","")))=0,"",LEFT(IF(K30="","",IFERROR(INDEX('Raw lists'!$C$2:$C$616,MATCH(K30,'Raw lists'!$C$2:$C$616,0))&" | ",""))&IF(L30="","",IFERROR(INDEX('Raw lists'!$C$2:$C$616,MATCH(L30,'Raw lists'!$C$2:$C$616,0))&" | ",""))&IF(M30="","",IFERROR(INDEX('Raw lists'!$C$2:$C$616,MATCH(M30,'Raw lists'!$C$2:$C$616,0))&" | ",""))&IF(N30="","",IFERROR(INDEX('Raw lists'!$C$2:$C$616,MATCH(N30,'Raw lists'!$C$2:$C$616,0))&" | ",""))&IF(O30="","",IFERROR(INDEX('Raw lists'!$C$2:$C$616,MATCH(O30,'Raw lists'!$C$2:$C$616,0))&" | ",""))&IF(P30="","",IFERROR(INDEX('Raw lists'!$C$2:$C$616,MATCH(P30,'Raw lists'!$C$2:$C$616,0))&" | ","")),LEN(IF(K30="","",IFERROR(INDEX('Raw lists'!$C$2:$C$616,MATCH(K30,'Raw lists'!$C$2:$C$616,0))&" | ",""))&IF(L30="","",IFERROR(INDEX('Raw lists'!$C$2:$C$616,MATCH(L30,'Raw lists'!$C$2:$C$616,0))&" | ",""))&IF(M30="","",IFERROR(INDEX('Raw lists'!$C$2:$C$616,MATCH(M30,'Raw lists'!$C$2:$C$616,0))&" | ",""))&IF(N30="","",IFERROR(INDEX('Raw lists'!$C$2:$C$616,MATCH(N30,'Raw lists'!$C$2:$C$616,0))&" | ",""))&IF(O30="","",IFERROR(INDEX('Raw lists'!$C$2:$C$616,MATCH(O30,'Raw lists'!$C$2:$C$616,0))&" | ",""))&IF(P30="","",IFERROR(INDEX('Raw lists'!$C$2:$C$616,MATCH(P30,'Raw lists'!$C$2:$C$616,0))&" | ","")))-3)) -> Nicol Prism | Nicol | F30: Core | G30: Calcite device for producing and analyzing plane-polarized light by eliminating the O-ray. | H30: =COUNTIF(C30:E30,"?*") -> 3 | I30: =IF(H30=0,"None",IF(H30=3,"All three",IF(H30=1,"Only "&TRIM(IF(C30<>"","Gemini ","")&IF(D30<>"","RAKE ","")&IF(E30<>"","YAKE","")),SUBSTITUTE(TRIM(IF(C30<>"","Gemini ","")&IF(D30<>"","RAKE ","")&IF(E30<>"","YAKE",""))," "," + ")))) -> All three | K30: Nicol Prism | L30: Nicol
A31: 30 | B31: Canada balsam | C31: =IF(LEN(IF(K31="","",IFERROR(INDEX('Raw lists'!$A$2:$A$192,MATCH(K31,'Raw lists'!$A$2:$A$192,0))&" | ",""))&IF(L31="","",IFERROR(INDEX('Raw lists'!$A$2:$A$192,MATCH(L31,'Raw lists'!$A$2:$A$192,0))&" | ",""))&IF(M31="","",IFERROR(INDEX('Raw lists'!$A$2:$A$192,MATCH(M31,'Raw lists'!$A$2:$A$192,0))&" | ",""))&IF(N31="","",IFERROR(INDEX('Raw lists'!$A$2:$A$192,MATCH(N31,'Raw lists'!$A$2:$A$192,0))&" | ",""))&IF(O31="","",IFERROR(INDEX('Raw lists'!$A$2:$A$192,MATCH(O31,'Raw lists'!$A$2:$A$192,0))&" | ",""))&IF(P31="","",IFERROR(INDEX('Raw lists'!$A$2:$A$192,MATCH(P31,'Raw lists'!$A$2:$A$192,0))&" | ","")))=0,"",LEFT(IF(K31="","",IFERROR(INDEX('Raw lists'!$A$2:$A$192,MATCH(K31,'Raw lists'!$A$2:$A$192,0))&" | ",""))&IF(L31="","",IFERROR(INDEX('Raw lists'!$A$2:$A$192,MATCH(L31,'Raw lists'!$A$2:$A$192,0))&" | ",""))&IF(M31="","",IFERROR(INDEX('Raw lists'!$A$2:$A$192,MATCH(M31,'Raw lists'!$A$2:$A$192,0))&" | ",""))&IF(N31="","",IFERROR(INDEX('Raw lists'!$A$2:$A$192,MATCH(N31,'Raw lists'!$A$2:$A$192,0))&" | ",""))&IF(O31="","",IFERROR(INDEX('Raw lists'!$A$2:$A$192,MATCH(O31,'Raw lists'!$A$2:$A$192,0))&" | ",""))&IF(P31="","",IFERROR(INDEX('Raw lists'!$A$2:$A$192,MATCH(P31,'Raw lists'!$A$2:$A$192,0))&" | ","")),LEN(IF(K31="","",IFERROR(INDEX('Raw lists'!$A$2:$A$192,MATCH(K31,'Raw lists'!$A$2:$A$192,0))&" | ",""))&IF(L31="","",IFERROR(INDEX('Raw lists'!$A$2:$A$192,MATCH(L31,'Raw lists'!$A$2:$A$192,0))&" | ",""))&IF(M31="","",IFERROR(INDEX('Raw lists'!$A$2:$A$192,MATCH(M31,'Raw lists'!$A$2:$A$192,0))&" | ",""))&IF(N31="","",IFERROR(INDEX('Raw lists'!$A$2:$A$192,MATCH(N31,'Raw lists'!$A$2:$A$192,0))&" | ",""))&IF(O31="","",IFERROR(INDEX('Raw lists'!$A$2:$A$192,MATCH(O31,'Raw lists'!$A$2:$A$192,0))&" | ",""))&IF(P31="","",IFERROR(INDEX('Raw lists'!$A$2:$A$192,MATCH(P31,'Raw lists'!$A$2:$A$192,0))&" | ","")))-3)) -> Canada Balsam | Canada Balsam Layer | D31: =IF(LEN(IF(K31="","",IFERROR(INDEX('Raw lists'!$B$2:$B$627,MATCH(K31,'Raw lists'!$B$2:$B$627,0))&" | ",""))&IF(L31="","",IFERROR(INDEX('Raw lists'!$B$2:$B$627,MATCH(L31,'Raw lists'!$B$2:$B$627,0))&" | ",""))&IF(M31="","",IFERROR(INDEX('Raw lists'!$B$2:$B$627,MATCH(M31,'Raw lists'!$B$2:$B$627,0))&" | ",""))&IF(N31="","",IFERROR(INDEX('Raw lists'!$B$2:$B$627,MATCH(N31,'Raw lists'!$B$2:$B$627,0))&" | ",""))&IF(O31="","",IFERROR(INDEX('Raw lists'!$B$2:$B$627,MATCH(O31,'Raw lists'!$B$2:$B$627,0))&" | ",""))&IF(P31="","",IFERROR(INDEX('Raw lists'!$B$2:$B$627,MATCH(P31,'Raw lists'!$B$2:$B$627,0))&" | ","")))=0,"",LEFT(IF(K31="","",IFERROR(INDEX('Raw lists'!$B$2:$B$627,MATCH(K31,'Raw lists'!$B$2:$B$627,0))&" | ",""))&IF(L31="","",IFERROR(INDEX('Raw lists'!$B$2:$B$627,MATCH(L31,'Raw lists'!$B$2:$B$627,0))&" | ",""))&IF(M31="","",IFERROR(INDEX('Raw lists'!$B$2:$B$627,MATCH(M31,'Raw lists'!$B$2:$B$627,0))&" | ",""))&IF(N31="","",IFERROR(INDEX('Raw lists'!$B$2:$B$627,MATCH(N31,'Raw lists'!$B$2:$B$627,0))&" | ",""))&IF(O31="","",IFERROR(INDEX('Raw lists'!$B$2:$B$627,MATCH(O31,'Raw lists'!$B$2:$B$627,0))&" | ",""))&IF(P31="","",IFERROR(INDEX('Raw lists'!$B$2:$B$627,MATCH(P31,'Raw lists'!$B$2:$B$627,0))&" | ","")),LEN(IF(K31="","",IFERROR(INDEX('Raw lists'!$B$2:$B$627,MATCH(K31,'Raw lists'!$B$2:$B$627,0))&" | ",""))&IF(L31="","",IFERROR(INDEX('Raw lists'!$B$2:$B$627,MATCH(L31,'Raw lists'!$B$2:$B$627,0))&" | ",""))&IF(M31="","",IFERROR(INDEX('Raw lists'!$B$2:$B$627,MATCH(M31,'Raw lists'!$B$2:$B$627,0))&" | ",""))&IF(N31="","",IFERROR(INDEX('Raw lists'!$B$2:$B$627,MATCH(N31,'Raw lists'!$B$2:$B$627,0))&" | ",""))&IF(O31="","",IFERROR(INDEX('Raw lists'!$B$2:$B$627,MATCH(O31,'Raw lists'!$B$2:$B$627,0))&" | ",""))&IF(P31="","",IFERROR(INDEX('Raw lists'!$B$2:$B$627,MATCH(P31,'Raw lists'!$B$2:$B$627,0))&" | ","")))-3)) -> Canada Balsam | Canada Balsam Layer | Canada Balsam Surface | E31: =IF(LEN(IF(K31="","",IFERROR(INDEX('Raw lists'!$C$2:$C$616,MATCH(K31,'Raw lists'!$C$2:$C$616,0))&" | ",""))&IF(L31="","",IFERROR(INDEX('Raw lists'!$C$2:$C$616,MATCH(L31,'Raw lists'!$C$2:$C$616,0))&" | ",""))&IF(M31="","",IFERROR(INDEX('Raw lists'!$C$2:$C$616,MATCH(M31,'Raw lists'!$C$2:$C$616,0))&" | ",""))&IF(N31="","",IFERROR(INDEX('Raw lists'!$C$2:$C$616,MATCH(N31,'Raw lists'!$C$2:$C$616,0))&" | ",""))&IF(O31="","",IFERROR(INDEX('Raw lists'!$C$2:$C$616,MATCH(O31,'Raw lists'!$C$2:$C$616,0))&" | ",""))&IF(P31="","",IFERROR(INDEX('Raw lists'!$C$2:$C$616,MATCH(P31,'Raw lists'!$C$2:$C$616,0))&" | ","")))=0,"",LEFT(IF(K31="","",IFERROR(INDEX('Raw lists'!$C$2:$C$616,MATCH(K31,'Raw lists'!$C$2:$C$616,0))&" | ",""))&IF(L31="","",IFERROR(INDEX('Raw lists'!$C$2:$C$616,MATCH(L31,'Raw lists'!$C$2:$C$616,0))&" | ",""))&IF(M31="","",IFERROR(INDEX('Raw lists'!$C$2:$C$616,MATCH(M31,'Raw lists'!$C$2:$C$616,0))&" | ",""))&IF(N31="","",IFERROR(INDEX('Raw lists'!$C$2:$C$616,MATCH(N31,'Raw lists'!$C$2:$C$616,0))&" | ",""))&IF(O31="","",IFERROR(INDEX('Raw lists'!$C$2:$C$616,MATCH(O31,'Raw lists'!$C$2:$C$616,0))&" | ",""))&IF(P31="","",IFERROR(INDEX('Raw lists'!$C$2:$C$616,MATCH(P31,'Raw lists'!$C$2:$C$616,0))&" | ","")),LEN(IF(K31="","",IFERROR(INDEX('Raw lists'!$C$2:$C$616,MATCH(K31,'Raw lists'!$C$2:$C$616,0))&" | ",""))&IF(L31="","",IFERROR(INDEX('Raw lists'!$C$2:$C$616,MATCH(L31,'Raw lists'!$C$2:$C$616,0))&" | ",""))&IF(M31="","",IFERROR(INDEX('Raw lists'!$C$2:$C$616,MATCH(M31,'Raw lists'!$C$2:$C$616,0))&" | ",""))&IF(N31="","",IFERROR(INDEX('Raw lists'!$C$2:$C$616,MATCH(N31,'Raw lists'!$C$2:$C$616,0))&" | ",""))&IF(O31="","",IFERROR(INDEX('Raw lists'!$C$2:$C$616,MATCH(O31,'Raw lists'!$C$2:$C$616,0))&" | ",""))&IF(P31="","",IFERROR(INDEX('Raw lists'!$C$2:$C$616,MATCH(P31,'Raw lists'!$C$2:$C$616,0))&" | ","")))-3)) -> Canada Balsam | Canada Balsam Layer | Canada Balsam Surface | F31: Core | G31: Cement layer in the Nicol prism whose refractive index lies between those of the O-ray and E-ray. | H31: =COUNTIF(C31:E31,"?*") -> 3 | I31: =IF(H31=0,"None",IF(H31=3,"All three",IF(H31=1,"Only "&TRIM(IF(C31<>"","Gemini ","")&IF(D31<>"","RAKE ","")&IF(E31<>"","YAKE","")),SUBSTITUTE(TRIM(IF(C31<>"","Gemini ","")&IF(D31<>"","RAKE ","")&IF(E31<>"","YAKE",""))," "," + ")))) -> All three | K31: Canada Balsam | L31: Canada Balsam Layer | M31: Canada Balsam Surface
A32: 31 | B32: Critical angle | C32: =IF(LEN(IF(K32="","",IFERROR(INDEX('Raw lists'!$A$2:$A$192,MATCH(K32,'Raw lists'!$A$2:$A$192,0))&" | ",""))&IF(L32="","",IFERROR(INDEX('Raw lists'!$A$2:$A$192,MATCH(L32,'Raw lists'!$A$2:$A$192,0))&" | ",""))&IF(M32="","",IFERROR(INDEX('Raw lists'!$A$2:$A$192,MATCH(M32,'Raw lists'!$A$2:$A$192,0))&" | ",""))&IF(N32="","",IFERROR(INDEX('Raw lists'!$A$2:$A$192,MATCH(N32,'Raw lists'!$A$2:$A$192,0))&" | ",""))&IF(O32="","",IFERROR(INDEX('Raw lists'!$A$2:$A$192,MATCH(O32,'Raw lists'!$A$2:$A$192,0))&" | ",""))&IF(P32="","",IFERROR(INDEX('Raw lists'!$A$2:$A$192,MATCH(P32,'Raw lists'!$A$2:$A$192,0))&" | ","")))=0,"",LEFT(IF(K32="","",IFERROR(INDEX('Raw lists'!$A$2:$A$192,MATCH(K32,'Raw lists'!$A$2:$A$192,0))&" | ",""))&IF(L32="","",IFERROR(INDEX('Raw lists'!$A$2:$A$192,MATCH(L32,'Raw lists'!$A$2:$A$192,0))&" | ",""))&IF(M32="","",IFERROR(INDEX('Raw lists'!$A$2:$A$192,MATCH(M32,'Raw lists'!$A$2:$A$192,0))&" | ",""))&IF(N32="","",IFERROR(INDEX('Raw lists'!$A$2:$A$192,MATCH(N32,'Raw lists'!$A$2:$A$192,0))&" | ",""))&IF(O32="","",IFERROR(INDEX('Raw lists'!$A$2:$A$192,MATCH(O32,'Raw lists'!$A$2:$A$192,0))&" | ",""))&IF(P32="","",IFERROR(INDEX('Raw lists'!$A$2:$A$192,MATCH(P32,'Raw lists'!$A$2:$A$192,0))&" | ","")),LEN(IF(K32="","",IFERROR(INDEX('Raw lists'!$A$2:$A$192,MATCH(K32,'Raw lists'!$A$2:$A$192,0))&" | ",""))&IF(L32="","",IFERROR(INDEX('Raw lists'!$A$2:$A$192,MATCH(L32,'Raw lists'!$A$2:$A$192,0))&" | ",""))&IF(M32="","",IFERROR(INDEX('Raw lists'!$A$2:$A$192,MATCH(M32,'Raw lists'!$A$2:$A$192,0))&" | ",""))&IF(N32="","",IFERROR(INDEX('Raw lists'!$A$2:$A$192,MATCH(N32,'Raw lists'!$A$2:$A$192,0))&" | ",""))&IF(O32="","",IFERROR(INDEX('Raw lists'!$A$2:$A$192,MATCH(O32,'Raw lists'!$A$2:$A$192,0))&" | ",""))&IF(P32="","",IFERROR(INDEX('Raw lists'!$A$2:$A$192,MATCH(P32,'Raw lists'!$A$2:$A$192,0))&" | ","")))-3)) -> Critical Angle | D32: =IF(LEN(IF(K32="","",IFERROR(INDEX('Raw lists'!$B$2:$B$627,MATCH(K32,'Raw lists'!$B$2:$B$627,0))&" | ",""))&IF(L32="","",IFERROR(INDEX('Raw lists'!$B$2:$B$627,MATCH(L32,'Raw lists'!$B$2:$B$627,0))&" | ",""))&IF(M32="","",IFERROR(INDEX('Raw lists'!$B$2:$B$627,MATCH(M32,'Raw lists'!$B$2:$B$627,0))&" | ",""))&IF(N32="","",IFERROR(INDEX('Raw lists'!$B$2:$B$627,MATCH(N32,'Raw lists'!$B$2:$B$627,0))&" | ",""))&IF(O32="","",IFERROR(INDEX('Raw lists'!$B$2:$B$627,MATCH(O32,'Raw lists'!$B$2:$B$627,0))&" | ",""))&IF(P32="","",IFERROR(INDEX('Raw lists'!$B$2:$B$627,MATCH(P32,'Raw lists'!$B$2:$B$627,0))&" | ","")))=0,"",LEFT(IF(K32="","",IFERROR(INDEX('Raw lists'!$B$2:$B$627,MATCH(K32,'Raw lists'!$B$2:$B$627,0))&" | ",""))&IF(L32="","",IFERROR(INDEX('Raw lists'!$B$2:$B$627,MATCH(L32,'Raw lists'!$B$2:$B$627,0))&" | ",""))&IF(M32="","",IFERROR(INDEX('Raw lists'!$B$2:$B$627,MATCH(M32,'Raw lists'!$B$2:$B$627,0))&" | ",""))&IF(N32="","",IFERROR(INDEX('Raw lists'!$B$2:$B$627,MATCH(N32,'Raw lists'!$B$2:$B$627,0))&" | ",""))&IF(O32="","",IFERROR(INDEX('Raw lists'!$B$2:$B$627,MATCH(O32,'Raw lists'!$B$2:$B$627,0))&" | ",""))&IF(P32="","",IFERROR(INDEX('Raw lists'!$B$2:$B$627,MATCH(P32,'Raw lists'!$B$2:$B$627,0))&" | ","")),LEN(IF(K32="","",IFERROR(INDEX('Raw lists'!$B$2:$B$627,MATCH(K32,'Raw lists'!$B$2:$B$627,0))&" | ",""))&IF(L32="","",IFERROR(INDEX('Raw lists'!$B$2:$B$627,MATCH(L32,'Raw lists'!$B$2:$B$627,0))&" | ",""))&IF(M32="","",IFERROR(INDEX('Raw lists'!$B$2:$B$627,MATCH(M32,'Raw lists'!$B$2:$B$627,0))&" | ",""))&IF(N32="","",IFERROR(INDEX('Raw lists'!$B$2:$B$627,MATCH(N32,'Raw lists'!$B$2:$B$627,0))&" | ",""))&IF(O32="","",IFERROR(INDEX('Raw lists'!$B$2:$B$627,MATCH(O32,'Raw lists'!$B$2:$B$627,0))&" | ",""))&IF(P32="","",IFERROR(INDEX('Raw lists'!$B$2:$B$627,MATCH(P32,'Raw lists'!$B$2:$B$627,0))&" | ","")))-3)) -> Critical Angle | E32: =IF(LEN(IF(K32="","",IFERROR(INDEX('Raw lists'!$C$2:$C$616,MATCH(K32,'Raw lists'!$C$2:$C$616,0))&" | ",""))&IF(L32="","",IFERROR(INDEX('Raw lists'!$C$2:$C$616,MATCH(L32,'Raw lists'!$C$2:$C$616,0))&" | ",""))&IF(M32="","",IFERROR(INDEX('Raw lists'!$C$2:$C$616,MATCH(M32,'Raw lists'!$C$2:$C$616,0))&" | ",""))&IF(N32="","",IFERROR(INDEX('Raw lists'!$C$2:$C$616,MATCH(N32,'Raw lists'!$C$2:$C$616,0))&" | ",""))&IF(O32="","",IFERROR(INDEX('Raw lists'!$C$2:$C$616,MATCH(O32,'Raw lists'!$C$2:$C$616,0))&" | ",""))&IF(P32="","",IFERROR(INDEX('Raw lists'!$C$2:$C$616,MATCH(P32,'Raw lists'!$C$2:$C$616,0))&" | ","")))=0,"",LEFT(IF(K32="","",IFERROR(INDEX('Raw lists'!$C$2:$C$616,MATCH(K32,'Raw lists'!$C$2:$C$616,0))&" | ",""))&IF(L32="","",IFERROR(INDEX('Raw lists'!$C$2:$C$616,MATCH(L32,'Raw lists'!$C$2:$C$616,0))&" | ",""))&IF(M32="","",IFERROR(INDEX('Raw lists'!$C$2:$C$616,MATCH(M32,'Raw lists'!$C$2:$C$616,0))&" | ",""))&IF(N32="","",IFERROR(INDEX('Raw lists'!$C$2:$C$616,MATCH(N32,'Raw lists'!$C$2:$C$616,0))&" | ",""))&IF(O32="","",IFERROR(INDEX('Raw lists'!$C$2:$C$616,MATCH(O32,'Raw lists'!$C$2:$C$616,0))&" | ",""))&IF(P32="","",IFERROR(INDEX('Raw lists'!$C$2:$C$616,MATCH(P32,'Raw lists'!$C$2:$C$616,0))&" | ","")),LEN(IF(K32="","",IFERROR(INDEX('Raw lists'!$C$2:$C$616,MATCH(K32,'Raw lists'!$C$2:$C$616,0))&" | ",""))&IF(L32="","",IFERROR(INDEX('Raw lists'!$C$2:$C$616,MATCH(L32,'Raw lists'!$C$2:$C$616,0))&" | ",""))&IF(M32="","",IFERROR(INDEX('Raw lists'!$C$2:$C$616,MATCH(M32,'Raw lists'!$C$2:$C$616,0))&" | ",""))&IF(N32="","",IFERROR(INDEX('Raw lists'!$C$2:$C$616,MATCH(N32,'Raw lists'!$C$2:$C$616,0))&" | ",""))&IF(O32="","",IFERROR(INDEX('Raw lists'!$C$2:$C$616,MATCH(O32,'Raw lists'!$C$2:$C$616,0))&" | ",""))&IF(P32="","",IFERROR(INDEX('Raw lists'!$C$2:$C$616,MATCH(P32,'Raw lists'!$C$2:$C$616,0))&" | ","")))-3)) -> Critical Angle | F32: Core | G32: Angle of incidence beyond which total internal reflection occurs; sin C = 1/μ. | H32: =COUNTIF(C32:E32,"?*") -> 3 | I32: =IF(H32=0,"None",IF(H32=3,"All three",IF(H32=1,"Only "&TRIM(IF(C32<>"","Gemini ","")&IF(D32<>"","RAKE ","")&IF(E32<>"","YAKE","")),SUBSTITUTE(TRIM(IF(C32<>"","Gemini ","")&IF(D32<>"","RAKE ","")&IF(E32<>"","YAKE",""))," "," + ")))) -> All three | K32: Critical Angle
A33: 32 | B33: Total internal reflection | C33: =IF(LEN(IF(K33="","",IFERROR(INDEX('Raw lists'!$A$2:$A$192,MATCH(K33,'Raw lists'!$A$2:$A$192,0))&" | ",""))&IF(L33="","",IFERROR(INDEX('Raw lists'!$A$2:$A$192,MATCH(L33,'Raw lists'!$A$2:$A$192,0))&" | ",""))&IF(M33="","",IFERROR(INDEX('Raw lists'!$A$2:$A$192,MATCH(M33,'Raw lists'!$A$2:$A$192,0))&" | ",""))&IF(N33="","",IFERROR(INDEX('Raw lists'!$A$2:$A$192,MATCH(N33,'Raw lists'!$A$2:$A$192,0))&" | ",""))&IF(O33="","",IFERROR(INDEX('Raw lists'!$A$2:$A$192,MATCH(O33,'Raw lists'!$A$2:$A$192,0))&" | ",""))&IF(P33="","",IFERROR(INDEX('Raw lists'!$A$2:$A$192,MATCH(P33,'Raw lists'!$A$2:$A$192,0))&" | ","")))=0,"",LEFT(IF(K33="","",IFERROR(INDEX('Raw lists'!$A$2:$A$192,MATCH(K33,'Raw lists'!$A$2:$A$192,0))&" | ",""))&IF(L33="","",IFERROR(INDEX('Raw lists'!$A$2:$A$192,MATCH(L33,'Raw lists'!$A$2:$A$192,0))&" | ",""))&IF(M33="","",IFERROR(INDEX('Raw lists'!$A$2:$A$192,MATCH(M33,'Raw lists'!$A$2:$A$192,0))&" | ",""))&IF(N33="","",IFERROR(INDEX('Raw lists'!$A$2:$A$192,MATCH(N33,'Raw lists'!$A$2:$A$192,0))&" | ",""))&IF(O33="","",IFERROR(INDEX('Raw lists'!$A$2:$A$192,MATCH(O33,'Raw lists'!$A$2:$A$192,0))&" | ",""))&IF(P33="","",IFERROR(INDEX('Raw lists'!$A$2:$A$192,MATCH(P33,'Raw lists'!$A$2:$A$192,0))&" | ","")),LEN(IF(K33="","",IFERROR(INDEX('Raw lists'!$A$2:$A$192,MATCH(K33,'Raw lists'!$A$2:$A$192,0))&" | ",""))&IF(L33="","",IFERROR(INDEX('Raw lists'!$A$2:$A$192,MATCH(L33,'Raw lists'!$A$2:$A$192,0))&" | ",""))&IF(M33="","",IFERROR(INDEX('Raw lists'!$A$2:$A$192,MATCH(M33,'Raw lists'!$A$2:$A$192,0))&" | ",""))&IF(N33="","",IFERROR(INDEX('Raw lists'!$A$2:$A$192,MATCH(N33,'Raw lists'!$A$2:$A$192,0))&" | ",""))&IF(O33="","",IFERROR(INDEX('Raw lists'!$A$2:$A$192,MATCH(O33,'Raw lists'!$A$2:$A$192,0))&" | ",""))&IF(P33="","",IFERROR(INDEX('Raw lists'!$A$2:$A$192,MATCH(P33,'Raw lists'!$A$2:$A$192,0))&" | ","")))-3)) | D33: =IF(LEN(IF(K33="","",IFERROR(INDEX('Raw lists'!$B$2:$B$627,MATCH(K33,'Raw lists'!$B$2:$B$627,0))&" | ",""))&IF(L33="","",IFERROR(INDEX('Raw lists'!$B$2:$B$627,MATCH(L33,'Raw lists'!$B$2:$B$627,0))&" | ",""))&IF(M33="","",IFERROR(INDEX('Raw lists'!$B$2:$B$627,MATCH(M33,'Raw lists'!$B$2:$B$627,0))&" | ",""))&IF(N33="","",IFERROR(INDEX('Raw lists'!$B$2:$B$627,MATCH(N33,'Raw lists'!$B$2:$B$627,0))&" | ",""))&IF(O33="","",IFERROR(INDEX('Raw lists'!$B$2:$B$627,MATCH(O33,'Raw lists'!$B$2:$B$627,0))&" | ",""))&IF(P33="","",IFERROR(INDEX('Raw lists'!$B$2:$B$627,MATCH(P33,'Raw lists'!$B$2:$B$627,0))&" | ","")))=0,"",LEFT(IF(K33="","",IFERROR(INDEX('Raw lists'!$B$2:$B$627,MATCH(K33,'Raw lists'!$B$2:$B$627,0))&" | ",""))&IF(L33="","",IFERROR(INDEX('Raw lists'!$B$2:$B$627,MATCH(L33,'Raw lists'!$B$2:$B$627,0))&" | ",""))&IF(M33="","",IFERROR(INDEX('Raw lists'!$B$2:$B$627,MATCH(M33,'Raw lists'!$B$2:$B$627,0))&" | ",""))&IF(N33="","",IFERROR(INDEX('Raw lists'!$B$2:$B$627,MATCH(N33,'Raw lists'!$B$2:$B$627,0))&" | ",""))&IF(O33="","",IFERROR(INDEX('Raw lists'!$B$2:$B$627,MATCH(O33,'Raw lists'!$B$2:$B$627,0))&" | ",""))&IF(P33="","",IFERROR(INDEX('Raw lists'!$B$2:$B$627,MATCH(P33,'Raw lists'!$B$2:$B$627,0))&" | ","")),LEN(IF(K33="","",IFERROR(INDEX('Raw lists'!$B$2:$B$627,MATCH(K33,'Raw lists'!$B$2:$B$627,0))&" | ",""))&IF(L33="","",IFERROR(INDEX('Raw lists'!$B$2:$B$627,MATCH(L33,'Raw lists'!$B$2:$B$627,0))&" | ",""))&IF(M33="","",IFERROR(INDEX('Raw lists'!$B$2:$B$627,MATCH(M33,'Raw lists'!$B$2:$B$627,0))&" | ",""))&IF(N33="","",IFERROR(INDEX('Raw lists'!$B$2:$B$627,MATCH(N33,'Raw lists'!$B$2:$B$627,0))&" | ",""))&IF(O33="","",IFERROR(INDEX('Raw lists'!$B$2:$B$627,MATCH(O33,'Raw lists'!$B$2:$B$627,0))&" | ",""))&IF(P33="","",IFERROR(INDEX('Raw lists'!$B$2:$B$627,MATCH(P33,'Raw lists'!$B$2:$B$627,0))&" | ","")))-3)) -> Total Internal Reflection | Totally Internally Reflected | E33: =IF(LEN(IF(K33="","",IFERROR(INDEX('Raw lists'!$C$2:$C$616,MATCH(K33,'Raw lists'!$C$2:$C$616,0))&" | ",""))&IF(L33="","",IFERROR(INDEX('Raw lists'!$C$2:$C$616,MATCH(L33,'Raw lists'!$C$2:$C$616,0))&" | ",""))&IF(M33="","",IFERROR(INDEX('Raw lists'!$C$2:$C$616,MATCH(M33,'Raw lists'!$C$2:$C$616,0))&" | ",""))&IF(N33="","",IFERROR(INDEX('Raw lists'!$C$2:$C$616,MATCH(N33,'Raw lists'!$C$2:$C$616,0))&" | ",""))&IF(O33="","",IFERROR(INDEX('Raw lists'!$C$2:$C$616,MATCH(O33,'Raw lists'!$C$2:$C$616,0))&" | ",""))&IF(P33="","",IFERROR(INDEX('Raw lists'!$C$2:$C$616,MATCH(P33,'Raw lists'!$C$2:$C$616,0))&" | ","")))=0,"",LEFT(IF(K33="","",IFERROR(INDEX('Raw lists'!$C$2:$C$616,MATCH(K33,'Raw lists'!$C$2:$C$616,0))&" | ",""))&IF(L33="","",IFERROR(INDEX('Raw lists'!$C$2:$C$616,MATCH(L33,'Raw lists'!$C$2:$C$616,0))&" | ",""))&IF(M33="","",IFERROR(INDEX('Raw lists'!$C$2:$C$616,MATCH(M33,'Raw lists'!$C$2:$C$616,0))&" | ",""))&IF(N33="","",IFERROR(INDEX('Raw lists'!$C$2:$C$616,MATCH(N33,'Raw lists'!$C$2:$C$616,0))&" | ",""))&IF(O33="","",IFERROR(INDEX('Raw lists'!$C$2:$C$616,MATCH(O33,'Raw lists'!$C$2:$C$616,0))&" | ",""))&IF(P33="","",IFERROR(INDEX('Raw lists'!$C$2:$C$616,MATCH(P33,'Raw lists'!$C$2:$C$616,0))&" | ","")),LEN(IF(K33="","",IFERROR(INDEX('Raw lists'!$C$2:$C$616,MATCH(K33,'Raw lists'!$C$2:$C$616,0))&" | ",""))&IF(L33="","",IFERROR(INDEX('Raw lists'!$C$2:$C$616,MATCH(L33,'Raw lists'!$C$2:$C$616,0))&" | ",""))&IF(M33="","",IFERROR(INDEX('Raw lists'!$C$2:$C$616,MATCH(M33,'Raw lists'!$C$2:$C$616,0))&" | ",""))&IF(N33="","",IFERROR(INDEX('Raw lists'!$C$2:$C$616,MATCH(N33,'Raw lists'!$C$2:$C$616,0))&" | ",""))&IF(O33="","",IFERROR(INDEX('Raw lists'!$C$2:$C$616,MATCH(O33,'Raw lists'!$C$2:$C$616,0))&" | ",""))&IF(P33="","",IFERROR(INDEX('Raw lists'!$C$2:$C$616,MATCH(P33,'Raw lists'!$C$2:$C$616,0))&" | ","")))-3)) -> Total Internal Reflection | F33: Core | G33: Complete reflection when the angle of incidence exceeds the critical angle. | H33: =COUNTIF(C33:E33,"?*") -> 2 | I33: =IF(H33=0,"None",IF(H33=3,"All three",IF(H33=1,"Only "&TRIM(IF(C33<>"","Gemini ","")&IF(D33<>"","RAKE ","")&IF(E33<>"","YAKE","")),SUBSTITUTE(TRIM(IF(C33<>"","Gemini ","")&IF(D33<>"","RAKE ","")&IF(E33<>"","YAKE",""))," "," + ")))) -> RAKE + YAKE | K33: Total Internal Reflection | L33: Totally Internally Reflected
A34: 33 | B34: Rarer and denser medium | C34: =IF(LEN(IF(K34="","",IFERROR(INDEX('Raw lists'!$A$2:$A$192,MATCH(K34,'Raw lists'!$A$2:$A$192,0))&" | ",""))&IF(L34="","",IFERROR(INDEX('Raw lists'!$A$2:$A$192,MATCH(L34,'Raw lists'!$A$2:$A$192,0))&" | ",""))&IF(M34="","",IFERROR(INDEX('Raw lists'!$A$2:$A$192,MATCH(M34,'Raw lists'!$A$2:$A$192,0))&" | ",""))&IF(N34="","",IFERROR(INDEX('Raw lists'!$A$2:$A$192,MATCH(N34,'Raw lists'!$A$2:$A$192,0))&" | ",""))&IF(O34="","",IFERROR(INDEX('Raw lists'!$A$2:$A$192,MATCH(O34,'Raw lists'!$A$2:$A$192,0))&" | ",""))&IF(P34="","",IFERROR(INDEX('Raw lists'!$A$2:$A$192,MATCH(P34,'Raw lists'!$A$2:$A$192,0))&" | ","")))=0,"",LEFT(IF(K34="","",IFERROR(INDEX('Raw lists'!$A$2:$A$192,MATCH(K34,'Raw lists'!$A$2:$A$192,0))&" | ",""))&IF(L34="","",IFERROR(INDEX('Raw lists'!$A$2:$A$192,MATCH(L34,'Raw lists'!$A$2:$A$192,0))&" | ",""))&IF(M34="","",IFERROR(INDEX('Raw lists'!$A$2:$A$192,MATCH(M34,'Raw lists'!$A$2:$A$192,0))&" | ",""))&IF(N34="","",IFERROR(INDEX('Raw lists'!$A$2:$A$192,MATCH(N34,'Raw lists'!$A$2:$A$192,0))&" | ",""))&IF(O34="","",IFERROR(INDEX('Raw lists'!$A$2:$A$192,MATCH(O34,'Raw lists'!$A$2:$A$192,0))&" | ",""))&IF(P34="","",IFERROR(INDEX('Raw lists'!$A$2:$A$192,MATCH(P34,'Raw lists'!$A$2:$A$192,0))&" | ","")),LEN(IF(K34="","",IFERROR(INDEX('Raw lists'!$A$2:$A$192,MATCH(K34,'Raw lists'!$A$2:$A$192,0))&" | ",""))&IF(L34="","",IFERROR(INDEX('Raw lists'!$A$2:$A$192,MATCH(L34,'Raw lists'!$A$2:$A$192,0))&" | ",""))&IF(M34="","",IFERROR(INDEX('Raw lists'!$A$2:$A$192,MATCH(M34,'Raw lists'!$A$2:$A$192,0))&" | ",""))&IF(N34="","",IFERROR(INDEX('Raw lists'!$A$2:$A$192,MATCH(N34,'Raw lists'!$A$2:$A$192,0))&" | ",""))&IF(O34="","",IFERROR(INDEX('Raw lists'!$A$2:$A$192,MATCH(O34,'Raw lists'!$A$2:$A$192,0))&" | ",""))&IF(P34="","",IFERROR(INDEX('Raw lists'!$A$2:$A$192,MATCH(P34,'Raw lists'!$A$2:$A$192,0))&" | ","")))-3)) | D34: =IF(LEN(IF(K34="","",IFERROR(INDEX('Raw lists'!$B$2:$B$627,MATCH(K34,'Raw lists'!$B$2:$B$627,0))&" | ",""))&IF(L34="","",IFERROR(INDEX('Raw lists'!$B$2:$B$627,MATCH(L34,'Raw lists'!$B$2:$B$627,0))&" | ",""))&IF(M34="","",IFERROR(INDEX('Raw lists'!$B$2:$B$627,MATCH(M34,'Raw lists'!$B$2:$B$627,0))&" | ",""))&IF(N34="","",IFERROR(INDEX('Raw lists'!$B$2:$B$627,MATCH(N34,'Raw lists'!$B$2:$B$627,0))&" | ",""))&IF(O34="","",IFERROR(INDEX('Raw lists'!$B$2:$B$627,MATCH(O34,'Raw lists'!$B$2:$B$627,0))&" | ",""))&IF(P34="","",IFERROR(INDEX('Raw lists'!$B$2:$B$627,MATCH(P34,'Raw lists'!$B$2:$B$627,0))&" | ","")))=0,"",LEFT(IF(K34="","",IFERROR(INDEX('Raw lists'!$B$2:$B$627,MATCH(K34,'Raw lists'!$B$2:$B$627,0))&" | ",""))&IF(L34="","",IFERROR(INDEX('Raw lists'!$B$2:$B$627,MATCH(L34,'Raw lists'!$B$2:$B$627,0))&" | ",""))&IF(M34="","",IFERROR(INDEX('Raw lists'!$B$2:$B$627,MATCH(M34,'Raw lists'!$B$2:$B$627,0))&" | ",""))&IF(N34="","",IFERROR(INDEX('Raw lists'!$B$2:$B$627,MATCH(N34,'Raw lists'!$B$2:$B$627,0))&" | ",""))&IF(O34="","",IFERROR(INDEX('Raw lists'!$B$2:$B$627,MATCH(O34,'Raw lists'!$B$2:$B$627,0))&" | ",""))&IF(P34="","",IFERROR(INDEX('Raw lists'!$B$2:$B$627,MATCH(P34,'Raw lists'!$B$2:$B$627,0))&" | ","")),LEN(IF(K34="","",IFERROR(INDEX('Raw lists'!$B$2:$B$627,MATCH(K34,'Raw lists'!$B$2:$B$627,0))&" | ",""))&IF(L34="","",IFERROR(INDEX('Raw lists'!$B$2:$B$627,MATCH(L34,'Raw lists'!$B$2:$B$627,0))&" | ",""))&IF(M34="","",IFERROR(INDEX('Raw lists'!$B$2:$B$627,MATCH(M34,'Raw lists'!$B$2:$B$627,0))&" | ",""))&IF(N34="","",IFERROR(INDEX('Raw lists'!$B$2:$B$627,MATCH(N34,'Raw lists'!$B$2:$B$627,0))&" | ",""))&IF(O34="","",IFERROR(INDEX('Raw lists'!$B$2:$B$627,MATCH(O34,'Raw lists'!$B$2:$B$627,0))&" | ",""))&IF(P34="","",IFERROR(INDEX('Raw lists'!$B$2:$B$627,MATCH(P34,'Raw lists'!$B$2:$B$627,0))&" | ","")))-3)) -> Rarer Medium | Denser Medium | E34: =IF(LEN(IF(K34="","",IFERROR(INDEX('Raw lists'!$C$2:$C$616,MATCH(K34,'Raw lists'!$C$2:$C$616,0))&" | ",""))&IF(L34="","",IFERROR(INDEX('Raw lists'!$C$2:$C$616,MATCH(L34,'Raw lists'!$C$2:$C$616,0))&" | ",""))&IF(M34="","",IFERROR(INDEX('Raw lists'!$C$2:$C$616,MATCH(M34,'Raw lists'!$C$2:$C$616,0))&" | ",""))&IF(N34="","",IFERROR(INDEX('Raw lists'!$C$2:$C$616,MATCH(N34,'Raw lists'!$C$2:$C$616,0))&" | ",""))&IF(O34="","",IFERROR(INDEX('Raw lists'!$C$2:$C$616,MATCH(O34,'Raw lists'!$C$2:$C$616,0))&" | ",""))&IF(P34="","",IFERROR(INDEX('Raw lists'!$C$2:$C$616,MATCH(P34,'Raw lists'!$C$2:$C$616,0))&" | ","")))=0,"",LEFT(IF(K34="","",IFERROR(INDEX('Raw lists'!$C$2:$C$616,MATCH(K34,'Raw lists'!$C$2:$C$616,0))&" | ",""))&IF(L34="","",IFERROR(INDEX('Raw lists'!$C$2:$C$616,MATCH(L34,'Raw lists'!$C$2:$C$616,0))&" | ",""))&IF(M34="","",IFERROR(INDEX('Raw lists'!$C$2:$C$616,MATCH(M34,'Raw lists'!$C$2:$C$616,0))&" | ",""))&IF(N34="","",IFERROR(INDEX('Raw lists'!$C$2:$C$616,MATCH(N34,'Raw lists'!$C$2:$C$616,0))&" | ",""))&IF(O34="","",IFERROR(INDEX('Raw lists'!$C$2:$C$616,MATCH(O34,'Raw lists'!$C$2:$C$616,0))&" | ",""))&IF(P34="","",IFERROR(INDEX('Raw lists'!$C$2:$C$616,MATCH(P34,'Raw lists'!$C$2:$C$616,0))&" | ","")),LEN(IF(K34="","",IFERROR(INDEX('Raw lists'!$C$2:$C$616,MATCH(K34,'Raw lists'!$C$2:$C$616,0))&" | ",""))&IF(L34="","",IFERROR(INDEX('Raw lists'!$C$2:$C$616,MATCH(L34,'Raw lists'!$C$2:$C$616,0))&" | ",""))&IF(M34="","",IFERROR(INDEX('Raw lists'!$C$2:$C$616,MATCH(M34,'Raw lists'!$C$2:$C$616,0))&" | ",""))&IF(N34="","",IFERROR(INDEX('Raw lists'!$C$2:$C$616,MATCH(N34,'Raw lists'!$C$2:$C$616,0))&" | ",""))&IF(O34="","",IFERROR(INDEX('Raw lists'!$C$2:$C$616,MATCH(O34,'Raw lists'!$C$2:$C$616,0))&" | ",""))&IF(P34="","",IFERROR(INDEX('Raw lists'!$C$2:$C$616,MATCH(P34,'Raw lists'!$C$2:$C$616,0))&" | ","")))-3)) -> Rarer Medium | F34: Core | G34: Media of lower and higher refractive index, which decide whether total internal reflection can happen. | H34: =COUNTIF(C34:E34,"?*") -> 2 | I34: =IF(H34=0,"None",IF(H34=3,"All three",IF(H34=1,"Only "&TRIM(IF(C34<>"","Gemini ","")&IF(D34<>"","RAKE ","")&IF(E34<>"","YAKE","")),SUBSTITUTE(TRIM(IF(C34<>"","Gemini ","")&IF(D34<>"","RAKE ","")&IF(E34<>"","YAKE",""))," "," + ")))) -> RAKE + YAKE | K34: Rarer Medium | L34: Denser Medium
